df,dl,dr,v,w
0.55673033,0.5659708,0.6586957,0.0,0.21414842
2.3542724,2.5131881,2.5638123,0.4468482,0.08818976
1.0644561,2.0985363,0.5326836,0.040061984,-0.66048414
3.8568406,4.5322294,4.204085,0.5,-0.41043776
2.750585,2.7566645,3.4913812,0.5,0.7139124
0.80456495,0.7645222,0.53694755,0.015379674,-0.4263766
1.3254069,1.2028319,1.2365217,0.07243487,0.03942382
1.1969583,0.20233634,1.3642474,0.0405056,0.70542413
3.169262,4.1685147,3.2299435,0.48086584,-0.7111683
1.7240789,1.4666303,1.3567575,0.18149248,-0.14113373
3.390469,4.451776,3.7758896,0.49291727,-0.7277747
0.43219453,0.7338972,1.2596709,0.0,0.6840019
2.5820484,2.7096937,2.7289248,0.5,0.016558059
0.7296683,0.91318077,0.42954692,0.02962914,-0.7113491
0.75621885,1.5416675,0.35928705,0.010977851,-0.67487836
1.8594127,1.6690454,3.2564158,0.24210048,0.73720896
2.8376536,3.4038959,2.9436362,0.5,-0.5340438
3.3009274,3.5370638,3.777019,0.4871785,0.31986246
1.0246156,1.4243723,0.3543201,0.034011032,-0.7000677
2.6089919,0.920546,2.4248698,0.5,0.7598955
0.66815203,0.54625076,1.4149595,0.005768411,0.7159191
3.2330484,3.6280997,2.9220653,0.5,-0.6540555
0.6770434,0.2,0.47544828,0.0155072585,0.5061306
1.076093,1.991444,1.456756,0.045196656,-0.6833604
1.1846821,1.516649,1.0786463,0.025263952,-0.6195737
1.7229306,1.6747328,2.1742802,0.17866959,0.562453
2.414748,2.7098534,2.214017,0.45794046,-0.60358644
2.0818098,1.9785614,2.1936944,0.31863758,0.2768444
2.3761845,2.6111298,2.8611503,0.46758255,0.33784077
3.0729625,3.3563101,3.0857162,0.49400774,-0.38051084
2.5701172,3.446528,2.1478786,0.49749538,-0.70158255
1.256515,1.5907166,1.2163856,0.03683722,-0.49944708
2.6565733,2.2786875,2.3325524,0.49626973,0.0397454
1.21313,1.7123421,0.3363641,0.04516569,-0.7437198
1.6921763,2.271104,1.8536379,0.1820662,-0.5129028
2.3862402,1.7718102,2.6064894,0.4720936,0.6427209
2.1263058,1.6586903,2.8086052,0.3349906,0.7269115
2.5076303,3.6958241,2.241726,0.5,-0.732189
3.446479,0.4288874,3.6154256,0.5,0.7509641
2.5124543,0.8273422,3.411476,0.4915775,0.70200384
1.836662,2.0168524,2.1125247,0.21873315,0.09304051
0.8925999,0.77524984,1.626319,0.011412884,0.70193666
3.6529436,2.9444299,3.7907546,0.48809633,0.7478216
3.5985343,3.2186437,4.1254115,0.49908498,0.7143379
0.7670853,0.64928824,0.8410614,0.0072820387,0.32813698
0.89240384,0.85925865,0.38410527,0.016187157,-0.6986739
2.755029,2.5970116,3.3326168,0.5,0.7234766
2.883229,2.2418866,3.219298,0.49335864,0.673844
2.5464578,0.3457645,2.8251104,0.5,0.73033327
2.263648,3.0060513,2.0090315,0.41694078,-0.6804118
2.411936,2.217109,3.349114,0.46341744,0.69474417
2.2148757,2.2842448,2.8096442,0.37560394,0.657786
1.0519985,2.0139554,0.94313216,0.05765794,-0.69848704
3.3828933,3.2668965,4.324554,0.5,0.69358414
3.1243382,4.8326397,3.9621193,0.48785397,-0.6729952
0.66535383,1.3235756,0.78475946,0.0,-0.6952804
2.8209157,3.0534282,2.5520213,0.5,-0.5635499
2.8133082,2.9262419,3.274679,0.4887507,0.44402543
4.0417776,4.918774,4.069973,0.5,-0.7538248
3.1572206,3.0159407,4.6337776,0.5,0.7245125
3.0800626,3.1043174,2.7915487,0.5,-0.3913141
2.5941143,3.6809263,3.5949352,0.4968946,-0.114136636
2.370868,2.4031012,2.2847037,0.43965,-0.11123707
0.9102215,0.8475937,1.0076547,0.017072352,0.28888944
3.0018208,2.8008842,2.807105,0.49599078,-0.022824323
2.1327434,1.3339462,2.3270266,0.35083014,0.6831657
2.8268347,3.5873344,2.612918,0.49212372,-0.6709804
3.109449,3.3258898,3.2080276,0.47908488,-0.17099199
1.3489817,2.100396,0.9155565,0.047094867,-0.71669894
2.025668,2.1586347,1.2244996,0.31408015,-0.73013747
2.7883098,2.7989018,2.9214375,0.5,0.092779085
1.4301217,1.3366477,2.2882736,0.05478333,0.7217976
0.29757857,0.88210964,0.6887731,0.0076932423,-0.36570486
2.3978243,2.2964802,2.6046693,0.4587243,0.37699166
2.9294503,3.3199294,4.4421678,0.49707967,0.7251675
2.8982737,3.0872102,1.9407681,0.5,-0.71133304
3.511173,3.176809,3.8761945,0.4949645,0.73154795
2.6477654,2.6265986,2.3972204,0.5,-0.22766995
2.3574724,2.5565171,0.5084303,0.4629454,-0.68135226
0.9536493,0.96772254,0.7783441,0.025488304,-0.3021519
2.4051683,3.5776684,0.57854736,0.4598013,-0.70461404
3.0894337,3.335564,3.3309326,0.49609256,0.0068290937
1.0453279,1.1301788,1.1254538,0.033711866,-0.03251395
2.716161,2.7878659,2.5485902,0.49038312,-0.2825572
2.9188342,3.056834,2.4574506,0.4972616,-0.7294615
3.391553,3.2418995,3.918876,0.4968052,0.71630585
2.6376112,2.456028,2.6875622,0.5,0.2748515
3.4100745,3.8740358,3.001279,0.49751732,-0.7082029
2.1665182,3.1042354,1.5128019,0.3587898,-0.677694
2.6007977,2.5264301,2.8726811,0.5,0.3882129
2.2665176,2.709298,2.3475585,0.40660998,-0.43718123
3.0792952,2.940502,3.331915,0.49859765,0.4982876
1.9325552,2.2845702,3.4322293,0.24090256,0.6976758
2.4404278,1.9325066,2.9825525,0.49236822,0.64948887
1.4898399,1.2442833,1.6717958,0.08917726,0.48336276
2.940395,2.685717,2.3147242,0.5,-0.4283056
3.3701105,3.438359,4.2889557,0.5,0.68570864
3.1293724,2.7472,3.4203048,0.5,0.71387756
3.050777,2.1579666,4.441246,0.5,0.7156227
0.867706,0.32308072,0.5719335,0.009773815,0.4447527
0.7868154,0.90737617,0.37332776,0.005886816,-0.74631166
2.972812,2.7944384,3.870568,0.5,0.6597197
3.0403183,0.5337508,3.3482153,0.5,0.70669776
0.73060346,1.077611,1.5188751,0.0,0.6943338
1.1408681,0.93734825,0.7023935,0.038451865,-0.35220045
2.7049696,2.8348093,2.2473106,0.5,-0.6766356
2.421413,3.731775,2.0959113,0.44502005,-0.7161878
1.7133019,1.6686643,0.47317296,0.16619192,-0.74556863
1.8415796,1.9570805,0.6667048,0.22459204,-0.703884
1.1116171,1.501325,0.46014923,0.037471067,-0.76206225
3.151116,2.95893,3.3707185,0.5,0.5298869
2.5820162,2.520122,0.2765508,0.49463952,-0.72101754
4.3035164,4.4308333,4.0413737,0.5,-0.45266974
2.0324337,2.320983,2.5381293,0.32235697,0.2766567
2.8487606,2.597262,3.186961,0.5,0.692518
0.69667953,1.1933249,0.6105837,0.015642395,-0.71810037
0.48932543,1.4439386,1.6341467,0.0,0.35029638
2.9235122,2.2404244,3.292204,0.495205,0.6680602
3.2286313,3.6631248,3.643001,0.49345756,-0.043376222
2.5701334,2.7833023,0.45118806,0.5,-0.74308246
3.5685089,3.657818,4.782146,0.49427438,0.6825415
3.3479776,3.7555294,2.836333,0.5,-0.72951376
2.0824816,2.9340649,1.995428,0.3312642,-0.6640944
2.8065553,3.1366827,2.301372,0.499617,-0.7205294
1.6725645,2.3558939,1.5533944,0.1602697,-0.7379981
3.5265827,3.6747773,3.5214355,0.49870294,-0.1900661
2.7597916,3.1339524,2.5194921,0.5,-0.7198716
3.4238641,3.3116086,3.8626223,0.5,0.65982616
2.5328882,2.7466536,2.96307,0.4989343,0.30388153
1.5269951,1.5686551,1.6905216,0.093211666,0.19009982
4.185544,0.4745002,4.542228,0.4722306,0.7089617
1.2170258,0.6173976,2.3458562,0.05561721,0.75872236
2.0073764,1.6390641,1.0263097,0.2718367,-0.7349501
3.3000026,4.087263,2.7960575,0.49122617,-0.71791613
3.8052647,4.7011213,3.638495,0.5,-0.6860904
2.5163713,1.8028442,2.2225883,0.5,0.4890429
1.4943334,1.3352029,2.411785,0.08280823,0.70400673
2.7160802,2.5891557,2.7167652,0.498664,0.18299736
0.8905132,1.3095565,0.5745993,0.010778059,-0.6245146
2.144946,2.358468,1.8348459,0.34124488,-0.62968755
3.733786,4.1948724,3.5575094,0.5,-0.7440387
2.5229242,2.065317,2.3429258,0.48923028,0.36154544
1.0505735,1.4497072,0.86357105,0.035508536,-0.71181667
2.310186,2.300966,2.964301,0.42203444,0.6377726
3.2674136,3.0744503,3.307807,0.4974014,0.27019486
1.4105997,0.86293155,1.5633658,0.06319497,0.71481246
2.7472703,2.8038857,3.2772696,0.5,0.56663984
4.072847,4.18627,4.7127624,0.49253085,0.6416208
3.7811372,0.5427939,3.6992724,0.5,0.7267325
2.9648583,0.83030355,3.781034,0.5,0.71485746
0.8807714,2.0160708,0.54531753,0.03843042,-0.66996676
0.94669986,0.20491293,0.76627195,0.031520702,0.7553687
2.52081,2.698839,3.1462471,0.48990402,0.48270747
3.1298418,2.8158472,3.533882,0.5,0.72239244
3.665324,3.4212384,0.7986611,0.49136552,-0.74244523
1.8189623,1.7288814,1.8573841,0.23314676,0.13952553
2.8962247,3.6037314,3.1327922,0.49585265,-0.57619613
2.8079329,2.8298025,2.6928678,0.5,-0.16467226
2.657564,2.3181438,2.7620122,0.5,0.54520726
1.0152489,1.5583032,0.8149031,0.024131414,-0.69691974
2.774389,2.3530889,3.079588,0.4913635,0.7024901
0.6955785,1.7289342,1.6827724,0.012004014,-0.045961544
3.2483466,2.836765,3.4240122,0.5,0.7342347
2.9018939,2.9867084,3.490501,0.49454954,0.58189124
2.4686177,3.672723,2.709644,0.49001586,-0.71279365
2.0891273,2.1495135,2.8855603,0.33831683,0.67079335
1.2631719,1.7217296,2.2676578,0.06681278,0.7472431
0.72936535,0.87859476,0.6748574,0.020213593,-0.3487306
2.1710093,2.3499527,1.4894346,0.37793446,-0.7384302
0.9049615,0.74712265,0.53978765,0.03063422,-0.4026296
2.8477156,3.2235458,3.5407722,0.5,0.3594101
3.260689,4.1141148,3.6751988,0.49819854,-0.55839217
2.194309,1.3599564,1.9420054,0.35239232,0.6850681
0.6449114,0.4610597,1.6080592,0.01701479,0.7090112
3.2757256,3.2697403,3.3273478,0.49021626,0.11525523
2.690201,2.4715798,2.738009,0.5,0.3542839
2.4989736,3.0237846,2.535893,0.5,-0.59056115
1.1209694,1.0227047,1.9962478,0.049325693,0.67894924
0.50848496,0.74345994,0.37369275,0.011324718,-0.70460486
1.8213155,2.7757523,2.6718264,0.20808755,-0.0864444
1.1864227,0.44882774,1.6591127,0.041390773,0.7318021
1.0614268,1.3715135,1.9103998,0.03753779,0.75638926
3.648946,3.769879,4.202859,0.5,0.54642254
1.8019207,1.9275851,2.1126108,0.2120156,0.20629293
0.7374433,0.4483821,1.2964088,0.0070840493,0.7185136
2.4495423,2.5447092,2.7369816,0.47369134,0.21218595
1.4410318,1.5685531,1.264585,0.07711716,-0.39171278
3.0027614,3.0514734,3.5220735,0.5,0.5756552
1.4309485,1.9833724,1.5964432,0.0872377,-0.47109723
2.370185,2.0995405,3.2268164,0.46062627,0.7193684
0.8029733,0.2937863,1.5922937,0.009500494,0.71415615
2.3161411,1.5124927,2.7755535,0.43156496,0.7219042
2.0446835,2.2938638,2.7569134,0.32596323,0.52809674
0.24055278,0.8391997,0.71397275,0.0,-0.24301481
2.436333,0.64448017,2.9277885,0.46599293,0.7394098
2.3505268,1.9647735,2.1974823,0.43506527,0.3337758
3.2969012,4.478892,3.7024055,0.49653593,-0.6728977
0.86620784,1.7076347,1.3078008,0.02918564,-0.7000136
2.30873,3.1734998,2.718754,0.43337715,-0.54339397
3.1097856,3.5269938,3.4681077,0.5,-0.109085694
0.5217089,1.0715704,0.83054054,0.005603415,-0.4274633
0.8596673,0.90787876,2.1297276,0.027197117,0.6704075
2.483032,1.9836177,2.6805265,0.49671644,0.72058606
3.137454,2.596995,3.699977,0.5,0.6548921
3.1225727,3.3152163,3.2987406,0.5,0.017799396
2.5102541,3.1827006,2.8894105,0.5,-0.32505238
2.3079937,2.4280512,2.06358,0.42344144,-0.43139604
2.6096852,3.0928345,2.5304663,0.5,-0.6796107
3.027307,3.2174346,2.9845698,0.5,-0.27587888
2.0107396,2.361374,1.501376,0.28650764,-0.71943665
1.9318852,2.4482882,2.1361542,0.24860309,-0.35498503
3.4900215,4.369351,3.2986486,0.5,-0.7305668
2.1347682,2.510997,1.8389246,0.3443235,-0.6670566
0.5129413,1.6802548,1.7537535,0.0,0.14279191
2.4225752,2.5902288,3.2889853,0.46446905,0.71930707
2.4850667,3.391487,3.7593725,0.5,0.42236945
3.452003,3.9479399,3.642934,0.49331877,-0.34646234
2.4740677,1.7913035,2.6189058,0.47863388,0.65674776
0.84734666,1.7134391,1.2626362,0.015367141,-0.7323787
2.451628,2.1973295,2.857196,0.46961352,0.7008258
2.2596185,2.4134948,2.3593924,0.39910275,-0.038701776
2.1927402,2.840001,2.0755043,0.36660197,-0.6583098
2.3788853,0.77118176,2.7960372,0.4582271,0.6210448
1.3030066,1.4623358,0.7253355,0.06844563,-0.7262613
3.0769312,3.5156708,3.5820186,0.47845086,0.11019269
1.0118829,0.77895397,1.1236422,0.035368007,0.55678034
3.220802,3.2686894,3.8005,0.47884223,0.68089753
1.6384925,1.6846989,2.4440355,0.14710099,0.71017617
3.4194927,4.098177,3.9188457,0.5,-0.20283185
3.3487337,1.2228543,2.9717715,0.5,0.66638523
3.9898353,0.5063631,3.382829,0.5,0.673324
3.195407,3.4463823,2.6395853,0.496716,-0.6722991
0.6011314,0.53320116,0.5721264,0.0,0.12347442
3.3849313,0.5131278,2.8811755,0.49699494,0.7133005
0.84473145,1.9261167,1.1274468,0.037607264,-0.72160023
0.58557135,0.9654725,0.3658955,0.0102221705,-0.6867471
2.5645404,2.4678185,2.4884422,0.5,0.048192825
1.0415573,0.6653538,1.2443157,0.027036939,0.7434156
2.1193404,2.8066895,0.84928346,0.3291117,-0.69917196
2.0365124,2.018167,1.8642845,0.30657154,-0.14051591
0.8421009,0.63404816,0.8626695,0.026130859,0.4475333
1.0700368,1.432003,1.498178,0.036693092,0.11677897
2.1990235,2.7121549,2.3128154,0.3665463,-0.43821353
2.968998,3.0041215,3.0681937,0.5,0.027866319
3.4049003,3.1393461,4.0006585,0.5,0.73292553
1.077266,1.9845092,0.7927161,0.04504355,-0.6913347
2.817465,3.350356,3.442963,0.5,0.121955335
2.5390642,3.252578,3.8296328,0.5,0.7322632
3.5881772,0.66108876,3.9869916,0.48972517,0.7201517
2.5578606,2.420456,2.5861318,0.5,0.22001415
3.1256723,3.1174598,2.642438,0.4772067,-0.5994501
0.673816,0.2,0.6805918,0.00038469076,0.68966246
3.0891018,3.120264,3.4894047,0.5,0.49690452
1.9865713,1.912763,2.1929564,0.28026825,0.34024343
1.8916574,2.0174127,2.0167239,0.24431986,-0.0046705035
2.4275522,2.662621,2.5276399,0.47330347,-0.20956606
0.95221275,1.2787625,0.93304914,0.022035979,-0.5658272
2.864336,2.7997167,3.0698442,0.49111402,0.32644355
3.913618,3.5793476,3.6723623,0.47566736,0.08183587
2.8585563,2.2843456,3.1024113,0.5,0.7258492
2.3892019,2.6918025,2.6559865,0.45382425,-0.061878525
0.6535832,0.9092166,1.6242591,0.004324641,0.7753779
3.335094,2.7996407,3.1782668,0.5,0.46502525
2.6696799,3.5387475,3.155473,0.49139175,-0.43008685
0.37750927,0.97618544,0.69341505,0.0,-0.48458245
2.618256,2.2944207,2.684704,0.4982379,0.48855305
2.016546,2.3358598,1.8763305,0.3119579,-0.5347961
2.3309667,2.4989974,3.1652389,0.43501076,0.75220585
2.6321864,2.9459534,2.1747942,0.49382436,-0.68166953
2.0243664,2.341085,1.899127,0.29433706,-0.513449
2.2961423,2.885304,0.27528957,0.42518106,-0.66906613
2.1536133,3.153972,2.029937,0.3457251,-0.7559181
2.197598,2.468187,2.2830615,0.38172776,-0.22105068
1.985835,2.4791765,2.9334059,0.28398612,0.53937274
2.3057268,3.2854238,2.2754464,0.41783872,-0.6884793
2.024527,2.0006874,3.3357804,0.28801778,0.753007
2.871203,2.6449633,3.6312413,0.5,0.69945353
2.7197688,3.2543452,2.638735,0.5,-0.7680223
0.6412633,0.21612056,0.5603468,0.0,0.64150584
1.1419703,0.83077264,1.427901,0.062517904,0.6872677
3.008422,3.9606743,3.3041902,0.49955,-0.65413696
2.8718212,2.2372942,2.4682486,0.5,0.32771447
2.9838953,3.4631867,0.5910387,0.5,-0.71716654
2.8747756,2.334197,2.2656093,0.5,-0.06783671
2.6397638,3.0107021,3.7289076,0.5,0.648145
2.604541,3.6684582,2.8422737,0.5,-0.6442222
2.0084424,1.6715287,1.9971882,0.30931422,0.3825925
3.133874,2.2724953,2.944456,0.5,0.7299693
2.568684,3.0043528,2.5483048,0.5,-0.6039429
3.4250221,3.3574202,2.9376986,0.48373055,-0.48481214
0.77498597,0.9215731,0.99270105,0.009902732,0.09145971
2.2139552,2.6781428,2.7968237,0.37958932,0.12836213
1.1845956,1.6818593,2.2441366,0.04502715,0.6929325
1.083457,1.5746149,1.6078304,0.03916975,0.032810327
1.3840058,0.6334529,1.9480022,0.070730984,0.763272
0.70888484,1.1795905,1.5804703,0.0,0.6691563
0.78687865,0.915868,0.8897775,0.013273562,-0.07161013
0.88923883,0.8982163,0.38272095,0.013272917,-0.70259887
0.5215157,0.72511476,1.0928007,0.0,0.70537955
2.3616364,2.9286377,2.2826498,0.4306183,-0.7242122
1.1190699,1.0287467,1.2861756,0.0010114786,0.39721
2.3718855,2.691976,2.1203558,0.4379429,-0.67991024
2.4620264,2.4203613,3.2295883,0.4932003,0.75080585
1.3637303,0.42512915,1.9689003,0.07115987,0.7328428
0.5899443,1.3457427,0.21645792,0.0037669055,-0.71449417
1.886941,2.3884392,2.1950119,0.25456458,-0.25254342
2.9911673,3.3989956,3.7014582,0.48917803,0.3800154
2.3858528,2.1702383,2.5424402,0.4480789,0.4590425
3.7784379,3.8653522,3.9191542,0.5,0.049787313
2.508147,3.022839,3.1057844,0.4932783,0.14134306
2.900484,3.2231538,0.6540669,0.5,-0.69078946
2.4686356,0.7766728,2.6638703,0.49059576,0.67946357
1.6459074,1.9319139,2.226432,0.1393326,0.38810235
2.4902651,2.390112,2.1925218,0.49659583,-0.22532602
3.0784678,2.9748695,2.8954794,0.49823317,-0.06361707
2.9377763,2.682008,2.2347894,0.49720114,-0.5934386
2.471291,2.301923,3.664818,0.48423782,0.6511026
1.7638985,1.993152,2.0499723,0.19538838,0.09793063
2.9805777,2.9664402,3.7001057,0.5,0.66522515
0.5532054,1.5029863,0.21629727,0.0,-0.70593435
0.3483983,1.0445275,1.1846088,0.003924138,0.21695365
2.475378,3.0140069,2.5026982,0.48897204,-0.5720329
1.6398504,1.6495872,2.4202838,0.14649121,0.679939
2.9346182,3.5435214,3.0393205,0.4951114,-0.61759114
1.0698246,1.711323,1.1436704,0.030980574,-0.7111784
3.4821217,4.4189596,4.1640506,0.5,-0.2621946
0.5499986,0.7735914,0.81141466,0.007204798,0.10970112
2.5717828,2.7652018,0.64137197,0.5,-0.6605181
2.8486786,2.6757274,2.2198749,0.5,-0.53090256
2.232447,3.8044472,2.6301816,0.3832086,-0.69513893
2.2257602,2.3427377,2.3757553,0.39092922,0.026450649
2.5435467,3.3765948,2.8224597,0.5,-0.61569184
2.030598,2.3124397,2.3123922,0.32543907,0.008841772
0.924815,1.5886104,1.0422113,0.028281357,-0.6887852
3.803492,3.952337,4.151464,0.5,0.23073012
3.2560585,3.880594,3.8057315,0.5,-0.12090239
2.8500485,3.167955,2.978617,0.49216193,-0.21430573
3.5382564,4.6034126,4.0338416,0.5,-0.65587944
2.1274023,2.4679027,2.5523927,0.32943544,0.11764173
0.7252002,0.5627027,1.4470075,0.0,0.65530986
2.3455036,2.7534204,1.3769028,0.44783628,-0.6886913
1.0955278,1.2584208,1.0473206,0.027951071,-0.33366975
0.73740536,0.47077218,1.2347924,0.0,0.729084
1.5438873,0.68857,2.8401868,0.099592224,0.7237518
1.004502,0.89430696,1.7485894,0.04225183,0.710648
0.83984166,0.93864244,1.7241825,0.007680598,0.67815995
0.8969635,1.114129,2.4821937,0.0042339596,0.6603809
2.8952558,2.0647461,3.098532,0.5,0.6633225
1.990643,1.9555776,3.2285898,0.30700067,0.62061346
2.870761,3.6033738,3.4287508,0.48139986,-0.19886921
2.0426493,2.1718779,1.7480993,0.2882272,-0.5098761
2.7615063,1.9350896,2.0142534,0.49670836,0.072768934
3.430107,3.5730255,3.5066464,0.5,-0.0525521
2.8597038,3.296585,3.323593,0.48808742,0.0378068
2.333435,2.3809035,2.4512568,0.42059997,0.111797534
2.915574,2.9826062,0.64055365,0.5,-0.63723475
0.7389856,0.7105066,1.8498366,0.015637768,0.69963104
1.3678683,0.6222518,1.6000137,0.06552798,0.6960329
2.3322234,2.2005024,3.5149019,0.4547171,0.7274959
3.1011505,3.5503469,3.658343,0.5,0.15889479
0.79191536,0.8886334,1.4781604,0.0,0.6868729
2.8954973,0.56446034,2.982684,0.5,0.6589588
2.5396113,2.536527,2.7217345,0.49457878,0.22331984
2.11535,1.8316609,2.313256,0.34394935,0.60474694
3.513267,4.0168343,3.6796427,0.5,-0.3849391
2.2421775,0.5762115,2.693688,0.39379635,0.6811817
0.72067916,1.1596715,1.5873009,0.0,0.74654657
2.4909177,3.1671345,3.9428854,0.5,0.67698574
2.9848435,2.6256242,2.8208885,0.5,0.23073512
0.9082665,0.7154084,1.1018395,0.004836193,0.65064645
1.3217982,2.1520145,1.9633505,0.07850195,-0.24653122
3.4083164,3.87659,3.669048,0.49968144,-0.27444175
3.2572927,3.1457953,2.8097749,0.48100823,-0.4201707
2.6806283,2.0462914,3.2600281,0.5,0.72478056
2.356485,1.9273576,2.1644893,0.46226355,0.2879838
4.268652,4.0312777,4.5876575,0.5,0.67023
0.9664824,0.8785054,2.011819,0.042247593,0.7263641
3.0985765,3.525761,3.6694682,0.5,0.18223956
2.7503498,2.341786,3.3053372,0.49036223,0.7335031
2.560752,2.5058904,3.5146153,0.5,0.7027816
2.7024276,2.2795024,2.860548,0.49988917,0.69317085
0.70851004,0.6926037,1.0107013,0.0,0.6070897
0.6800441,2.055885,0.8187625,0.0,-0.695712
2.8532069,3.6124468,3.3726208,0.5,-0.31012696
4.2164407,4.6482964,3.7267673,0.5,-0.6903334
0.9566998,0.9773167,0.75058544,0.028244203,-0.40929925
2.8904107,2.560731,3.1092412,0.5,0.6716234
1.105668,1.2351846,1.6061093,0.0416038,0.5970969
3.6941414,3.145416,4.8560314,0.49156392,0.6828901
0.73662454,1.2886673,0.48995087,0.0,-0.7214616
2.4822812,2.6294703,2.6699724,0.49854934,0.00029217268
1.4071373,1.6019646,1.782861,0.06813447,0.24323507
2.8881989,0.4658,2.5615635,0.4931337,0.7117364
3.1269631,3.3447447,2.9238544,0.5,-0.51219976
1.9705224,2.0907543,1.2823949,0.29148614,-0.7371873
3.4667084,3.1668777,3.9359932,0.48340064,0.6696882
0.9316584,1.2521394,0.2033061,0.038734417,-0.70363617
2.3747418,2.4086828,3.2182536,0.43332627,0.7612824
2.629521,2.9706564,3.071209,0.49743396,0.10756737
3.5782897,4.0503993,3.7218242,0.5,-0.41141045
2.070652,0.6093029,1.9239783,0.32255155,0.7147698
0.84062225,1.0566094,1.1713665,0.007013473,0.1843445
0.96208,1.2641265,1.1191044,0.029481467,-0.26185033
2.9019244,3.680271,3.392718,0.4962627,-0.3256835
0.8937127,1.4783067,1.7041795,0.022331536,0.42564204
0.8009368,0.8984702,0.6730715,0.018643543,-0.37503526
2.289225,2.234187,2.250957,0.41375506,0.0011015421
0.95792073,1.2312365,1.8363727,0.020949075,0.7299653
2.5172818,2.1795137,3.4685652,0.48541364,0.7089022
0.8692582,0.55535793,0.6287988,0.015452001,0.07399798
3.3865466,3.3448775,3.2193265,0.5,-0.14839558
2.242207,1.2193516,1.949488,0.39892176,0.638489
2.7216578,2.501136,3.0969458,0.5,0.6983901
0.6146696,0.6912639,0.20762408,0.013530705,-0.65361726
4.1240644,5.6966796,4.3016467,0.5,-0.6952114
4.0273433,3.8936474,0.7465048,0.48537573,-0.6882655
2.521296,3.1221356,2.3683808,0.49433902,-0.72534513
0.5997927,0.65136397,0.8395871,0.0,0.3772634
2.6446497,3.0476744,2.7782896,0.5,-0.34410384
0.88880414,0.5061608,0.8620073,0.011234806,0.58629656
2.6053412,2.128868,3.6623433,0.49694517,0.71197134
2.5894625,3.4456072,0.26426876,0.49955267,-0.68312347
1.6490031,1.2871194,1.9113235,0.1477352,0.7209364
2.756956,3.6826668,2.6928475,0.49748218,-0.6686681
2.5638251,2.5901096,3.2683177,0.49335513,0.6979935
0.81887794,0.5921678,0.47675556,0.019089226,-0.17627278
2.5853784,2.4377916,2.8348372,0.5,0.4785812
1.100621,2.1221154,0.82814616,0.046349786,-0.6899348
3.176125,2.9366837,2.4306273,0.5,-0.5874512
1.0760959,1.0921347,0.9888023,0.045238774,-0.17139848
0.6190628,1.3314728,0.52097225,0.013933825,-0.72512096
0.9742898,1.4278278,1.4496387,0.02355431,-0.024677163
2.5195475,3.7576206,2.2679677,0.5,-0.6793218
0.79048276,1.6244096,0.2608517,0.0140482,-0.7012032
1.4277383,1.2930849,0.64735043,0.06687904,-0.74091464
3.8752608,4.741615,4.181704,0.5,-0.65383476
2.810225,2.0107017,3.2246118,0.5,0.70863646
3.8932219,4.428937,4.2130966,0.4997728,-0.19025546
2.1354542,1.9377034,2.0656333,0.3570591,0.14889239
1.982963,2.3973575,2.3298562,0.2900745,-0.119237155
1.1759057,2.3648546,0.42379698,0.037594352,-0.6576835
2.8312807,2.1811686,1.9571085,0.5,-0.27382958
2.8296616,3.4752579,2.269566,0.49412167,-0.7024813
2.7024684,3.3095298,2.8218393,0.49272725,-0.5767272
2.2720094,2.7675488,2.8086264,0.38765976,0.04357848
1.7456312,1.4433504,1.3852016,0.17775746,-0.023963837
0.8488378,1.0907501,0.5849076,0.00974298,-0.69833297
1.8513173,1.5835606,2.3269823,0.23110615,0.7004877
1.7229469,2.181255,1.7530917,0.17586786,-0.5331271
2.3250291,1.9599901,2.6828067,0.4215298,0.68416315
2.831201,2.8634179,3.091253,0.5,0.26703033
1.1580727,1.6912568,0.7920167,0.03442553,-0.66009027
3.2163417,3.0542753,4.2526603,0.49763843,0.7026741
3.479128,0.90115434,3.2062445,0.495406,0.6749466
2.9998384,2.7388477,4.1738176,0.49920437,0.6703206
2.809131,3.177724,3.291022,0.49707988,0.07299107
0.6832041,0.76067156,1.0039103,0.0,0.5166088
1.8563393,1.5789849,0.3609329,0.22411826,-0.7318889
0.8857236,0.7446475,1.2701705,0.00736015,0.7013356
2.416073,2.676346,2.5752337,0.48160687,-0.12918241
3.1314538,2.7920444,3.2165406,0.49604553,0.49183998
1.9908313,2.2182803,1.6171538,0.2771463,-0.69894946
0.4440841,0.71035564,1.1170481,0.019033412,0.71557134
2.9212074,3.2177284,3.599129,0.5,0.45470688
3.1056385,3.0462253,2.4528353,0.49562135,-0.74656636
3.1088607,3.5666795,3.0141165,0.492479,-0.6252988
3.4818099,4.249476,3.6219738,0.5,-0.6707716
1.2963667,1.9256289,0.6997582,0.058957554,-0.73784
2.9096189,0.5452743,3.170216,0.48798615,0.6947341
2.1714437,1.6009194,2.3670337,0.37300673,0.6923249
2.0370727,3.039649,2.4518778,0.29948652,-0.72669786
3.680541,3.9287193,4.7699275,0.49939618,0.67466456
2.0790358,2.4166098,2.1723092,0.33147314,-0.28566676
2.9434092,2.847592,3.7115088,0.5,0.7203203
2.927241,2.9820755,4.010088,0.49826786,0.7247712
3.2650218,4.055416,4.253924,0.5,0.23747174
1.6064781,2.2207503,2.1172798,0.114747904,-0.12569226
3.1582963,3.180773,3.7004328,0.5,0.6181635
2.5043423,3.567963,2.9321349,0.4898653,-0.7715951
2.2444954,1.9812257,3.2768474,0.37337708,0.7160833
2.4051766,1.789393,2.481034,0.45233166,0.6409045
3.242464,2.4539628,3.1860669,0.49746698,0.7038223
3.069595,3.6470428,2.9047136,0.49835354,-0.704575
2.507667,2.3564124,3.9339304,0.49656773,0.70807725
1.9106569,2.0750725,0.60465115,0.23473687,-0.6776794
1.9360305,2.7148097,1.826784,0.27584368,-0.6922801
3.0401464,3.4079032,2.6524217,0.5,-0.6634601
1.8644997,1.4326729,1.9969729,0.24715254,0.7099301
2.538653,3.583097,2.7485564,0.5,-0.6361168
4.246578,4.249641,4.540234,0.5,0.30636817
2.8151827,3.0838647,2.2810063,0.49527952,-0.6926758
3.0669408,2.893172,2.899679,0.48863086,-0.02093552
1.9697816,1.5513289,2.7863252,0.28972024,0.6977315
1.8828094,2.126759,2.3668303,0.23592027,0.2594807
0.36788142,0.2,0.2,0.0076070596,-0.02485222
2.375344,2.603804,3.146926,0.44581485,0.66485494
3.2503858,4.3034883,0.97345024,0.49735853,-0.6821475
2.683916,3.251094,4.01897,0.4959486,0.6378161
4.75372,5.0362854,4.8142476,0.5,-0.28146556
2.30534,1.9895113,2.1731477,0.4254528,0.23574935
2.8412623,2.9209437,2.9743183,0.4994023,0.06690637
1.0047379,0.7854031,1.6188562,0.033034917,0.69625944
0.5672719,1.5452912,0.21281132,0.0090037,-0.6820434
2.906491,2.916741,3.140293,0.48084572,0.2649995
2.1051922,1.8846312,2.2999303,0.3263874,0.4806262
0.8972795,0.8760051,1.7055676,0.02330497,0.6891236
3.5058727,3.3193963,3.411588,0.49204645,0.11997297
1.012166,1.3325398,1.1274124,0.035067286,-0.35403073
1.8476498,2.9089208,2.2630813,0.22184941,-0.6233722
2.3729897,2.5489004,0.61516184,0.43894282,-0.68571246
3.7427576,3.4832518,3.5663247,0.5,0.10793459
0.78424597,0.9510975,1.9021764,0.009496009,0.70552397
2.8266382,2.2940745,3.282854,0.5,0.7053479
3.236253,4.949143,4.0593796,0.5,-0.7168299
1.848094,0.5087114,2.422627,0.22423938,0.6876225
2.0834656,2.9579992,2.2676768,0.32911614,-0.6975793
2.4584439,3.0539978,2.3682816,0.4723837,-0.6447089
3.4151444,0.730031,3.3088892,0.49451777,0.67501545
3.261249,3.4222822,3.1570694,0.5,-0.33096507
1.1388494,1.1895207,0.95255727,0.07099563,-0.3518784
0.8808812,2.2984948,0.68395305,0.013450265,-0.66694504
3.3442893,3.407486,3.8806891,0.5,0.56861526
2.592683,2.477962,2.2673872,0.48349202,-0.2666259
3.0081208,3.1030326,3.956961,0.49102998,0.7261622
3.2128024,3.6823223,3.761431,0.5,0.07954827
3.7138107,0.7442511,4.258673,0.5,0.77698
0.64188576,1.0898062,0.95592475,0.009479464,-0.24016298
1.6561038,0.58723354,2.0206091,0.15105183,0.6926739
0.8453513,1.7053447,0.7342061,0.010974354,-0.7114051
3.468781,2.819983,3.2777574,0.49718946,0.5773433
2.363652,2.149924,2.3040273,0.44947982,0.18955684
1.972759,1.2491226,1.5179192,0.2738429,0.37733677
3.3955057,4.4921746,3.7999358,0.5,-0.69401413
1.650547,1.8376681,1.3812573,0.123117544,-0.5821073
1.6839088,0.33992237,2.1768408,0.1502007,0.6957697
2.5143087,3.660931,2.9161003,0.4886408,-0.7170038
2.5991325,3.4473956,3.0174162,0.49107978,-0.50372607
1.9707541,1.4949584,1.9378239,0.27532214,0.5160674
2.738657,3.0038667,2.525465,0.49431312,-0.5826142
1.0302109,1.9357466,0.8596683,0.036102667,-0.70268685
0.984027,1.3260034,0.63793546,0.04251259,-0.7025797
3.7985723,3.8729408,4.0231667,0.4929426,0.21826623
1.4753512,1.856664,1.645884,0.07824883,-0.26117244
0.6327851,1.1389768,1.8725088,0.0,0.7163823
1.7656244,1.2063072,2.7964795,0.19867584,0.7093461
1.673416,1.6382498,2.6581242,0.14751178,0.7205457
2.8500366,3.4284787,3.0264559,0.49832213,-0.4908688
3.7127864,4.3586926,3.1801229,0.48542887,-0.67860776
0.886095,1.1572075,1.1554453,0.019307664,-0.031645495
2.6562765,2.6339328,2.8135405,0.48701265,0.1863808
1.9091955,1.9171433,2.0853753,0.22983418,0.19946896
2.1618414,0.5342845,2.6256816,0.3686819,0.6936366
2.751676,2.8500648,3.215957,0.48742238,0.43587938
1.1186602,1.7983984,0.47799063,0.032588687,-0.7503936
1.9098794,3.2203665,2.669186,0.2547394,-0.674404
1.8019259,1.4356984,2.492303,0.20233962,0.72009826
1.4669204,2.3160655,1.3815581,0.062405903,-0.72735447
2.8977857,3.3321018,0.65686345,0.5,-0.71718985
2.9528358,2.3583019,3.058382,0.48945457,0.74028707
2.9827113,3.144018,3.1689363,0.49546915,0.006535281
2.0605695,2.1763775,2.1736848,0.3128896,0.016059661
3.1914184,3.4201763,3.079314,0.5,-0.39972448
0.8797332,0.40068546,0.41863438,0.02081601,0.0063513634
2.5823162,3.764987,4.160729,0.5,0.49000368
2.4975154,3.3890905,3.0324736,0.5,-0.43548027
2.136572,2.5336604,2.509069,0.3444645,-0.037193753
0.6998878,1.0981538,1.8338981,0.01001251,0.63501275
3.5709069,4.811434,2.8903058,0.5,-0.71002
3.2805495,2.9060159,3.3738334,0.49759445,0.56213754
2.4874134,3.2863195,2.3521214,0.48827484,-0.6844069
2.9492302,2.6127975,2.8622582,0.5,0.2850648
0.94068146,0.29922813,1.1499958,0.023184692,0.7449896
3.016358,3.5187016,3.0452201,0.4898728,-0.5883538
0.95954144,0.31176853,0.25428408,0.0,-0.073633105
0.7959226,0.8477245,0.4792792,0.025243001,-0.6657979
4.3765006,5.259707,4.145135,0.48052868,-0.7266694
1.0619475,0.9020749,1.089765,0.053858276,0.2725191
4.356943,5.4087133,4.0683875,0.5,-0.73466444
0.6034038,0.2,0.7060472,0.0,0.70725286
2.159978,2.8878036,2.3173022,0.36995924,-0.6883386
2.1201372,1.6707026,1.2554816,0.3559829,-0.5024598
3.9657443,4.0826077,0.7616393,0.5,-0.6967399
2.9202468,3.2406003,3.1460812,0.49249122,-0.13973233
2.262847,2.393686,2.4694862,0.40229493,0.09671422
1.2983145,0.76375467,0.5436289,0.051253967,-0.30339277
2.7916424,2.3094332,3.46435,0.5,0.6550727
2.5871477,3.512167,3.0489793,0.49825358,-0.5531703
2.8438945,2.3722954,4.156,0.4968993,0.71872395
3.6215453,3.2132618,4.7204175,0.48650846,0.6652971
1.9558599,2.0343523,1.7922524,0.27917504,-0.2542086
0.9117031,0.6900438,1.0274985,0.038081657,0.5787133
2.5717633,3.1965961,2.7572455,0.5,-0.5205077
2.2756715,2.2389438,3.1592233,0.4089011,0.698862
3.2151349,3.4415944,3.3171802,0.5,-0.123428576
1.7268729,2.0265095,2.5688143,0.19835493,0.7041415
1.2042004,1.8665949,1.5272971,0.07498242,-0.47993588
2.7957923,0.63079077,2.5475266,0.5,0.7020895
2.5346498,1.8534176,2.129603,0.49249083,0.31002492
0.9252205,0.755958,1.658198,0.014165762,0.6868534
1.6123354,2.3632326,2.2715132,0.13073814,-0.1622397
3.8125596,4.1216,4.5333443,0.5,0.4673921
0.9312274,0.98088235,0.22092356,0.027557649,-0.6768432
1.2412666,1.4170363,1.3845671,0.06322574,-0.08945965
3.9451554,3.9600627,4.722027,0.5,0.7160353
0.6332185,1.3954719,0.2,0.0,-0.6406505
0.48349467,0.5126407,1.0011652,0.0,0.68252575
0.68811166,0.7119424,0.577466,0.0,-0.27445182
1.8393983,2.4970367,1.5440023,0.21416491,-0.70225734
2.984064,0.67707837,2.842879,0.5,0.68328667
2.8603864,2.580668,0.44741297,0.4941246,-0.6939369
3.363181,3.111432,3.9555552,0.49609768,0.7322686
1.6355624,0.31122366,1.7261145,0.13494378,0.7081316
0.5374074,1.0274063,1.8377515,0.0012683645,0.7293147
1.1459394,2.085003,0.39825603,0.039403174,-0.7081878
3.1577883,3.7768786,3.0657465,0.49553743,-0.7216876
2.3241487,2.773685,3.3017766,0.4348212,0.5949695
2.9901514,2.0348763,2.9703948,0.49905413,0.63836056
2.1666503,1.7479051,2.2162857,0.3569769,0.5859652
2.453004,0.75290596,2.53765,0.4814979,0.6980799
1.98956,1.6867824,1.985972,0.29265025,0.3120876
1.0856296,1.1240734,1.7091162,0.05119088,0.6556038
2.4578066,3.112412,2.2679663,0.48112205,-0.7023679
0.8727854,1.1171511,2.3608243,0.02250758,0.65486026
2.0828254,2.5558107,1.6686151,0.31785893,-0.6797644
1.2303201,2.0944624,2.2512276,0.043008294,0.22455727
3.7791364,4.6649413,4.4024944,0.49802887,-0.31867832
0.34468964,0.5357837,0.2,0.001795308,-0.6803346
2.8083918,3.6088982,3.1378477,0.5,-0.54968566
1.5588727,1.2419453,2.1441493,0.117848806,0.68945944
0.9480899,1.2071679,1.4303004,0.026022865,0.35318512
0.9464773,0.53542495,0.24391122,0.024596969,-0.46463925
0.7407775,0.85177577,1.1155356,0.006426325,0.4814091
2.321129,2.368913,1.7914861,0.4200478,-0.6831354
3.129733,2.7151945,3.8343859,0.4957931,0.6973421
0.82913387,1.0084522,1.5478554,0.019093774,0.7484797
2.0554104,1.5126381,1.6472484,0.32017598,0.14964245
2.5485795,2.6990108,1.780983,0.5,-0.7189704
2.5217235,2.7351875,2.585751,0.5,-0.2238791
0.90812314,1.4622873,0.98291224,0.021994455,-0.7305301
0.62766284,0.2216295,0.8286486,0.0,0.6677961
3.1820588,3.53686,3.593466,0.5,0.081614174
1.2887845,1.6960151,1.4317673,0.07611897,-0.36446968
2.9686818,3.172289,3.276712,0.4977245,0.10499816
2.1508238,2.6427422,1.9686221,0.35122854,-0.69641256
1.8065493,2.1879869,1.4556255,0.20473078,-0.7217467
0.951615,0.21738659,1.3969811,0.022839794,0.67891437
3.5752637,3.3563633,4.065099,0.49811736,0.6777244
2.950148,4.2074585,2.9791493,0.5,-0.73349226
3.3271842,3.8395405,2.9659133,0.5,-0.6869365
4.171294,4.034372,0.3348368,0.5,-0.6972529
3.0580819,3.523649,4.2214055,0.5,0.6719813
0.97287303,1.5110615,1.7239196,0.017995128,0.32199174
2.6097045,3.5962548,3.136695,0.5,-0.5770207
3.4308195,3.3892798,3.0852003,0.5,-0.3451811
0.72392833,0.6076447,1.5802189,0.020013224,0.7502722
3.4922605,3.445783,3.9419816,0.5,0.61106586
1.0874875,1.0222957,0.80981857,0.04959347,-0.3241973
2.819806,2.6938899,3.359255,0.48921487,0.70935774
2.4471626,2.6097736,2.3953328,0.48567495,-0.22421329
2.7108016,2.6890283,3.3290708,0.48858756,0.69924
2.7504873,2.9136548,3.5029728,0.48701116,0.7252672
0.90113485,2.0407023,0.59799206,0.019980896,-0.7215448
2.3026307,2.0533483,2.161726,0.40272537,0.09010376
1.8669188,2.2103465,2.3545232,0.22010943,0.16867992
2.3384292,1.956542,2.8307824,0.4305887,0.72759295
2.190232,2.8023303,0.6702344,0.3673973,-0.6968626
0.61724216,1.3532921,0.5955242,0.0,-0.7186438
0.9980308,0.7611604,2.1871736,0.014540368,0.69312614
2.917407,2.7960362,3.876936,0.49696237,0.7177735
1.8126154,2.385056,1.752832,0.22246282,-0.7079239
2.5502875,2.613876,1.726967,0.49748364,-0.66847265
1.7890413,2.7246056,2.7165132,0.2120242,0.0021487542
1.0416039,0.5729074,2.3201969,0.05470663,0.67296576
2.9728599,0.6102976,3.9312496,0.5,0.7254386
3.1866574,4.482635,3.2402132,0.5,-0.7465171
2.913601,0.6289679,3.451228,0.5,0.6923224
1.2005373,1.0885955,0.9729443,0.04670063,-0.16431981
2.7297168,2.588708,3.5327551,0.5,0.66288626
2.4624314,2.5969868,2.3718905,0.48161924,-0.252923
3.0825846,0.36140707,3.0172787,0.5,0.6909595
3.1590774,0.9598284,3.297187,0.5,0.711321
2.2820294,2.3463106,2.1689525,0.4107678,-0.18682578
2.8099823,3.1277351,3.3997624,0.5,0.31730628
2.3762805,3.428622,2.1659286,0.4476561,-0.68351084
1.3888559,2.4836965,2.8995724,0.05368183,0.5304749
2.8816025,2.9510658,3.354849,0.5,0.46534476
1.8115296,1.4409654,1.8369701,0.18962386,0.4900654
1.2182709,1.448507,0.9446681,0.05016254,-0.70309794
1.1187805,1.4371184,1.1880331,0.040058758,-0.37346697
2.155008,3.0246773,2.3135664,0.35548034,-0.64986545
2.3364782,2.274763,2.405868,0.40946645,0.10313601
1.0841249,0.7547022,1.0078939,0.04788466,0.3919111
2.325378,2.4815671,2.0891066,0.4310507,-0.4980249
1.9864539,1.9917564,2.5688195,0.28805333,0.72157025
1.3167238,1.2960155,2.1753774,0.055972174,0.7053133
2.5066729,2.2533412,2.2654953,0.5,0.015280585
3.0221043,2.7226071,3.204536,0.48330015,0.58389586
1.9278316,2.4853234,1.2647512,0.2715936,-0.70708007
2.7092862,3.0943983,2.6342938,0.5,-0.52201587
4.0984735,3.8708231,5.293403,0.5,0.6839904
2.4820793,3.0279841,3.2514243,0.49029556,0.2490257
2.7229598,2.0155735,3.2153513,0.5,0.7323087
1.5996853,1.6253422,1.2161655,0.1293225,-0.52827907
0.86507416,1.1822815,0.70521533,0.0,-0.6792342
2.8636577,3.695869,2.7394087,0.49560478,-0.74968886
2.4390097,2.2762673,3.153758,0.48647186,0.73152125
0.9950097,1.7533631,1.875192,0.021500427,0.19686581
1.0340478,0.8284856,1.1848145,0.028292356,0.57759494
1.8615816,2.4259033,0.24771886,0.23157488,-0.701871
3.219029,4.2346163,3.0177813,0.5,-0.66806364
0.83615917,0.5103818,1.1624398,0.028240016,0.72369754
2.1349258,2.4202049,2.867883,0.3391921,0.53951263
1.3369609,1.8064755,2.3379464,0.06357921,0.6885124
0.7255494,0.240201,0.3112348,0.0050034537,0.1373988
0.96958536,1.3502046,1.8069354,0.019542223,0.7493125
2.7119422,2.5665815,4.070971,0.5,0.6999654
2.6946368,2.4923718,2.180773,0.5,-0.3517824
2.9950254,2.974781,0.63256323,0.5,-0.71714854
3.3554246,3.277143,4.330877,0.4865244,0.6815194
0.7463852,1.309672,0.76303303,0.0,-0.6812064
3.2161105,3.4375634,3.2948964,0.5,-0.15288728
3.3886554,0.69778085,4.252071,0.5,0.66739684
3.6786098,3.5885417,3.456594,0.49606162,-0.15509431
0.77682835,1.2049044,1.2336308,0.0,0.07267978
2.7110136,2.8151038,2.274784,0.5,-0.6679489
2.2954657,1.9088107,3.0124218,0.40300807,0.71690696
1.724671,2.7341747,0.65842307,0.18228954,-0.69926447
2.4391692,2.6743276,2.8338087,0.4740901,0.24764274
2.6655643,0.50793517,2.943981,0.5,0.69073766
2.5259628,2.9439757,2.7395093,0.5,-0.26074937
2.9525259,3.6963494,3.08609,0.5,-0.7322702
1.7299855,1.4556346,1.8870797,0.19500072,0.52707744
2.4646025,2.7410634,3.1193411,0.47992793,0.46869576
3.772944,4.4898605,3.1221592,0.49164775,-0.6658306
3.2243156,3.4661005,4.361268,0.49150977,0.6389126
2.9793136,3.4129674,3.2332904,0.5,-0.26138517
2.8310616,2.955906,4.222644,0.5,0.70882845
2.398533,1.8090496,2.7351909,0.46574295,0.7035439
1.5566465,1.6581388,1.8340589,0.09824584,0.19629149
2.8932571,2.7932878,0.8303077,0.47930497,-0.6880588
1.1286708,1.2530067,0.8021558,0.052133184,-0.62740314
2.409803,2.3181055,2.0762317,0.4546934,-0.315183
1.2572279,1.5442816,1.4158305,0.050665256,-0.1739383
2.3339915,2.3180516,2.631616,0.41402093,0.3780865
3.9072332,0.4519802,4.744227,0.5,0.6387032
3.6890013,4.1648874,4.030373,0.4739398,-0.2066853
3.1943636,2.9128108,4.2059665,0.49269667,0.784957
2.0434225,2.880799,0.94876945,0.31382635,-0.72378457
0.85730577,0.7414076,1.953336,0.012294158,0.6826441
1.0547051,0.7075384,1.0611306,0.023436483,0.51902276
2.0447354,2.792602,2.657303,0.30341616,-0.21541151
2.6370664,2.5181766,3.4502413,0.5,0.6332007
3.1324372,3.446666,2.7621555,0.49678484,-0.73555833
2.2586992,1.8063505,3.1898947,0.40355286,0.69903713
2.686061,2.6713517,0.47234255,0.48859605,-0.62328494
2.7656443,2.910557,0.27640766,0.5,-0.7103063
1.9099984,1.941008,2.227843,0.26093718,0.30455115
0.6555796,0.66685396,0.9766544,0.0012868939,0.57534856
2.043806,0.84974074,1.8645775,0.31408387,0.68759733
3.1675856,3.8397572,0.46078607,0.49642524,-0.6581098
2.060837,1.8581446,2.2413516,0.3179825,0.48177052
2.801425,1.7073396,3.2650025,0.5,0.723092
1.7619454,2.567968,2.3531032,0.19113576,-0.31056932
1.8911269,1.7728391,0.62742317,0.23870099,-0.66912377
0.95163876,0.8753669,1.157598,0.040402137,0.44571048
2.4019163,2.3114634,2.800065,0.47259733,0.5804681
2.6965685,2.2168248,1.8809155,0.5,-0.4233707
2.8047235,2.8358037,3.439034,0.49540567,0.69842607
1.531192,1.6295416,1.6329623,0.09205914,-0.0036998866
2.5175362,2.8893218,2.8052022,0.5,-0.1015012
2.1116793,2.0328739,3.082613,0.33008513,0.7729678
2.8358252,1.868847,0.2,0.5,-0.7214131
2.465285,1.9720181,2.2555633,0.47721884,0.30365446
1.5276871,2.3133535,0.6175267,0.08510054,-0.71419513
2.1531756,1.9863838,2.3393652,0.3446787,0.43669426
0.8762485,1.3965918,1.7528142,0.014342308,0.5596536
1.8130139,1.6156468,1.0506668,0.2297824,-0.64234287
2.398404,2.9968224,2.0722508,0.45096081,-0.776068
0.6964087,0.96860564,0.9950057,0.0018069282,0.02228996
1.0837643,0.857914,1.072411,0.053048316,0.35440153
2.1564896,1.755019,2.1489022,0.370591,0.5003773
1.3784792,0.83661133,1.6470042,0.0602791,0.69197625
2.1623375,2.8582697,3.31361,0.3538159,0.5396319
2.051555,1.5766598,2.2309942,0.32907346,0.6497191
0.5005582,0.53807676,0.93680793,0.0,0.65782017
4.016367,4.120016,4.461002,0.5,0.40961358
0.8863898,0.59739035,0.21123356,0.0041615907,-0.71005076
1.7474316,1.6849804,2.1613162,0.17931336,0.6106882
0.9491025,0.3179015,0.45482564,0.011062505,0.27508894
2.0106773,1.5832361,2.25205,0.32378915,0.6907825
2.2854052,1.8794217,3.0925674,0.4089412,0.66066885
2.218091,1.0640919,2.196825,0.3767499,0.7492124
2.3497128,2.7715852,3.0574546,0.4635929,0.35549688
2.4212162,2.8550982,1.8008,0.4754743,-0.74196404
1.7979386,1.4960407,2.2020667,0.2081953,0.70122725
2.1543028,3.0312064,2.5915267,0.36728472,-0.4881298
3.2153363,3.3364348,2.1153846,0.5,-0.75004566
2.5898573,3.190381,3.0318737,0.5,-0.23180369
2.6628795,0.5824305,1.3841705,0.49611577,0.7158618
1.2571151,1.4195852,1.5693064,0.05280271,0.23514156
3.1855903,2.3458502,3.677114,0.5,0.6649202
2.222139,2.467429,2.209588,0.37642294,-0.3635768
0.694987,1.1636994,1.1096069,0.0017769529,-0.10213259
2.6305354,2.6075573,4.00066,0.5,0.767153
2.2507434,2.4994886,2.2403152,0.40656322,-0.26822877
1.5385026,1.7868783,1.2424468,0.11429522,-0.66417974
3.8741822,3.6110525,5.112023,0.5,0.6824123
3.0029101,3.2475917,3.380696,0.5,0.19409555
3.1603801,3.047119,3.920565,0.4985444,0.71163994
0.6443487,1.0620387,0.23634231,0.0,-0.6809311
2.797113,2.669584,1.6589332,0.5,-0.7103209
3.3559866,3.2330918,3.1993873,0.4997906,-0.11303145
0.7336166,0.22272494,0.79153264,0.020535931,0.7658244
3.0292296,4.361643,2.9948277,0.5,-0.7307083
2.2470837,2.2366729,2.2075472,0.39632314,-0.0141283255
0.56020653,0.2,0.2,0.0,0.009572876
0.64415896,1.1778738,0.5654979,0.0,-0.7092654
1.8893003,2.084,1.9284897,0.23557672,-0.15183587
2.754698,3.2534354,1.8558816,0.4909303,-0.70832103
2.4022205,2.9177866,2.439908,0.45689392,-0.5776488
1.4624445,2.1029913,0.2197215,0.08665449,-0.70717233
2.335819,1.9785569,3.0384476,0.4453487,0.6921228
2.3858767,2.6367974,2.3875296,0.4574413,-0.37242773
3.1109567,2.5186863,3.7894316,0.5,0.6925066
0.7007226,0.75508493,1.3630449,0.0,0.6687558
3.5001106,4.0202923,3.3303018,0.4942786,-0.7502987
2.9288023,0.6872376,3.4544988,0.5,0.7220323
2.2552874,3.5950413,3.0978866,0.40554243,-0.6301916
1.0078666,1.2029289,1.7120081,0.017320724,0.67425704
2.3282855,1.6331221,2.7779121,0.4216179,0.7043421
2.908292,3.443802,3.064476,0.5,-0.47196633
2.6205757,3.9495966,2.1933937,0.48404023,-0.7065352
2.2135096,1.3029246,3.034706,0.37222192,0.7149238
2.6194265,3.1918492,2.039225,0.5,-0.7200237
2.9010966,0.45605534,2.9843125,0.5,0.67785275
1.960677,0.5259789,2.702198,0.2692554,0.6500531
0.5616647,0.22680198,0.2658201,0.008782661,0.025659094
0.6067243,1.2623732,0.84345126,0.0029147882,-0.6970745
3.2736177,3.3439891,2.6872258,0.5,-0.65046674
2.8719528,3.6957448,2.9623635,0.4972653,-0.7099783
3.5449169,3.2472758,0.35958195,0.49435636,-0.6967035
1.0097673,1.0788952,0.82516503,0.023558157,-0.41780186
3.272886,2.30847,3.719944,0.5,0.7068193
3.163356,4.669434,3.7188046,0.5,-0.69154555
2.4664412,3.6786296,0.23472321,0.49446335,-0.66658
0.97987425,2.2776523,1.2891161,0.050394703,-0.70953065
1.9073288,2.8638074,1.9957544,0.27436048,-0.6876229
1.784811,1.7357116,1.8166345,0.20583886,0.047020275
2.139681,2.346624,1.7665954,0.32734248,-0.74001783
0.9125159,1.2302022,0.8045606,0.0,-0.68596786
3.556147,3.9025707,2.753535,0.5,-0.6586807
1.6978776,1.3217278,2.9688113,0.17120755,0.7444072
0.9055394,0.59207535,1.6940017,0.026983298,0.7253389
0.90090847,0.51828974,2.3928368,0.0013628985,0.7464401
2.8109653,2.8222892,1.1932067,0.49607444,-0.7555969
2.8643444,2.921304,3.226937,0.49732596,0.33819428
3.1399808,0.4676064,2.301219,0.5,0.6606653
0.49882382,0.8329164,0.56688476,0.0012276762,-0.55172324
2.697674,2.149602,3.5314646,0.5,0.6964477
2.4320683,0.7526525,2.0903356,0.4832176,0.69705266
3.4009714,3.2286174,0.70292306,0.49013573,-0.6530881
3.8571167,0.52224344,4.1788917,0.4851408,0.6557954
0.8852399,1.2466336,1.0610257,0.00936915,-0.35834816
1.3424958,0.4679651,1.8550646,0.05651096,0.73369575
2.9514105,2.7177048,3.3588111,0.5,0.6891821
0.79987884,0.98874384,0.46312335,0.01694963,-0.6570737
0.79519993,0.6292546,1.5092384,0.023379654,0.6732146
1.2572705,1.0690581,0.71008027,0.052430037,-0.49869865
3.3619354,3.7896502,3.887674,0.48921427,0.17986096
3.546784,3.4739077,3.9041624,0.5,0.51352143
3.4827144,3.645312,3.2858834,0.48639506,-0.45043603
3.1383133,3.1880438,0.7232576,0.5,-0.6616469
0.58290374,0.21853507,0.2272255,0.0104844095,0.022039998
2.635644,2.5499537,2.973103,0.49474192,0.52566284
2.7333689,2.660296,3.148217,0.48571756,0.5938801
1.0865531,1.1140596,2.081139,0.056409005,0.6672932
2.5702639,1.8998998,3.127772,0.5,0.72705483
3.524881,3.3374245,2.6530411,0.49505466,-0.6645267
2.1627183,2.8360944,2.1523376,0.37499446,-0.68036133
3.0714986,3.5881453,4.1001234,0.48405492,0.6263439
2.7091343,2.8292484,2.9915445,0.5,0.19915189
2.0839925,1.7499102,1.7267274,0.3237444,-0.029137
0.587685,0.7826166,0.73086923,0.0,-0.11755575
1.5342789,2.286529,0.5198831,0.07845172,-0.7084467
2.9135046,3.8609545,0.6831962,0.49732608,-0.6910563
2.557856,2.4869456,2.2299325,0.5,-0.33067903
2.0605505,1.8342617,2.1832998,0.3192206,0.44868785
1.4793578,1.9015816,1.3611245,0.09022629,-0.6896634
2.8185718,3.2110221,3.401368,0.5,0.21152551
2.5008523,2.7092843,2.482005,0.5,-0.28050756
2.1945698,2.0305836,2.5302808,0.37868187,0.59307116
1.1755095,0.6874199,2.0784025,0.03223003,0.67616725
2.4696097,2.929501,2.2110732,0.49324474,-0.64669466
2.8517778,3.5199099,3.6025572,0.5,0.06925039
0.44503802,0.46523488,1.1400393,0.0026930673,0.7291067
1.0299093,2.0808136,0.6316489,0.03322152,-0.7268362
2.5463548,2.916557,3.4332983,0.48764986,0.61326855
3.1384387,3.3550553,2.8281457,0.5,-0.6186673
2.603731,2.2664943,2.1704218,0.48212877,-0.15288793
2.6025674,1.9525822,2.420173,0.48452392,0.527315
2.4656572,2.3517938,2.235865,0.4840665,-0.1291621
2.032504,2.450089,0.7944107,0.2950909,-0.7068367
2.0356572,3.4066179,1.6930778,0.305356,-0.63653314
1.5995622,1.8106074,2.0957963,0.12886068,0.34688637
1.3319291,1.8415778,1.4671196,0.061932437,-0.5008452
2.9100091,2.6217606,3.137576,0.49209297,0.5609082
2.6593568,2.9535227,3.1667066,0.5,0.26640433
2.7594526,3.0207741,3.7071104,0.5,0.75694716
2.7820525,2.5193834,2.799532,0.49099344,0.3429238
2.134972,2.986168,2.0283163,0.33309612,-0.659684
0.92545444,1.0038875,1.4518163,0.015703768,0.7207314
1.177344,1.9465289,1.9702349,0.053174607,0.08153508
0.9165328,1.1003488,1.1319939,0.027351405,0.0604835
0.7428561,0.7803939,1.0212297,0.008565736,0.44650114
0.6618868,0.5039222,0.80046743,0.0004561814,0.584982
0.9407418,0.96154356,0.7321769,0.02436754,-0.392045
3.3110304,4.343654,3.380654,0.4874567,-0.6787555
1.766893,1.5334796,1.956858,0.19560756,0.5313515
2.4733748,3.0215933,3.024466,0.49561453,0.03257673
2.548678,2.6850178,3.2269387,0.4788573,0.65942585
2.9568694,3.4722016,2.733354,0.49678323,-0.6809093
0.980556,1.3184317,1.1669905,0.030297967,-0.2791022
2.599009,2.0370104,2.3787007,0.4990865,0.3822806
2.2784753,2.5270264,2.397542,0.39662585,-0.16095924
3.2520056,4.5339284,3.5376923,0.48131797,-0.7230269
1.7670568,2.1175594,2.3694715,0.20361531,0.24106537
2.30826,2.992805,2.430223,0.41810483,-0.68846744
0.76331896,1.0775101,1.1832107,0.0031228235,0.19732355
2.0171185,2.5809436,1.6476265,0.29144737,-0.6840443
2.83185,2.618176,1.0503131,0.5,-0.7723136
2.7670374,2.985517,2.8619823,0.5,-0.13281861
2.4165633,2.9968593,4.2568,0.47649673,0.73424184
3.336157,3.2926157,3.0986469,0.4843213,-0.22627573
0.6995421,1.4615138,0.9894778,0.00088186614,-0.6911466
0.76563746,0.4057606,1.1177245,0.0052935746,0.7090949
2.790853,2.9943614,2.9493399,0.48711765,-0.052711647
0.78298664,0.7945737,0.67087346,0.0098091755,-0.2053831
2.939671,4.5387077,0.8048708,0.5,-0.64800316
1.1143693,1.1884229,0.853653,0.047868863,-0.5228032
3.701893,3.998555,4.1110935,0.5,0.14825748
3.3005948,2.5077424,3.2048776,0.4961519,0.65248907
1.189915,0.84086627,1.9281878,0.041551515,0.70068353
2.1783855,2.5329869,1.4359481,0.3634957,-0.7326324
2.8306093,2.9290056,3.0252867,0.5,0.12585938
2.3646479,2.4412415,2.0105453,0.44177645,-0.50220615
2.966208,2.943046,3.5478137,0.4995597,0.7579743
2.372599,2.4578745,2.9660938,0.4465015,0.58047646
1.1544288,0.45540324,0.24019146,0.053425297,-0.30611727
0.95523196,1.06829,0.52431905,0.016212909,-0.68661743
4.0523586,4.131124,4.7299,0.49772024,0.69648093
2.9526074,3.6431227,3.1000922,0.49816114,-0.6683918
1.7524203,2.434481,2.3370445,0.18086274,-0.13038604
3.8733695,2.6297684,0.6477614,0.49633014,-0.71542484
3.2876172,3.1040554,3.5385296,0.49491823,0.5106315
1.2582116,2.334465,1.956838,0.06161653,-0.52353984
1.2560318,0.41590673,0.9062218,0.04714416,0.6917
0.6318367,1.0257622,0.60188174,0.0,-0.74090254
1.5031236,1.4682038,1.2151674,0.062312376,-0.31493688
2.6094313,3.1221702,2.9164374,0.49047917,-0.21474926
3.4497628,2.827389,2.9244008,0.5,0.13077566
2.8341277,2.821323,3.4735954,0.4951161,0.71035606
3.6082668,3.960813,3.5557482,0.5,-0.51105
3.3843064,3.8723843,3.8923388,0.49240682,0.053595282
2.5750222,2.9229183,2.39825,0.5,-0.6128282
0.56035656,0.9264697,1.140834,0.0022083805,0.36094922
3.5220344,3.8088002,4.249106,0.49682236,0.4890271
0.7099381,0.7301987,0.6030833,0.0037707754,-0.25205532
2.4808698,3.333589,2.1953716,0.5,-0.68399775
2.7312543,3.8274646,3.6079922,0.5,-0.28304842
1.1580827,1.3336586,1.6369017,0.050773032,0.44479913
2.8001754,2.4164565,2.6154706,0.4857348,0.28622514
3.0609417,3.1179736,3.3936636,0.48412412,0.2819258
2.668625,2.92169,3.6451783,0.5,0.67193204
1.1626245,0.258302,0.87828285,0.026211424,0.744241
2.5849948,3.4227166,2.3133018,0.5,-0.70357245
1.4151196,0.42042497,1.5383109,0.0665657,0.6923353
3.5913665,3.3788097,3.0760007,0.5,-0.31151962
2.3320594,2.4294145,2.672241,0.4356855,0.2597789
2.1640825,2.2215898,2.861749,0.35225886,0.68312746
3.3750136,3.639708,3.6785245,0.492234,0.03177388
0.92468715,1.5022066,0.7618,0.024039539,-0.6936057
1.1585491,2.0105376,1.8556795,0.04929282,-0.2402425
3.0319297,3.6636918,3.1925335,0.5,-0.5831998
1.9086169,1.6490232,0.34061873,0.25142035,-0.7139003
2.5314775,2.720744,2.8833606,0.49374366,0.2180805
0.94191945,1.11331,1.7157513,0.028166372,0.73377067
2.2291095,2.5295558,2.100666,0.3861318,-0.53819287
2.0336683,2.477577,3.0343902,0.30066803,0.6637599
2.6645758,2.8502688,2.869526,0.48417422,0.04730433
1.1679257,1.3146273,1.4255389,0.05306999,0.14091185
2.9938009,3.6578684,3.224441,0.49068478,-0.5364329
0.477511,0.5610988,0.42847943,0.012204587,-0.2551563
1.2224675,1.907179,0.74735826,0.06271716,-0.70533246
3.1502187,3.7880685,4.3608494,0.5,0.670886
1.1542293,2.112039,0.7584954,0.055781413,-0.6688776
2.231877,2.5546134,3.0508387,0.37548187,0.5769132
1.325334,2.2221298,2.3468506,0.06492291,0.20355113
3.1806817,3.1831644,3.059486,0.4936654,-0.13976845
1.0355227,1.3893796,1.5629545,0.034160864,0.24496228
2.7901752,3.4089437,3.3178458,0.5,-0.06354864
2.7582633,2.441969,3.2933168,0.5,0.6615755
1.3431212,1.3460461,0.8800766,0.06344122,-0.58579755
1.9864649,1.8903512,2.0670211,0.30050865,0.21305425
2.3492415,2.5232263,2.9573154,0.41842824,0.5498469
2.1214302,2.102207,1.5432587,0.32184407,-0.66247964
2.4041364,2.7123506,1.6551943,0.45552433,-0.6362692
0.3174788,0.5490732,0.58248466,0.0,0.054046948
3.2038357,3.290224,3.3293219,0.5,0.045297816
1.6732804,2.0250392,2.0576794,0.15098582,0.046933353
2.5809414,2.447424,0.4709048,0.5,-0.7103728
3.0385854,2.7786503,3.6275215,0.49643585,0.6744883
2.0689862,1.7003677,0.72268534,0.3148479,-0.73926175
2.5420642,1.7951498,2.7637198,0.49582782,0.74735004
1.1117779,0.9946385,0.6447389,0.033544134,-0.5676143
2.6272767,3.0652814,0.5213362,0.5,-0.6841717
3.0134666,3.0619628,1.0087212,0.4952264,-0.701753
2.644441,2.8946362,2.24088,0.485757,-0.72299784
0.8558152,0.9009173,1.4453807,0.0028180028,0.6769018
1.9052603,3.085444,1.536324,0.24291858,-0.7290777
2.7662213,2.991205,2.6016154,0.5,-0.42118517
1.2738963,1.2025418,1.5149031,0.055952575,0.4211424
2.0002224,1.706911,2.6536424,0.29876146,0.7262366
0.7273284,1.7065642,1.1501012,0.00039700008,-0.70154977
3.4112372,2.8312368,0.58578795,0.49799806,-0.67774385
2.1927733,2.0158172,2.1788886,0.3796212,0.20227337
2.1723678,1.9333066,1.9250699,0.34775376,0.011732162
1.2528887,1.3349453,0.8367262,0.04841129,-0.69293255
1.5914143,1.9557606,1.8685818,0.09353322,-0.1580266
3.7861345,4.012803,4.098056,0.4914194,0.14196302
2.3379722,2.3649707,3.7609024,0.43655002,0.6947209
2.1084824,1.614702,2.5455256,0.33852354,0.68168783
1.934085,3.0311222,1.2791421,0.27790117,-0.70006776
2.3688834,2.7740684,3.1115491,0.4423552,0.44423243
0.6175195,1.1495751,0.41391096,0.013694911,-0.6972748
3.4715168,3.3021278,0.60836345,0.5,-0.70593
1.8370419,1.9212972,2.5268004,0.21438956,0.7415008
1.6879895,2.4764888,2.315661,0.14839646,-0.22303921
2.9121003,2.044504,0.4194977,0.5,-0.73235947
2.5230746,3.1669521,2.3984315,0.5,-0.7218934
2.521307,0.4038935,3.7616189,0.4934996,0.702068
2.9438114,0.81568754,3.5680904,0.49338636,0.69713086
2.605964,3.7169359,2.380614,0.5,-0.66153747
2.6110935,2.4779031,3.884052,0.5,0.69730365
1.7157024,0.5582586,2.2991183,0.16098852,0.72587943
1.5742205,1.2900984,1.8093135,0.10332439,0.60005265
2.177259,2.4118788,2.0800557,0.35590738,-0.4089503
1.9814849,3.022818,0.52741927,0.28260255,-0.7053677
0.90775937,0.91394067,1.437972,0.03673005,0.703496
0.34869584,1.316121,0.9053796,0.0,-0.69666594
2.3457837,1.3615608,2.4010823,0.43373194,0.7092158
2.4825432,2.4379103,2.6284647,0.5,0.23101033
2.568598,3.2924764,2.3616116,0.4983324,-0.7779448
2.8232753,3.4795945,3.2904277,0.5,-0.24898767
2.3752718,1.6698672,2.1931708,0.4498145,0.61033446
2.1710207,1.9523029,0.5163025,0.34253594,-0.7083727
3.3695214,3.4784963,3.5811346,0.4980237,0.12266988
0.9829317,0.8510582,0.9243659,0.018918058,0.14429913
3.4137168,0.9469513,2.668785,0.5,0.6779298
2.3831854,2.5711877,2.016294,0.4643802,-0.7356893
2.586704,2.0257528,2.8942783,0.5,0.6930555
1.2960975,1.7434117,1.5291806,0.067245044,-0.29177177
2.748209,3.2096202,3.6734743,0.49471393,0.59241635
2.342696,2.0266454,3.1282578,0.44777536,0.6887871
2.6320016,2.419311,3.0796301,0.5,0.6853297
3.4867544,3.3712037,3.3782911,0.4921333,-0.014940884
1.0484258,1.8747562,0.9785142,0.01668009,-0.64099187
3.2498877,3.4267962,3.6700487,0.5,0.3523627
1.8106478,0.92102396,2.4994426,0.1990761,0.6610136
1.899446,1.5218102,2.3569114,0.253557,0.6948688
2.7416048,3.2987437,2.6592374,0.5,-0.7034837
0.96016854,0.93848956,1.2987143,0.0171787,0.6278622
2.265707,1.876322,2.3858507,0.42176947,0.59285563
2.2347026,2.2006986,1.3136895,0.38199887,-0.6781137
0.90039027,1.6306508,1.0544666,0.013107226,-0.7010621
0.352555,1.6720798,0.36884776,0.0,-0.72850704
3.2493186,3.4310026,3.8637757,0.4984773,0.5397379
2.3448875,2.8141377,2.0246396,0.42855015,-0.6593488
2.348067,2.4108894,2.034174,0.43445048,-0.4829902
3.1781533,3.4860518,3.9291196,0.5,0.5725889
2.445577,2.2309792,2.19368,0.47207987,-0.006562074
2.2639358,3.135623,2.127665,0.39656588,-0.67661965
0.8060872,0.69559264,1.1870384,0.0,0.72641075
1.0036889,0.61328167,0.41041327,0.019386306,-0.30941218
0.898983,0.7521151,1.8087716,0.0042021,0.66649014
1.2263631,1.705625,1.152784,0.06243217,-0.6795664
2.9809754,2.832524,3.0332785,0.5,0.22646889
1.0566499,2.0369878,1.1966338,0.03793303,-0.71222335
0.5326104,1.1224085,0.8779578,0.0,-0.40849093
2.4899695,3.1563044,2.9396565,0.49878877,-0.26751038
2.4392354,2.445781,2.4942193,0.48500514,0.069187164
2.4135273,2.284007,2.0573812,0.47167796,-0.2267111
2.3587003,2.608882,1.6525874,0.4325474,-0.7092584
2.2019281,1.8851479,2.3542192,0.35679844,0.5836185
3.32751,3.8065982,3.8956673,0.49052924,0.1076607
2.660424,3.2746844,2.4663174,0.49038827,-0.66953737
2.5390317,2.4004145,2.06926,0.5,-0.42240632
2.209088,2.7488716,0.85037494,0.3865998,-0.7112932
1.3987597,1.7091001,1.4256749,0.09387358,-0.4039864
0.88505155,1.6695452,1.5854731,0.0072248075,-0.16698907
3.027212,4.094231,3.7719505,0.5,-0.36831635
2.1087675,2.6924348,3.0822518,0.3447267,0.47461647
1.2534146,1.424376,1.4202739,0.06387529,-0.016084157
1.179124,1.9294105,0.68490857,0.03428809,-0.72673523
0.8863558,1.1454436,0.2,0.027361065,-0.68048644
2.2721481,2.3255463,2.3554916,0.4071707,-0.011183831
1.1636363,1.039683,2.1758304,0.04906955,0.71435785
0.9123434,1.2285949,1.1815987,0.03336369,-0.063669376
3.5795238,4.1933494,4.438594,0.49070972,0.2837896
1.0742191,0.7538517,0.60056674,0.03766612,-0.26823163
2.206339,1.7846078,3.1793916,0.3621882,0.6532159
2.3468168,1.9058282,2.9408772,0.44444376,0.6955718
2.8897996,3.5894194,0.57232535,0.49414346,-0.7025323
2.860034,0.30184782,3.6120465,0.4907081,0.7110314
1.1094213,2.0252259,1.0703256,0.026515443,-0.750144
0.42870453,0.39177078,0.88305014,0.0096226875,0.73644704
3.8580494,3.464932,3.644966,0.5,0.24553834
3.1855342,4.1770096,0.57031536,0.5,-0.6537405
0.7754742,0.6270535,0.52686924,0.023333833,-0.15150088
2.7432911,3.2661865,2.4327676,0.5,-0.65599084
0.6748531,0.2,0.21927127,0.0,0.02921808
3.0599122,3.3711326,4.376706,0.49587575,0.7068274
1.3312356,1.4771795,0.9377866,0.06403022,-0.70183295
0.4662068,0.2,1.1478753,0.012459299,0.70182717
2.3521159,3.5062618,1.6927911,0.46230137,-0.7661297
2.4627948,0.7050912,2.4435601,0.48861575,0.6882369
3.053825,2.8081555,3.0432396,0.48955116,0.26405227
1.5967036,1.3746094,2.441139,0.12878291,0.6431975
1.8415104,0.5360021,2.1884882,0.23143011,0.7259032
2.1956928,2.2783604,1.883119,0.36813095,-0.48373517
1.1472945,0.9295579,1.2530953,0.05171393,0.4563526
0.81441945,1.5179292,1.6153966,0.0025209899,0.20349751
3.609363,3.9984996,4.3295093,0.48976123,0.40603036
2.3920512,0.9164124,2.2320251,0.4704803,0.7256205
3.052557,2.9618776,2.5619893,0.5,-0.4647971
1.0683397,2.2848065,0.8745967,0.05282358,-0.7663591
2.9422774,2.6554701,3.4991791,0.49794233,0.72007614
2.5639758,3.2454016,1.9288851,0.5,-0.67245215
2.3816485,2.2593198,2.4534326,0.46161976,0.20835523
1.9743292,1.6144153,0.61581427,0.26451397,-0.70095694
1.8702044,1.8409501,1.8515337,0.24024229,0.059188206
2.8175924,3.7958152,3.2905827,0.49794558,-0.57479745
0.6818416,0.2,0.8451697,0.0,0.7370402
0.6703654,1.1524662,1.1026576,0.0,-0.103126116
0.7590516,1.5440344,1.5453029,0.009771025,-0.0151255075
2.421606,2.4277587,4.539258,0.47797215,0.7237143
2.0258236,2.7636092,2.732981,0.3174484,-0.051829793
2.4160612,3.0381608,2.8911994,0.46446553,-0.1817068
0.8824542,0.81275487,0.7816768,0.027819812,-0.0038998956
1.9870441,1.680226,2.6109943,0.30620593,0.65257776
1.0423638,1.1926227,2.016447,0.03913776,0.6903641
2.6255682,2.8546543,2.4343438,0.5,-0.5516082
0.75871986,0.856259,0.74166864,0.0071721887,-0.17737287
2.3561788,2.9126103,2.231825,0.4633365,-0.68461806
1.6436747,1.4460961,1.2879523,0.14469182,-0.21013957
2.625959,2.3777606,2.8950193,0.48797548,0.5842163
1.766226,2.0086188,1.3123761,0.20632805,-0.74672633
3.187104,3.494009,3.3749475,0.5,-0.11512083
2.591444,3.3727536,2.9101038,0.5,-0.53406936
2.3089218,2.6946778,2.577312,0.41069785,-0.078464195
0.9460358,1.4839414,0.896968,0.02584721,-0.7110454
2.0366604,2.0574515,1.4403989,0.29236615,-0.712615
2.2277138,2.1553533,2.9444535,0.3657512,0.7306087
0.61046785,0.6568281,0.21182373,0.0,-0.6786774
3.4012868,3.6590655,3.6756132,0.5,0.022678714
3.6810305,3.961961,4.692875,0.49731356,0.70306814
0.814644,1.1165526,1.0841864,0.014587676,-0.048665747
0.8244552,0.8286023,1.6049857,0.020479064,0.6974421
2.6612194,2.8216624,3.1472704,0.5,0.35363272
0.8019947,1.878309,0.81597185,0.010374079,-0.6910793
2.592574,2.9392006,3.4208157,0.48051208,0.58637756
2.5565822,3.0266016,2.4503589,0.48529908,-0.70042723
2.88096,3.2580984,2.8043888,0.4996377,-0.58110636
2.0160782,2.1263921,2.5500646,0.29626098,0.5326595
1.131869,1.6293021,0.9204012,0.041241895,-0.65195936
1.9351448,2.1982105,2.583796,0.28530976,0.4620112
0.6515695,0.24490525,1.086408,0.0,0.72271687
1.5461498,1.4105926,2.5999484,0.097875185,0.6846041
2.3817976,0.719825,3.1337328,0.45760566,0.68084735
2.2691464,3.0425162,2.3638277,0.39490074,-0.69151235
3.2064135,3.221084,3.175325,0.49316433,-0.04074497
0.7777707,1.3112193,0.56140566,0.019406458,-0.717452
2.7221124,2.956358,0.47380215,0.5,-0.708141
2.570298,3.606807,2.337105,0.5,-0.7250321
1.303175,1.4693807,1.2894676,0.048222043,-0.23210603
1.357862,1.7392927,0.9527516,0.084845096,-0.6798898
0.7026928,0.5937728,0.5136226,0.024765853,-0.15249573
2.7855604,2.8817842,3.6705892,0.47707117,0.70726347
1.1438532,0.2677654,0.6775657,0.03964278,0.67182624
2.0975053,2.4560487,1.5462456,0.32458895,-0.67068434
2.453155,3.1809058,2.3066308,0.47716624,-0.729334
2.3965843,3.4421148,3.2736635,0.45268503,-0.15369269
3.076505,3.53761,0.5740775,0.48881158,-0.7404595
1.085448,1.0621123,1.0456558,0.036548145,-0.04728591
0.8299253,0.63889307,1.1229863,0.0010730372,0.74330777
0.63620234,0.5500658,1.0768291,0.0,0.7191099
2.7829585,2.1454096,2.9361408,0.5,0.6272286
2.8363848,2.9656525,3.2369351,0.48938945,0.3214653
3.6638248,3.2213473,4.23758,0.5,0.65716356
2.6255322,2.4940524,2.1703422,0.5,-0.38345402
3.3075774,3.4098482,3.1453598,0.5,-0.3091098
1.9229478,2.3004832,1.7215248,0.26036048,-0.73283356
2.2343063,1.5433224,2.2348785,0.39674112,0.6688554
0.2,0.21839432,0.8277158,0.0012411706,0.7159666
2.692596,3.238833,3.394819,0.49505353,0.20929141
2.9918842,3.8709586,3.1345916,0.5,-0.68492234
1.1011611,1.2450645,1.6520808,0.034983918,0.63755584
2.7063577,4.0780044,3.9688253,0.48802978,-0.07086517
2.9756782,3.4786017,2.5005765,0.5,-0.6877135
2.9821057,0.9665191,2.810218,0.5,0.7242932
1.8894002,2.6938453,1.9290671,0.23794104,-0.6908241
0.9393457,0.61496407,1.2450099,0.039131917,0.70259756
1.0591962,0.69776976,0.3482104,0.039634693,-0.56773627
2.9516284,3.6411986,0.8366211,0.5,-0.66291875
2.5282772,2.9875166,2.805804,0.5,-0.27015698
2.824157,3.5737598,3.4858441,0.5,-0.091166
3.2281413,0.8249305,2.7903388,0.49510744,0.7756847
2.472496,3.7111783,2.748659,0.47467458,-0.67476434
2.7439897,2.2053397,2.6163516,0.49438497,0.5195463
3.3585954,3.4008005,2.794044,0.5,-0.66671604
2.5555232,0.66192853,3.1945996,0.48667008,0.70879966
1.9846283,2.720075,2.4087121,0.28574428,-0.33530968
2.9924572,3.3849022,2.790077,0.5,-0.7126448
1.1234238,1.8524567,1.748443,0.056013722,-0.22657709
3.3581045,3.7387376,4.645179,0.5,0.6956612
2.995428,3.2347474,3.2848732,0.49198598,0.046860207
0.856414,1.388739,0.33538616,0.007247127,-0.7182936
2.1560748,2.4820364,2.2063847,0.38173765,-0.32051155
2.272143,2.6598537,1.5199075,0.42628884,-0.6928494
0.6627423,1.2085617,0.8493631,0.0,-0.6871799
3.5987449,3.9587417,3.623056,0.49321827,-0.38418242
1.9004654,2.6610148,2.5242105,0.256672,-0.17465405
3.91325,4.22245,3.8388464,0.4853442,-0.48866633
2.3911874,2.6060612,3.020833,0.4518984,0.5470632
2.1490314,1.8137958,1.9737144,0.3515501,0.14906158
3.0984156,3.8096495,3.2398355,0.5,-0.72677326
3.1586385,4.2619457,2.629872,0.5,-0.6744982
2.9633782,2.2911284,2.6644616,0.5,0.41292122
2.0782807,2.6717312,2.733463,0.3181714,0.048580132
2.9269574,2.9672313,3.6580772,0.49521512,0.66604215
2.0064554,2.1029863,1.7695956,0.30139711,-0.38882795
0.39244348,0.90391946,0.8381813,0.014301437,-0.13592716
2.5808537,2.7443802,3.1316257,0.5,0.4483124
2.0707748,2.541514,1.7304791,0.33294395,-0.6844527
3.257751,3.3018851,3.666514,0.5,0.39989626
2.2313333,3.2320755,2.4261456,0.3906397,-0.7043409
2.4535172,2.5446932,2.8271384,0.47791398,0.3230909
2.0367205,1.8666195,2.196517,0.29517382,0.40814304
3.252394,3.5665932,2.4130027,0.49040326,-0.64700204
0.8901869,0.6272839,1.1305698,0.013812353,0.68063
1.0651547,1.4405166,1.2082689,0.04283073,-0.41937056
3.2322743,4.2388344,3.2276795,0.5,-0.6886219
2.372261,2.4838789,1.7591617,0.44795662,-0.7128908
2.6213899,2.1274142,3.2959883,0.49287823,0.6873941
2.3086956,2.3001797,2.5153897,0.42240825,0.2713978
2.869038,3.5084007,2.100959,0.49141213,-0.7209033
0.83268964,1.062288,1.650152,0.008632634,0.66245335
0.79885036,1.39877,1.2138504,0.009205856,-0.33884495
1.2019908,1.0630305,1.8836341,0.048857566,0.6899149
1.6125052,1.6443652,1.6953554,0.114684805,0.087627284
0.90577716,1.3975601,1.0647727,0.021528766,-0.5721836
2.9762256,4.025895,3.7732692,0.49878198,-0.2747902
2.6586406,2.6677597,3.0678833,0.5,0.44028738
3.1108358,3.3614264,3.3066285,0.49398157,-0.08089187
0.9472108,1.7725837,0.7802154,0.0347085,-0.72400635
2.269417,2.5497367,1.206289,0.41866696,-0.6944826
0.5747504,0.47010577,1.2305677,0.0,0.669211
2.367035,2.171349,0.5320979,0.45057917,-0.653861
0.69649196,0.93178225,1.2485936,0.017455943,0.6200267
2.745817,2.6233933,3.5904367,0.48126313,0.78160995
2.219889,1.6139926,1.9516526,0.37740922,0.38312435
0.98646873,0.7352939,0.9717158,0.05080658,0.39622566
1.7091075,2.097399,1.5790875,0.17308074,-0.6362007
2.0909538,2.5687802,1.3210855,0.33519465,-0.6836614
3.0748835,3.6927104,3.0040696,0.4865688,-0.6910542
2.331426,2.8130376,2.6788838,0.43189278,-0.12556823
2.0219254,2.1472576,2.7149048,0.30251434,0.6898647
2.071092,1.4090177,2.5172684,0.3148008,0.6877289
3.005588,2.6200633,2.8152976,0.5,0.25581387
1.0964411,1.8987381,1.8537949,0.020490885,-0.049319375
2.1456919,1.9794434,2.6180673,0.3649361,0.7079149
2.4075396,2.5847847,1.7932614,0.4778275,-0.7192726
3.9554849,4.133382,4.2325087,0.4875209,0.1279833
3.352894,2.846166,3.9561768,0.5,0.65844643
3.4998877,3.8795702,3.9270456,0.49179408,0.047343623
0.7580083,1.6517916,0.32483232,0.010698641,-0.7632713
1.095343,1.1969156,0.75541663,0.039266128,-0.6355624
2.2057135,2.2736104,3.4867878,0.37423867,0.6849526
2.9124308,2.5401447,2.6881638,0.5,0.15240008
3.1830301,3.3086464,3.4714806,0.5,0.1392711
2.7965426,3.2698889,1.7505255,0.48556763,-0.7310618
2.1272457,0.8623797,2.9329531,0.35830313,0.6518497
2.237654,2.1969492,2.8187551,0.3943294,0.75878704
3.0112693,3.689203,4.037531,0.48933625,0.4227179
3.0332375,3.1233845,2.759847,0.5,-0.4334687
2.671483,2.6508038,3.4705827,0.49663758,0.6575468
2.6900601,0.7906094,2.4243894,0.5,0.6517958
2.6545944,3.4644895,3.6346133,0.49942586,0.23280191
2.756968,2.9011908,1.7955813,0.49264356,-0.6898508
3.0511057,2.7654753,0.5891614,0.49104685,-0.6851745
2.96175,3.4440105,3.211287,0.4937752,-0.25916085
2.6167047,2.7150998,3.1287074,0.4901142,0.4849697
2.5537632,3.0643983,0.6726916,0.5,-0.6776965
0.58983654,0.21272138,0.98524076,0.0,0.7019227
2.139772,2.328882,3.5997956,0.3482619,0.74281925
1.041931,1.1505561,2.2099473,0.04120369,0.7226013
1.0532911,0.7899575,1.5945889,0.05155631,0.7255759
2.130205,1.8021908,2.470943,0.34396398,0.68865955
3.1460726,3.138866,4.060879,0.5,0.73323333
2.5906167,2.188826,3.5698211,0.5,0.66406626
0.5795948,0.2,0.81846887,0.0029058086,0.6547558
3.0123324,2.5877512,3.2454972,0.49722955,0.744964
0.89901024,0.47563708,0.62167096,0.01832112,0.26779404
2.3564293,2.548579,0.50257343,0.44787523,-0.7099222
2.8261979,2.5002115,3.211884,0.5,0.72082967
3.0102477,3.1828442,3.7321286,0.49287534,0.6683212
1.6334509,1.3683116,2.7697997,0.13640642,0.66649127
3.6107144,0.8366078,4.4786263,0.4950073,0.7181151
3.8984344,0.6269874,4.678213,0.5,0.7120285
3.1642876,3.2513177,3.3005269,0.48495698,0.061089016
1.150765,1.4182619,1.2044513,0.051615983,-0.28698266
2.940246,3.4502478,3.548331,0.5,0.14036702
2.4217243,2.6023598,2.9364004,0.47329822,0.3790755
2.5503635,2.8120625,3.1035347,0.49245885,0.35144588
0.9149257,0.2,0.6544359,0.020090494,0.7493508
2.0459583,1.9420265,1.7220592,0.31368667,-0.27546546
0.73966545,0.5658309,0.76146364,0.0,0.39727724
2.2972598,3.1133544,2.94987,0.40432322,-0.18690276
2.9278622,3.025933,3.2392743,0.4998879,0.22834572
2.1105099,1.9432697,3.0698905,0.3372774,0.68120587
2.475645,2.9828937,2.1588843,0.49681646,-0.7037665
0.49595183,0.5881165,0.21845068,0.0019405108,-0.7124451
2.0578332,2.1832263,2.1087663,0.29342988,-0.09223059
1.1247817,0.37730253,0.74082637,0.038218394,0.5908424
0.48890257,0.2980267,0.29341257,0.004809292,0.0033461563
0.7258459,0.73876816,1.0330803,0.0,0.52359015
1.203338,2.1330695,1.4592757,0.053926155,-0.6283537
2.9226456,3.023955,2.4818075,0.49071968,-0.72555447
2.9250703,2.7518945,2.8989348,0.4980832,0.23622909
0.58370656,0.7747971,1.1984106,0.0026945877,0.67485493
2.0561125,3.0072453,0.6325004,0.33036205,-0.68942374
2.7966003,2.0041256,2.6073833,0.4974841,0.67974496
0.8901041,1.4565921,0.9469599,0.0230482,-0.66387457
3.1224852,3.5457702,2.806206,0.49514198,-0.7251452
2.8570995,2.9380386,3.8911998,0.49058843,0.7427994
1.284811,1.2739984,1.9201744,0.054733258,0.73781073
2.3081253,3.2345927,3.7662787,0.4154031,0.621328
3.255267,3.826825,3.5119588,0.49652153,-0.39178434
3.8705912,0.75136167,3.8236299,0.5,0.673667
2.6464453,2.8474739,2.437039,0.49682498,-0.48600718
2.928528,3.7364466,3.326164,0.4879161,-0.5279007
0.9392284,1.4201717,0.6491449,0.021872966,-0.7090698
0.8361113,1.1550891,0.5630172,0.020815646,-0.7329782
3.3044207,2.8171864,4.10335,0.5,0.71443266
2.2378712,3.6389997,2.5232146,0.39790288,-0.68021953
0.9047655,1.3952996,1.1560943,0.024951,-0.42916963
2.7543108,3.89643,3.0728455,0.49771965,-0.70801324
2.817432,3.1669974,3.2670696,0.4804905,0.13788825
3.0844774,0.7031152,2.3999004,0.48879573,0.73293185
2.9671261,2.7792509,2.511538,0.5,-0.36633837
2.4628403,3.26672,3.6036196,0.5,0.34452868
3.1216679,4.0781884,3.3209846,0.491897,-0.67474383
3.2579014,3.9718773,3.6203794,0.5,-0.43248266
2.2864435,3.5181067,2.8663113,0.40415528,-0.6805959
2.5796683,2.8804877,2.6247265,0.4927816,-0.31048998
1.5345719,1.4109197,1.2019864,0.09905726,-0.24137557
2.9294887,3.2128088,2.46765,0.49497747,-0.78409445
3.3380003,3.9162135,3.02919,0.4862487,-0.70118207
2.4231412,2.5566525,0.7152031,0.4642869,-0.72234184
2.6827748,2.87075,2.5183284,0.49670726,-0.47085357
2.4805784,2.756478,1.9506469,0.47728804,-0.6975386
2.434225,2.8195784,3.0477533,0.48655102,0.31089383
0.69191533,0.9580275,1.6685463,0.004059932,0.74912745
2.1138911,2.4605434,1.8554713,0.33268622,-0.75513
0.49348715,1.0397569,0.21656694,0.0,-0.72418183
0.54468924,1.1679559,0.7862599,0.0,-0.6541796
2.9375465,2.8830535,0.8917543,0.48993647,-0.7219558
2.7220492,2.0402946,2.247952,0.5,0.26506728
1.2492754,0.81693596,0.71285933,0.033328865,-0.15969129
2.6225028,3.0877619,1.663894,0.4963331,-0.70501137
2.4590752,2.2850907,2.737414,0.5,0.5432864
3.2912614,3.6378043,2.9682255,0.5,-0.6945815
2.36766,2.505993,2.9554703,0.4270321,0.58022755
2.9541912,0.43101335,3.616539,0.5,0.68474907
0.8797852,1.2834302,1.8490915,0.024152229,0.6666527
1.0654639,1.8285824,1.7514383,0.033480477,-0.109505326
3.1859376,3.4005716,2.6860964,0.5,-0.7071029
3.2258358,2.8946123,3.3437037,0.48380634,0.5292289
3.5021782,3.8492308,0.69423276,0.49353835,-0.69055307
0.8766152,1.4612724,0.40986902,0.023037145,-0.68096554
3.3286438,2.4022532,3.3953211,0.5,0.737347
0.79443717,0.65493613,0.29245386,0.0,-0.67784023
0.9991566,1.20613,1.2009104,0.0013937032,0.010104239
2.255217,2.1786802,2.6044803,0.4013995,0.517213
1.7687722,1.947886,1.5758051,0.19536887,-0.45719045
1.3058314,1.2917424,1.1062814,0.051238056,-0.29073635
1.66282,2.3271818,2.100144,0.1516499,-0.2901888
1.590843,1.7781885,1.6154683,0.1210918,-0.2526325
0.8184411,0.23042953,2.0948799,0.020817384,0.686665
1.5515311,2.109579,1.1543375,0.112162165,-0.6778759
2.7190883,3.3440328,2.9850435,0.49463102,-0.41120845
1.9947326,2.1846964,1.4951878,0.28883377,-0.71569735
1.6083531,0.86002445,1.9439074,0.118789434,0.7149042
0.7397291,0.56464905,0.81856847,0.00901991,0.44277132
2.609494,2.3166337,0.34074515,0.4958098,-0.67006725
1.4607213,1.4764423,1.3083229,0.0920051,-0.19365625
2.1653888,2.0490642,1.4903603,0.35903212,-0.6882918
1.1806127,0.61388457,1.9467515,0.0398218,0.73175514
2.3538337,2.5398302,2.9942942,0.42980972,0.5224837
1.0436904,1.3238814,1.664663,0.029401986,0.53953445
3.3524833,0.2,3.9955642,0.5,0.6572293
1.1665639,1.2381588,1.3976297,0.058752798,0.24762097
1.0369978,0.88477427,1.4955877,0.037061702,0.7205281
1.1129465,1.9397062,0.8296847,0.042814177,-0.6913502
1.2099944,1.4044743,1.1361412,0.045041174,-0.34972462
2.69731,2.4170437,0.8094345,0.49154708,-0.7390717
1.4674488,0.6850395,2.614978,0.05973273,0.6685633
2.9237757,3.3723552,3.325346,0.5,-0.051947843
3.9351203,4.4169216,2.456457,0.49544314,-0.674406
0.6982052,0.90526134,1.0418228,0.0069493237,0.30820748
0.86793673,0.734518,1.7537272,0.015849074,0.60928494
3.4873004,3.0441728,3.5788226,0.48584875,0.6218713
2.2785466,2.2195199,1.9864589,0.402427,-0.30232522
3.0867255,2.4720278,0.3977517,0.5,-0.6541376
2.991982,0.8647958,3.043017,0.5,0.6612604
3.3423624,2.7420392,3.404058,0.4868425,0.6895107
3.7572396,3.716602,3.135064,0.48927045,-0.66143465
2.8027134,3.38659,2.2168143,0.5,-0.7132914
1.5309173,1.6559072,2.2496467,0.09167117,0.70114124
1.4134629,1.590493,0.4169492,0.08473868,-0.6973072
3.8699894,4.3676686,5.03896,0.5,0.667049
0.33403012,0.8144738,1.5288122,0.0,0.7131992
2.8863804,3.6184404,2.609401,0.48560905,-0.70525855
1.0644197,1.5972079,0.9752126,0.026400324,-0.68809664
1.7863584,2.1419933,2.3527784,0.20903932,0.2679113
3.1199915,2.3594306,4.116183,0.5,0.69320667
1.0985541,0.51472116,1.3852448,0.045186438,0.6938739
2.409811,3.4427972,2.263128,0.45125952,-0.6543573
2.0414903,2.6156085,2.147692,0.32552177,-0.57575893
0.9540146,1.6186166,1.2066939,0.022942962,-0.6477581
1.0590273,0.9483238,0.85007226,0.040740404,-0.15176041
2.4324403,2.5849993,3.2256434,0.49523485,0.6914414
1.6820601,2.134955,1.497535,0.15310024,-0.6714936
2.5989685,3.0488164,3.0560741,0.4922623,0.051433798
2.9741013,3.6167831,3.550897,0.5,-0.13706262
2.4956317,0.8636973,2.6777976,0.4899612,0.7373188
2.7095647,2.4374511,2.764326,0.4869533,0.3908498
1.1145072,0.66437954,1.4027395,0.055719163,0.686629
2.135809,0.39852342,1.9464031,0.3482823,0.7809849
2.6649427,2.705886,3.259612,0.5,0.673397
3.0485086,3.1440465,3.190011,0.5,0.074755654
0.26470336,0.2,0.35871002,0.025291203,0.30115893
3.0556312,2.9017932,2.708062,0.5,-0.2198994
0.78004014,1.0064648,1.9773797,0.018183177,0.7335835
1.0047197,1.7789742,1.5820962,0.011671749,-0.28519133
2.869195,3.8736491,2.334796,0.5,-0.68563616
2.118846,3.1910272,2.5952072,0.3568072,-0.70410836
2.2776246,2.2714095,2.231944,0.39440727,-0.013432854
3.0009718,2.579109,2.766131,0.49789363,0.31215307
0.98462206,1.591076,0.8125445,0.034424074,-0.670786
1.4565219,2.370195,1.9682198,0.08870094,-0.55836284
1.0340911,1.456108,1.1854808,0.014166256,-0.42626855
3.3125074,3.469265,3.4717686,0.49827692,0.0053649247
2.7707794,2.636408,3.0755813,0.48928434,0.5368645
2.4552672,2.9722679,3.140075,0.454592,0.17709798
2.8242278,0.5295066,4.1671047,0.5,0.7056597
2.2363002,2.5365374,2.3305948,0.3860138,-0.23050207
2.4824553,2.184608,0.49040118,0.4999651,-0.6936245
1.6675242,0.9252396,1.9364544,0.14380914,0.652593
1.5458032,1.7156812,2.1225128,0.1065445,0.46339446
4.0238423,4.672487,4.787332,0.4896465,0.13663979
0.66512805,1.3139243,0.44255346,0.0,-0.6949707
2.697145,2.7322829,4.062212,0.5,0.70246357
2.514253,1.8644422,2.1586301,0.49463543,0.39661863
2.095325,2.9522285,2.804125,0.31701893,-0.17700492
2.4260852,3.2512643,2.9584239,0.46550542,-0.36891347
2.685233,2.889438,2.1725948,0.4843351,-0.62070423
2.5342774,2.4766288,2.8136032,0.5,0.4135293
1.131164,1.1062917,0.47580856,0.037317947,-0.6585728
2.8887851,3.5338693,2.711017,0.49720776,-0.687391
2.7231903,0.38943696,2.891288,0.49876443,0.72327965
2.7965577,2.8505619,3.0948677,0.49916494,0.28550133
3.0575585,4.3430924,0.4358404,0.4922432,-0.6796034
2.5367846,1.9610579,2.295634,0.48726758,0.39078775
2.442384,2.410848,2.858701,0.4794899,0.5568372
3.5013645,3.4077616,4.160644,0.5,0.70359397
2.0426922,2.3407645,2.1541111,0.30569628,-0.24694555
0.6696436,1.3857181,0.8250822,0.0,-0.6647068
2.9406981,3.6014757,2.355366,0.4996747,-0.6538024
0.43174133,0.73314387,0.20693453,0.0,-0.7412096
1.969845,1.527669,1.7265399,0.27824244,0.2224434
3.1170082,3.8381796,4.021217,0.48175785,0.1837671
0.9089743,0.6334155,1.8476994,0.016398361,0.6960122
1.8347683,1.8523773,2.6626337,0.22166546,0.6829058
0.9419679,1.1086646,1.3649852,0.035514988,0.42836675
1.6339924,1.4190452,2.0627975,0.12882772,0.73046273
2.634762,2.3076725,2.4954894,0.5,0.2533125
1.0779982,1.7433118,1.1198679,0.05081458,-0.69353044
2.7391787,3.7243383,1.9209979,0.49754933,-0.6990925
2.1964107,2.4029121,2.5115383,0.37581843,0.12711476
3.1322656,2.3715518,3.5477123,0.5,0.727857
2.5878026,2.9635537,2.4588122,0.4819772,-0.54213494
0.88705605,0.70005757,0.38748482,0.025217699,-0.56914127
2.307496,2.6969178,3.156506,0.41016567,0.58954746
1.6291413,2.0521357,1.2463876,0.13898177,-0.6711303
0.76282644,0.2,2.1817439,0.009615428,0.687452
2.4767597,2.457018,2.9292526,0.48306373,0.56508404
1.5152432,1.9836066,0.8246691,0.08656289,-0.6882579
1.9797826,2.1262977,1.8149774,0.28217643,-0.42579862
2.1782696,0.38472277,3.1010194,0.35496455,0.64952797
3.5308096,4.102965,4.0520325,0.4849776,-0.09775012
3.0428517,2.3720343,3.0575185,0.4699035,0.7108328
2.389106,2.719391,0.36873704,0.44834563,-0.69325066
2.9265714,2.7880187,3.1064084,0.5,0.41530147
1.3562115,1.78903,1.9831617,0.057095945,0.2629123
1.1041741,1.2321109,1.3436861,0.042732585,0.22393802
2.831275,3.2414873,3.0677066,0.5,-0.22965382
2.6688876,3.6046011,2.6780539,0.5,-0.668684
0.964225,1.5052035,0.52709633,0.02894366,-0.69824255
2.5716698,3.1223927,2.8560865,0.49029362,-0.27213448
2.8527539,3.2905679,1.0366262,0.5,-0.6892229
2.604608,0.7227907,3.2696645,0.5,0.63953364
3.122834,3.350489,3.7143488,0.5,0.45621195
0.60421765,0.9838297,1.6316247,0.0,0.6282324
0.797251,1.205326,0.81125873,0.020184068,-0.6769774
3.589956,3.7696853,3.8093178,0.47973648,0.01341104
3.0612333,3.7218351,2.5543833,0.4978253,-0.6889896
3.6433082,3.3924081,3.5220675,0.5,0.13859533
2.209921,3.404294,2.3256428,0.3637281,-0.7045958
1.615175,2.1557195,1.9055946,0.13958755,-0.2611649
2.5011318,2.2558444,2.473557,0.49559,0.2595063
2.4647653,3.3475857,2.3435175,0.4911538,-0.690914
3.522138,3.090905,3.770551,0.5,0.6776693
1.871816,2.1507072,1.9930553,0.2298121,-0.19437885
2.5700116,0.6501907,3.401397,0.4959268,0.6783446
2.8702583,2.8850253,3.1957805,0.5,0.39853132
2.7174726,2.779742,2.6006076,0.48633805,-0.16942176
1.0291518,1.3077105,1.8267106,0.031203438,0.64999044
2.7815487,2.4440312,2.532705,0.5,0.12465465
0.54667723,0.8805314,0.5989761,0.0,-0.5469176
3.4798884,3.7034106,3.2398264,0.48628625,-0.5397882
0.7160689,1.8964815,0.7531679,0.0058015273,-0.7096371
2.122842,3.0745606,0.50146633,0.3366765,-0.7111111
3.5234268,3.3783228,3.816054,0.5,0.5879234
1.9675398,2.1282663,0.7049573,0.29068977,-0.6848617
3.709658,3.5328178,3.6885831,0.49222514,0.1951969
3.3312356,3.4286726,3.713851,0.49144593,0.31615728
3.5068002,4.1314745,3.8544977,0.49591836,-0.298297
0.6707498,0.8305833,0.7458267,0.0037583543,-0.14560445
1.3507277,1.2789302,1.9519897,0.059797827,0.7471381
1.9300126,2.5229616,2.5000796,0.2514393,0.023405189
2.7804146,2.001827,2.9505541,0.5,0.7228749
2.1649907,2.1535127,2.5075285,0.3527615,0.3628
2.4494636,3.31306,2.5026863,0.49582392,-0.65834266
2.9715586,3.8879015,3.2022462,0.49004516,-0.68877584
2.4925008,3.3181212,2.8146856,0.49277702,-0.6538465
0.5152338,0.2,1.1709645,0.0,0.69707626
0.53975594,0.21222205,0.9817497,0.0035439273,0.6987092
2.9491806,2.8077781,3.1509948,0.49083897,0.4320352
2.490927,2.655216,2.4959133,0.49839112,-0.21121983
0.8170789,0.6918458,1.4075052,0.026955858,0.72968936
0.8871029,0.25198913,1.2123629,0.007323402,0.7207576
3.4495668,4.1265197,3.5177348,0.5,-0.7160955
0.37872076,0.9796044,0.4690816,0.019250305,-0.76370054
1.0784973,0.96726716,1.3124696,0.05596733,0.5760869
1.207508,1.8335239,0.45519504,0.06953467,-0.68121666
2.8989131,3.51872,2.3971987,0.5,-0.7285366
2.4155273,0.2836365,3.3263197,0.45326474,0.6606903
2.068064,2.6204705,3.0985017,0.3092549,0.5868964
3.3110425,3.4887426,3.5487168,0.48549718,0.0823834
3.1512444,2.0981622,3.6116984,0.5,0.72850114
1.3789364,2.1018295,1.5198246,0.049538843,-0.7315337
3.0128837,3.3017216,3.4961882,0.5,0.21473908
2.95663,2.352554,3.2160678,0.5,0.7114692
1.1170852,1.5716583,1.4388334,0.031725924,-0.21688007
2.0756876,2.4121134,0.77139837,0.3131941,-0.67011446
1.6365138,2.1184428,2.713528,0.1076362,0.6761606
1.0398624,0.24414442,0.67539567,0.033108193,0.7079531
0.6333875,0.7114936,1.2603607,0.0070794947,0.71258587
1.1179135,0.7490902,0.8648193,0.048054647,0.1599732
0.6153739,0.72839457,0.25320172,0.0,-0.6953455
0.8410636,0.29357302,1.4651151,0.015789071,0.6943972
2.7581446,2.3370154,0.55442864,0.49753305,-0.7285454
2.4446497,3.4346645,1.9587145,0.46649975,-0.66940856
2.1199253,2.8077917,2.5957367,0.3302205,-0.21626349
1.6560137,2.387412,1.6313984,0.15259792,-0.65944874
0.6629115,1.632469,1.8190348,0.0,0.3038756
2.874875,2.1532142,2.3951702,0.5,0.28644386
2.9725502,3.1461616,2.8549583,0.5,-0.31093934
2.1791682,2.4828758,2.8079956,0.35282144,0.38378993
2.723608,2.7340038,2.6951203,0.5,-0.046903078
1.7664356,1.0963948,1.574068,0.18475886,0.55145824
2.0064812,0.79501975,2.3434834,0.28367162,0.7314902
1.0595131,1.6023017,1.847535,0.0242302,0.35943258
2.7338934,2.6863632,2.9455605,0.5,0.2938076
0.7756506,1.3819965,0.84889764,0.00021657014,-0.67606443
1.9909321,2.2236688,1.7995198,0.2908814,-0.51186556
2.361993,0.6359659,2.3191676,0.44973412,0.7133079
3.1617177,2.8701138,2.8414705,0.5,0.0050067487
1.1963906,1.4534223,1.9591709,0.04585941,0.7119798
2.655106,2.9564679,3.2611208,0.4804483,0.3773453
0.31671646,0.4513093,0.2061767,0.0,-0.43069795
2.3998477,1.2879757,2.3879395,0.47901943,0.7192946
2.7445943,3.1024969,0.97712153,0.5,-0.6753741
0.9030755,1.3032234,1.4848087,0.0037924459,0.29546717
2.233269,1.9329368,0.57909185,0.38525715,-0.7512287
3.455877,3.9580762,3.5845203,0.49910212,-0.46022183
0.96496475,1.2755395,1.1601038,0.04630343,-0.2642289
3.0725558,3.4872851,0.64375365,0.49953476,-0.6767573
3.2290273,3.2169344,4.0451884,0.48859754,0.72621375
1.4598732,0.42779443,2.1024268,0.0679874,0.7364751
2.051102,1.3189162,2.3706152,0.316853,0.73504186
0.5793459,1.109529,0.33606347,0.011345361,-0.6968209
1.1305308,0.7674418,0.968543,0.051659837,0.34286612
2.4737284,2.2024431,0.500477,0.4783187,-0.7490093
0.2545496,0.85948706,0.25482026,0.0,-0.6211461
2.7753563,2.0093699,3.0879545,0.5,0.67728347
2.8103817,2.1938927,3.7868352,0.5,0.71427774
2.5904408,3.174839,2.8407602,0.4940427,-0.44546443
0.5062893,0.7319927,0.23134331,0.0066959164,-0.6951719
0.9145903,0.25325662,1.5321596,0.029008882,0.7289355
3.3390255,3.3639863,2.9035194,0.5,-0.5361739
2.1965728,2.5381343,2.6337228,0.36361322,0.08953217
1.2362128,0.9157627,1.2198573,0.042678904,0.47490886
2.8732967,2.3383815,3.3149369,0.5,0.68076247
2.8640127,2.1983821,3.3000379,0.4918137,0.6615455
3.0389535,3.6959946,3.334074,0.5,-0.3846611
3.2750769,3.9858422,2.9882731,0.5,-0.70525837
2.0531259,2.6289794,1.9326743,0.29026887,-0.7535822
2.0579379,2.919274,2.5813806,0.31554118,-0.3539464
2.425594,3.255402,2.671831,0.4669581,-0.73211586
3.1282203,2.553668,0.3622511,0.49076006,-0.6809511
0.47192428,1.2266042,0.79114604,0.0,-0.7424838
2.6545057,2.8854785,3.2715104,0.5,0.42364946
3.1572535,4.2645745,3.1594267,0.49585748,-0.70941365
0.51993775,2.3520346,0.27595526,0.0,-0.65959793
3.0113487,3.0718954,3.7970047,0.5,0.67778945
3.2859325,3.2559144,3.025624,0.5,-0.32879028
0.7453429,0.76619756,0.2,0.0,-0.7276299
3.5186012,3.8186307,3.1673195,0.5,-0.6740962
2.8072062,3.1355968,3.2265747,0.5,0.16344552
0.8226355,2.3510423,0.71234924,0.013844451,-0.6714927
1.8710618,2.1760983,1.3507828,0.23233107,-0.7606647
1.5444574,1.5530747,2.7096822,0.102372795,0.69793063
3.6891594,3.8904,2.7976515,0.5,-0.7617724
2.0353715,0.5404104,2.0176039,0.29915166,0.68671864
2.4488218,1.7345899,3.4150136,0.47743437,0.71241456
2.8872666,3.067361,3.1761615,0.5,0.17066918
1.0488803,2.4512687,2.505921,0.02531337,0.062884726
0.8607707,1.4673586,1.4561628,0.0024317594,-0.015093634
0.8325903,0.81454754,0.45882913,0.0031212508,-0.6179782
1.9218152,2.3412902,2.5797448,0.25226694,0.26605943
3.034566,4.477805,0.49467105,0.5,-0.71496177
3.0145493,3.335384,3.1168737,0.4900867,-0.2595682
1.4654605,1.3033885,1.2676975,0.080391705,-0.102997236
1.2632124,1.5407319,1.1493751,0.039983235,-0.5458594
1.0939411,0.34310713,1.6702032,0.01757817,0.6467801
3.2210832,3.5683212,2.932709,0.5,-0.68093824
0.80674857,1.6696593,0.2150467,0.02967026,-0.66668344
3.0149012,0.6083385,3.399685,0.49646392,0.6410884
2.9461732,1.9021982,2.9387617,0.49413016,0.69853395
2.5879574,2.9755106,3.228987,0.4928016,0.28223526
2.8796723,3.272481,2.6761959,0.4879901,-0.7040794
1.2628177,1.6881872,2.0151212,0.057625648,0.45659888
3.0137072,2.7603486,3.5866513,0.5,0.69194156
0.84213644,2.0337622,0.3929919,0.0,-0.7374812
1.1897877,0.8286463,0.73170155,0.06306131,-0.11431944
0.88483465,0.6568676,1.108841,0.027956465,0.67143524
2.3324213,2.4079313,3.038065,0.42258635,0.677492
2.347163,3.1855135,2.2245555,0.44114926,-0.6906866
0.26670218,1.115788,0.21374115,0.0,-0.6576893
2.0607271,0.6329509,1.8504856,0.33376637,0.70811516
3.1535077,3.7395115,2.8548808,0.49011847,-0.71235776
0.85795796,0.38561186,0.68341106,0.017023215,0.5154383
2.8795373,2.2210953,2.3058028,0.48997614,0.12151191
0.71348363,0.78034383,1.3056,0.0108206915,0.7073156
0.9895148,1.579314,1.4522154,0.017093135,-0.22895437
2.8756194,3.5483327,2.6514382,0.49231428,-0.72893155
3.1911695,2.9210112,3.152398,0.4951752,0.2872355
0.95683575,0.61507154,0.6240939,0.026281351,-0.02289527
2.412746,3.1742625,0.2,0.4690433,-0.6484135
2.9009712,0.5000124,2.6232753,0.49728677,0.7152802
0.8845283,0.2,0.7666168,0.010419563,0.7064782
3.1783652,2.781685,3.381431,0.5,0.6626706
1.5915332,2.0399635,1.3465422,0.11672471,-0.69060946
2.454994,2.1328921,3.5422292,0.4708381,0.7031174
1.9526073,1.7168572,1.7611148,0.26503485,0.0873913
2.9368305,2.663902,3.4720035,0.49919885,0.6485917
3.0611813,3.678681,3.692773,0.4841214,0.037848327
2.3816242,0.801124,1.9591187,0.44031098,0.66959286
2.1668115,3.2205546,2.227705,0.35597268,-0.7025498
0.92763263,0.9145046,0.69427985,0.015147065,-0.3877117
1.1081151,1.2759808,1.7752051,0.028789392,0.63601065
3.4771411,3.8383026,3.6328273,0.5,-0.27155697
3.6642845,3.5344708,4.2960577,0.5,0.71921664
3.2189438,2.6231906,4.2086277,0.4936951,0.7089687
2.7155068,2.748128,3.8859541,0.5,0.66366565
3.7091231,3.4951508,3.3651729,0.5,-0.15350445
1.0926069,1.2131897,0.67259324,0.03423735,-0.7448622
0.9927904,0.8510714,0.63995206,0.043801516,-0.30609432
2.178704,2.6415496,2.924409,0.36777097,0.31661627
1.2141972,1.266985,1.7854185,0.032616083,0.70991397
0.86526024,0.29876187,1.4072618,0.017403942,0.66951406
2.8607588,2.816514,3.4033024,0.49370214,0.69888246
1.7511886,1.3847048,1.7361609,0.1733157,0.37438884
2.3470902,3.4917371,2.582664,0.420383,-0.67270255
0.85147953,1.0610787,1.1989776,0.006593993,0.23916884
3.0124795,0.65125144,3.27449,0.49879125,0.6793979
2.5689075,2.7068355,2.4445333,0.4956663,-0.3051821
0.7783834,1.9398286,1.7925932,0.011151749,-0.24393865
1.824111,1.4806087,1.47022,0.22703542,-0.01475408
0.6529303,0.43202567,0.5901918,0.0,0.30423468
2.5025089,0.6287876,3.4862528,0.49748373,0.7696134
1.385799,1.306818,2.0168805,0.073652275,0.6957738
0.7957777,0.6543016,0.40432388,0.016545016,-0.40599656
2.0975614,1.9936717,1.199067,0.32952407,-0.71005476
0.56798303,1.6806164,0.2,0.0,-0.7420322
3.511578,4.717808,3.7295518,0.48460364,-0.7535006
2.933084,3.327703,3.1284018,0.5,-0.26646325
2.4767466,2.8307624,2.7008984,0.5,-0.17869811
0.8941645,0.65834236,1.3922334,0.026740965,0.69707614
2.1906908,2.5335367,2.3854482,0.38598666,-0.18931234
2.6652122,2.9157524,3.2384431,0.5,0.36813086
2.761933,2.7293293,3.359951,0.5,0.69785446
3.021681,2.8122177,2.0953715,0.5,-0.73656625
2.7995703,3.2562294,3.0982687,0.49735016,-0.2178774
2.3901207,0.34899592,2.5002444,0.4378137,0.7430548
2.283297,3.240195,2.5961528,0.42203954,-0.71832985
0.69147074,0.84069484,0.76612645,0.0106756855,-0.17204872
2.2288122,2.0018513,1.7116448,0.37648362,-0.3048055
1.8512034,1.2650732,2.2309659,0.22561629,0.6825459
0.67687166,0.44810668,1.1880789,0.0,0.73466223
2.3990397,1.8277266,1.6179198,0.4487304,-0.17883238
3.1859963,0.7666218,4.206972,0.48995978,0.65700155
2.2279143,2.2815652,2.8864772,0.38247892,0.69637805
0.9992884,0.8487427,0.7511009,0.04522551,-0.1974747
2.6199555,3.0720923,2.25722,0.494897,-0.7032479
0.89412385,2.0718722,1.2075474,0.031678073,-0.68622935
2.1865914,2.1019437,2.4393156,0.37039235,0.37084883
2.1693072,1.7502438,2.6519597,0.35037977,0.68053144
0.9668339,1.0608354,1.464946,0.017737381,0.7145021
2.8780024,2.1416705,3.3767126,0.4887544,0.7276758
2.526997,2.9304926,2.1777914,0.5,-0.6593472
2.754332,3.2396042,2.9435356,0.47404057,-0.4075056
1.174552,0.54841095,1.5603518,0.06065416,0.7313228
1.7201118,1.3936652,1.8318132,0.17144872,0.5118171
2.4270923,3.7930717,2.920089,0.4711579,-0.6555316
2.2859933,1.9003692,3.030918,0.41908792,0.715069
2.3232093,2.1156466,2.0697033,0.43757582,-0.013458243
2.85027,3.0564053,3.0296214,0.5,-0.023160525
2.3082755,2.930914,0.543799,0.43088773,-0.69881827
1.3705341,1.5343913,1.3798989,0.05962991,-0.20845838
2.4905746,2.7010016,1.827427,0.5,-0.68882656
0.85133374,1.2943534,1.2196224,0.004621145,-0.16414846
0.49515072,2.3014772,2.108875,0.008641142,-0.37754777
3.1023917,2.9839303,3.5441165,0.5,0.68038964
1.2984037,1.2280984,2.615623,0.072060935,0.71003646
2.1520524,0.74275583,2.9896836,0.33488208,0.71301806
0.9145465,0.39528805,0.7706278,0.031496815,0.66409457
1.1926973,2.6179543,0.7568928,0.052140955,-0.6648369
1.1371996,1.337242,0.272802,0.043466203,-0.6981881
3.242633,3.6979792,3.7753885,0.4963431,0.114647835
2.4922218,1.6083512,2.315439,0.4945406,0.6851678
2.2000318,2.3420887,2.451716,0.3971319,0.18652079
1.2165338,1.3495326,2.2615247,0.05016784,0.68015033
3.112233,3.792764,2.5466936,0.5,-0.6970719
3.7530103,3.7346823,4.4890084,0.5,0.7253257
1.101578,0.73108596,1.8878269,0.033625666,0.67858934
2.4845295,2.7697668,1.81094,0.5,-0.68194264
1.9708025,1.3946629,1.8547965,0.27044812,0.5465916
0.94862455,0.8334838,1.0085326,0.035980944,0.2771341
2.5633297,2.7652209,3.0870872,0.49230072,0.34795472
0.8423234,0.2,1.0341046,0.009749195,0.6922238
2.852201,2.8354948,2.6973855,0.5,-0.1455546
0.74503815,1.6917726,0.9710272,0.0069300286,-0.71481436
3.2569146,2.5537076,3.6489928,0.5,0.6893907
3.2550833,3.1140316,3.3659678,0.48991716,0.32567957
2.2935972,2.782296,0.6723439,0.42960292,-0.70481825
2.0317433,2.6770508,2.24711,0.2872748,-0.4727106
1.1127446,0.83659124,1.6505905,0.051905822,0.6714313
2.3675587,2.47629,2.0292842,0.45030555,-0.53950816
1.9443134,2.9867392,2.336214,0.26096365,-0.70918226
0.5000488,0.8264629,0.5139143,0.0034799895,-0.6326949
2.4266782,0.7948482,2.3602417,0.47512826,0.70702094
2.4547215,2.7883003,3.4241867,0.47910464,0.66206115
3.1167524,3.2013967,2.9538946,0.49504653,-0.29613206
0.7011522,0.65951324,0.6088495,0.006097961,-0.086293876
2.5623078,1.9462246,1.8757286,0.5,-0.094124064
3.5943518,3.8123925,3.374154,0.49346003,-0.5011643
0.7294737,1.1728747,0.21801135,0.0109978095,-0.7250298
2.3719609,2.9423563,3.1716342,0.45214847,0.2527591
0.71631783,1.0131645,1.1302518,0.021605987,0.2174023
3.069938,3.3079946,3.6561034,0.5,0.41867518
2.7284932,2.6659296,3.0860887,0.5,0.45549753
1.9354298,2.6140335,1.6706921,0.27985996,-0.6979038
1.2192776,0.745361,1.7326798,0.055300545,0.63574845
3.3308856,3.3062344,3.453922,0.49868593,0.14549018
3.3076105,3.0782588,3.7924333,0.5,0.7644277
3.516827,3.663429,2.2797167,0.49342513,-0.69102746
3.834779,4.6900926,3.473231,0.5,-0.6919145
3.6951673,3.2838387,3.5169425,0.4887299,0.3164174
2.810021,3.127102,3.1627367,0.48937985,0.042945426
2.5007198,2.8606753,1.8500843,0.49367663,-0.6969073
1.5245605,1.220388,2.835571,0.08189249,0.6930813
2.618968,2.7099328,3.4533646,0.49365804,0.7558835
2.9436955,2.7026439,3.7454903,0.4809522,0.7242611
2.6478422,2.8600852,3.5942366,0.49296242,0.6961393
1.4749047,1.6264637,1.9413059,0.075267315,0.39807308
2.4200723,3.3578806,2.105422,0.4694845,-0.6556936
2.9938662,2.8659046,3.389405,0.4986732,0.65693015
2.002603,0.74616987,1.9719253,0.29416147,0.7051125
2.683479,2.7507415,0.6105481,0.5,-0.67950714
2.864111,3.7175353,3.467347,0.48657665,-0.27355447
3.2608147,0.6621042,3.191648,0.5,0.6959361
3.6203532,3.4277964,3.5407102,0.4950226,0.12955256
0.70381033,0.5258934,1.343042,0.0,0.685176
2.7509925,2.529842,2.442124,0.49273086,-0.08858566
0.9771995,0.850398,0.9713513,0.029682377,0.23272999
3.018405,2.720124,3.134979,0.5,0.47251263
2.9494686,3.1371953,3.4058998,0.5,0.3481173
3.4996252,3.0484304,0.35673591,0.48215508,-0.67223555
0.88367784,1.3693203,0.7281938,0.007823522,-0.649185
2.8443437,3.0581064,2.245425,0.5,-0.72101116
2.914583,3.9171796,3.7536976,0.5,-0.16751124
2.4831073,2.8678691,1.5509055,0.4941298,-0.69601196
1.2668996,1.6352957,1.640181,0.0604514,-0.03034178
2.565824,3.78365,2.7834373,0.48364085,-0.7013989
2.2399693,2.5784998,2.5174372,0.3893118,-0.06298102
3.634429,0.44170523,3.9230084,0.4994427,0.73857087
0.8960568,0.6512341,0.973802,0.009562142,0.60854465
2.0870264,3.0463526,2.2590253,0.32561326,-0.6719651
1.3512053,1.0568104,1.6837023,0.06524668,0.69465876
1.0089525,0.70039237,1.4384667,0.03075081,0.68001944
2.9968445,2.6578252,1.8155088,0.5,-0.6967103
2.5027025,2.260503,2.6012008,0.5,0.42364842
2.9369512,3.1822553,3.5706315,0.4971583,0.4537682
2.4016922,2.4490778,2.2430577,0.44896656,-0.26588976
3.2223244,3.752041,3.6577249,0.5,-0.11229113
3.2072318,2.8453546,3.8566358,0.5,0.7289063
0.5934033,0.41356596,0.836349,0.0,0.76426786
1.7758926,2.0911984,2.0424461,0.1819983,-0.05776381
3.7915576,3.5453095,3.3745465,0.5,-0.23914933
3.1459339,2.6281173,3.394451,0.5,0.6629979
1.8042066,1.3078607,2.2350574,0.20056127,0.72622263
1.0243434,1.1795965,1.0411276,0.026076823,-0.20733532
2.7232366,2.895381,2.7148015,0.5,-0.26177594
1.9012465,0.26445633,2.376464,0.26011387,0.6883229
2.3779662,3.2007847,2.7389586,0.45244128,-0.567411
2.5574095,2.966561,3.019376,0.49143264,0.059483647
2.489204,2.8054485,1.9532437,0.5,-0.69609874
0.8785077,0.4590675,1.3242384,0.020147718,0.7158408
3.7028234,4.3252707,3.014129,0.49331257,-0.7021296
0.77570546,0.7588249,0.8750221,0.005421906,0.17017789
1.899666,2.4953635,3.0412023,0.25018916,0.6470227
0.81833607,1.9388633,1.3292673,0.023813795,-0.69960994
0.463189,0.6610939,0.86286646,0.0,0.43882674
1.0165967,1.7581445,0.7883656,0.017575448,-0.7134935
3.082828,3.4470313,4.07477,0.4939501,0.7043334
2.0734525,2.4191084,2.4451454,0.34135512,0.03934468
2.6448622,3.5324554,1.6527429,0.5,-0.7072
1.9518534,1.4308615,1.7197151,0.2765194,0.42507988
2.6356401,3.4495707,2.9350238,0.4792308,-0.6753469
0.8968117,1.1715844,1.0099987,0.04044736,-0.2896151
1.0085497,0.70445114,1.74354,0.023311896,0.7027746
3.6706495,3.2452555,3.2733932,0.5,0.033493754
2.3577478,1.6921123,2.611342,0.44119155,0.669212
0.8423512,1.3003206,0.7040807,0.021597726,-0.74715245
0.54603726,1.8018594,0.8785439,0.004653888,-0.6780083
2.803017,2.7276382,2.7379677,0.5,0.02050358
2.7409132,2.4539511,2.9736524,0.49852407,0.5957447
0.47799373,1.3850893,1.5075822,0.0,0.23456106
3.472367,3.7539654,2.89073,0.49129575,-0.6946791
2.6629584,3.5411386,3.9043612,0.5,0.46075627
1.0435128,0.7159793,2.9459798,0.02995228,0.6880192
1.2402778,1.7620996,1.1535748,0.053983808,-0.73872805
0.6348136,1.753814,1.5938164,0.009687763,-0.3026129
1.0235276,0.7221042,1.6820782,0.039620634,0.6590674
2.7314544,2.780168,3.3269196,0.5,0.6636174
1.9320167,1.946009,1.8189719,0.26525596,-0.14683942
2.5990756,3.1460807,2.285392,0.5,-0.70010906
2.5252266,3.379718,2.4506547,0.5,-0.690124
2.2242396,2.0483823,2.2572699,0.38650513,0.25816837
2.175841,3.583317,1.7256533,0.35607427,-0.74003935
2.8359392,3.058763,2.6811836,0.5,-0.42360032
2.4311068,2.3961995,3.173245,0.4669351,0.7098113
2.2603164,3.1702452,3.2226155,0.38339138,0.07938206
2.118366,2.3657303,1.854676,0.3401247,-0.5988722
2.54721,2.485163,3.9318092,0.48884213,0.6737181
3.1714785,3.0789833,2.6475272,0.48775876,-0.51985925
0.6803994,2.047465,0.37023056,0.0025045804,-0.66055816
2.416265,2.0950146,1.7261595,0.46925685,-0.4375882
2.7848513,3.51985,2.032243,0.49141276,-0.6948501
0.51623076,0.3708007,1.3103268,0.0,0.6910596
2.8792415,2.8047016,2.8431108,0.5,0.049832743
2.7496676,2.9224365,0.69122434,0.48353478,-0.6943647
3.0146787,3.3522725,2.9906857,0.5,-0.4365347
2.5337546,1.9278499,2.0495832,0.49439088,0.10929928
2.6620529,2.6370838,0.29893625,0.5,-0.7293921
2.3361096,3.0322125,1.3622879,0.427332,-0.6807552
1.6660516,2.3533332,1.6874521,0.13788517,-0.71458256
2.7883227,2.8822076,3.2409217,0.5,0.36600932
2.81155,2.4054096,2.4805806,0.5,0.09466392
2.415031,2.7117028,1.3934892,0.47125322,-0.71953326
0.9079588,1.5751507,1.4836893,0.02058598,-0.16543902
2.1777825,2.474826,2.8517632,0.37274456,0.4476716
1.5547743,2.4430103,0.25124422,0.10265927,-0.6600942
2.206858,2.2694087,1.6595886,0.3937446,-0.66440034
1.6720047,1.2791144,2.2027333,0.1538089,0.6932963
2.8674538,2.714573,1.9211862,0.5,-0.7409734
0.71608347,0.87280375,0.2,0.010678948,-0.6606277
0.7340015,0.609437,1.6297712,0.00881242,0.6616252
3.2121592,3.1239836,3.0290363,0.5,-0.10028605
2.014311,2.7400672,0.66157037,0.30022398,-0.69692385
1.0074841,0.82145244,0.6557012,0.018926514,-0.18976077
2.9270394,0.79566157,3.6734324,0.5,0.69797254
3.1258278,3.8242247,3.2660124,0.5,-0.63674927
1.3807836,1.9078213,2.0251644,0.063125424,0.12274042
2.7818792,2.4070244,2.6108403,0.49851954,0.25264123
1.3190503,1.8560194,0.8389066,0.069362156,-0.7206341
2.267856,1.9110541,2.2848623,0.3879169,0.46607354
0.8560634,0.62216043,0.5329456,0.0055622216,-0.16956082
4.3665586,4.047842,4.1924024,0.5,0.18332435
2.4635797,2.4093525,2.1719937,0.48268554,-0.27556497
1.8816841,2.3541894,1.3383707,0.25675264,-0.7032283
2.3358788,2.5917175,2.7545989,0.4395856,0.22549781
2.6245859,2.4664288,3.0271068,0.49628383,0.6602087
2.2280676,2.5324001,1.7902032,0.39748,-0.7126921
2.0957725,2.4155736,3.083486,0.32755005,0.7180203
2.322144,3.0181394,2.0253658,0.4146084,-0.6839062
2.860437,3.2100282,3.3326523,0.5,0.16090542
2.4801211,3.0528626,1.2709215,0.4749639,-0.682634
2.0677557,2.344197,2.0336547,0.31476897,-0.40033036
2.2415574,1.9852216,1.3874266,0.37904567,-0.71043193
0.8284346,0.5751637,0.54524004,0.013442531,-0.08164851
1.2099596,1.9975098,1.4711946,0.054993935,-0.7311861
2.1499872,2.9673293,2.4064264,0.36070672,-0.5985782
3.0590706,1.9118983,2.6932642,0.5,0.69570166
2.452695,3.0351415,2.5439289,0.48879722,-0.63362503
1.5518215,1.5109477,1.8038005,0.10198753,0.3295495
3.241515,3.5929592,2.9694078,0.4978841,-0.7317241
2.8370602,2.3665786,3.283956,0.4919733,0.6802363
1.7547513,1.7748067,1.9477739,0.18958843,0.1628974
2.397351,1.8060983,0.9345234,0.45262015,-0.6726645
2.1550252,2.1039536,3.1402128,0.374222,0.7276685
2.987655,3.5211592,2.9138358,0.5,-0.66651416
0.8232967,1.2010963,0.40161675,0.005282499,-0.68472236
0.70835614,1.9506985,1.3119665,0.000863393,-0.6621793
2.511639,2.4528928,2.8073058,0.5,0.45224315
0.49295154,0.2417478,0.2,0.0037790171,-0.12352468
3.4178064,4.3016224,2.5863323,0.49912283,-0.71729654
0.55208045,0.2,0.88806957,0.0,0.6966677
0.9562769,1.2683241,0.770691,0.032234367,-0.68948424
2.7321262,3.1814644,2.9822114,0.5,-0.21974503
1.0589397,0.20558362,0.97735494,0.03102742,0.6351207
0.9614321,0.6511933,1.3580925,0.028836662,0.69060016
0.8988612,0.3745753,1.4040761,0.022176344,0.6965042
1.015541,1.6538934,0.2276625,0.0342011,-0.70557946
2.5433896,2.4108033,2.1531725,0.5,-0.27613074
2.2206328,2.357565,3.1390488,0.37176347,0.6431503
0.56106347,0.2281804,0.9395325,0.0,0.7149102
1.2601527,0.38644528,1.7703149,0.055256538,0.68900394
3.3217971,3.1723766,4.645921,0.494372,0.74499077
2.348683,0.5753616,3.126682,0.4287268,0.6494597
3.1205475,3.1454644,3.278839,0.5,0.22603351
3.2098935,4.1871047,2.773228,0.5,-0.6898762
2.0075676,2.4754395,2.7627256,0.28964442,0.39175475
2.0295079,1.3349376,2.8617127,0.31723008,0.7116155
3.6340778,4.356073,3.9390476,0.4981609,-0.46267152
0.8069856,0.70462024,1.8942351,0.0,0.7170143
2.2331586,2.462229,2.5386143,0.3953018,0.06542131
1.9742587,2.6612039,2.267255,0.27035165,-0.43262807
2.495769,3.3363256,3.325068,0.5,0.023095654
0.9364276,0.90353703,1.4004335,0.016634865,0.69006866
3.0488977,2.59212,3.5168087,0.4911038,0.7542141
2.6997013,3.2391343,1.8226471,0.5,-0.6774119
3.566451,3.3449292,3.8736694,0.49739075,0.6527214
3.4505098,3.7908049,3.3316672,0.5,-0.5355741
2.8273373,2.4587822,2.7298791,0.49052837,0.32262364
0.47547904,1.1566339,0.5728869,0.0,-0.6390059
2.4990318,2.2524328,2.3285265,0.49803036,0.12351178
3.2425997,3.2832913,3.8503432,0.49204218,0.6556034
1.0632118,1.0368775,0.6226127,0.049242586,-0.7011776
3.1501057,2.6272388,2.4603593,0.49150723,-0.25837952
0.91511863,1.6616936,1.0349176,0.017718494,-0.71797144
2.8842766,3.6953747,3.786186,0.4929845,0.10515387
4.050621,4.1524734,3.973841,0.49524793,-0.20741138
0.6414393,0.44664398,0.7083157,0.0,0.49715576
2.950311,2.9223075,2.9621387,0.5,0.0025181093
2.0972648,2.073974,3.586909,0.3447551,0.7291889
0.8487585,0.6879999,1.5424474,0.02218755,0.6648509
1.9985415,2.0745537,1.8921589,0.29911715,-0.27247813
3.1719322,2.8169534,3.2562394,0.5,0.5210227
3.100637,3.881236,0.5069003,0.4913233,-0.7114925
2.4909213,0.6095991,3.5890615,0.48427534,0.68675786
3.65049,4.7580204,3.0304787,0.49255347,-0.6813238
3.5056353,3.7204902,3.2268631,0.5,-0.54361653
0.83164847,0.8413657,1.5235732,0.023922944,0.6742511
3.0009036,0.5414416,3.9972951,0.49104455,0.7199744
2.1850996,2.298822,2.4448357,0.3700762,0.1285281
1.1989261,1.4067405,1.34571,0.05968335,-0.11155876
1.9781247,2.2796793,2.1736162,0.29418704,-0.112757646
0.9007602,0.51659995,1.0440868,0.031684835,0.70069337
2.5320055,2.1864538,3.7755036,0.49943125,0.61717755
0.63511115,1.2668803,1.0955402,0.023277339,-0.31803802
2.9502673,3.4245317,2.9799535,0.5,-0.5312874
3.1846805,2.7227957,3.6225152,0.49737707,0.66370773
0.6662254,0.53052694,1.3425742,0.009024134,0.6834249
0.96309733,1.6453233,0.71385485,0.028306164,-0.68906146
2.4379537,2.745076,2.7474365,0.47442523,-0.0105898995
1.7513154,1.1454017,1.9522843,0.16934656,0.68498904
2.2771394,1.74205,1.9078153,0.43593502,0.21011028
3.5456288,0.77640635,3.4508574,0.49246588,0.6924132
1.1255609,2.3232992,1.1117203,0.036249753,-0.73171115
2.1543882,2.0877295,2.0804644,0.35229796,0.014435778
3.0630085,3.6316133,4.2390194,0.5,0.68625873
2.2108338,2.0176606,2.3932073,0.37780985,0.42190906
2.144794,3.1948025,2.5058506,0.3314022,-0.66750073
3.771756,4.08026,4.2973757,0.49217704,0.2778007
2.8046005,2.3939261,3.01974,0.5,0.6909841
3.1472874,2.9489944,3.1314082,0.5,0.21744522
2.9057221,2.6794984,3.843541,0.49567798,0.6787396
2.7042878,2.856133,3.6419694,0.5,0.7212854
3.3438616,3.1908298,4.05504,0.5,0.7067993
3.708923,3.7577546,0.47239542,0.5,-0.75743854
1.5312517,2.838849,1.9554781,0.09807029,-0.69830924
2.564076,2.5293822,2.381019,0.5,-0.18080105
2.5693061,2.7899144,2.8536034,0.49529585,0.093407616
0.9793464,1.0229945,0.53364533,0.0126602,-0.71216595
3.1917446,3.3965452,3.778623,0.4949613,0.45954537
2.7347136,3.2789135,3.7977414,0.49756566,0.5912895
3.7980387,2.9341838,3.4035294,0.5,0.57449263
3.275433,3.4967265,4.361747,0.4961142,0.6976612
3.4142725,3.4643605,3.9120812,0.4832948,0.5930846
1.8271745,2.1467307,1.6877606,0.22069342,-0.5600939
2.0923195,2.251261,2.4412763,0.3240545,0.27290666
2.1666613,2.3084812,3.1838226,0.35595897,0.6553742
1.4032412,1.7779726,2.2822359,0.061378825,0.6531954
0.7904726,0.638139,1.569881,0.001152957,0.70049673
2.045464,3.208078,1.9959127,0.30716884,-0.73079705
1.8570707,1.6820767,1.6000905,0.2219346,-0.07986893
1.2276512,2.1333346,0.5573206,0.06488739,-0.6615139
2.5248768,0.47744703,2.7565427,0.49003768,0.71636677
0.86242145,0.8983484,0.95469177,0.018900359,0.052951984
1.8687415,2.260732,1.8470771,0.23722081,-0.47350192
1.1924164,0.91995764,0.96897525,0.05298145,0.115359604
0.98575103,0.6493509,1.5454421,0.03665364,0.7101378
1.9817187,2.0782692,1.7869681,0.29063332,-0.30726945
2.177153,2.8285758,2.7504466,0.36211923,-0.12802152
2.735997,2.9367518,2.7445035,0.5,-0.24116324
2.1450927,3.2921383,2.2998977,0.3374818,-0.7041049
3.5864398,3.978979,3.097101,0.5,-0.7199516
0.983486,1.00182,1.4071404,0.02348388,0.6688991
2.1733308,1.0664825,0.36770168,0.34909338,-0.7463075
3.2293248,2.631552,2.8431296,0.49432006,0.2611933
0.75877845,0.77324754,0.8507911,0.009190662,0.12989776
2.2694788,1.7229056,2.0195425,0.4147906,0.36957395
3.172651,3.25222,2.5375607,0.5,-0.7046891
0.6747795,1.01156,1.2426397,0.0015172653,0.4912136
3.0550172,3.16439,2.67229,0.5,-0.5974617
2.1639047,2.248709,2.6350036,0.35710782,0.49515787
2.1288486,3.3641899,3.576549,0.34360853,0.29191035
0.75214744,0.97387606,0.4720122,0.011828448,-0.6876062
2.28597,0.3366967,2.6958365,0.42087594,0.67994004
3.1672077,2.876339,3.1955602,0.5,0.35815436
2.8009343,0.56905746,3.1009312,0.48676062,0.71208256
2.8504274,2.789085,2.1141834,0.5,-0.7116947
0.67503005,0.24066381,1.01526,0.0025685418,0.7231897
2.3992963,2.878115,2.6331692,0.43620297,-0.2615469
1.0188382,1.8711503,2.409814,0.026610428,0.65570956
3.1437495,3.4113538,2.378955,0.5,-0.7143114
2.2915204,0.63378286,2.2131546,0.400913,0.698983
0.88081086,0.5566825,1.3234907,0.018976523,0.6975527
2.2580771,2.5709395,2.9002304,0.41960877,0.37533134
3.1915574,2.8997958,3.358408,0.5,0.52890337
0.51428586,0.5013794,1.3390837,0.0,0.65247834
2.9343295,3.1204488,3.1449263,0.49750102,0.0014629647
1.6479244,1.3325024,0.77701974,0.1341216,-0.64800996
0.9925954,0.4929986,0.33417583,0.0357781,-0.260936
3.3492272,4.0910435,3.8769128,0.5,-0.23595867
2.7036762,2.1110828,3.6701849,0.4932028,0.73475397
3.7413948,4.8549705,3.5140252,0.48698667,-0.68347734
1.7897165,1.6354065,1.7343068,0.20616378,0.10949946
3.00991,3.466583,0.35024154,0.5,-0.70007974
2.007973,2.489012,2.3958175,0.30160522,-0.050945807
3.2612855,2.8976042,0.58938223,0.5,-0.7470679
2.9441361,0.6065185,3.533035,0.49683157,0.7100556
3.6922505,3.944113,1.0251914,0.4743132,-0.6647561
2.8884401,3.4512126,3.0428033,0.49366504,-0.48327667
2.364396,3.1706827,0.6075007,0.4503992,-0.7197355
2.2916155,2.9284668,2.618047,0.4127632,-0.38020143
2.4234083,0.34655976,2.7330031,0.4719612,0.6983499
2.3274229,2.3927011,2.7113185,0.4108964,0.35985443
0.98621505,0.74924916,1.8500149,0.025970398,0.70614725
3.38886,0.75078607,4.063822,0.4977223,0.6967597
1.7280586,2.1246808,0.5466154,0.18018651,-0.66517663
1.0230925,1.5107079,0.6627696,0.030459788,-0.66632
2.6393929,3.129045,2.463363,0.49598578,-0.7083669
2.112373,2.4802308,2.8571548,0.3236931,0.44157615
2.8857484,3.2308385,2.57319,0.5,-0.6880753
3.52524,3.440926,4.517413,0.5,0.7343021
3.1649835,4.039037,3.0896342,0.49266958,-0.68551224
3.4178739,3.9494667,3.5657408,0.48828965,-0.4712002
2.1388776,2.3905277,2.1866226,0.37164637,-0.27232075
0.87347513,1.6300607,1.0622109,0.0085575925,-0.6851481
0.8888724,0.8148249,1.9175006,0.025852114,0.6958648
2.7834842,2.9581714,3.6027863,0.4961343,0.6941139
2.807357,3.4409177,3.9819605,0.4841249,0.6451459
3.176672,2.751646,4.5100493,0.5,0.7078592
0.66652364,1.9888449,0.6541857,0.0008254688,-0.67915976
3.0139015,2.886186,2.722916,0.5,-0.18917742
2.1003711,2.0718067,2.3963952,0.33105054,0.45250034
1.8096867,1.9973987,2.1040363,0.20593959,0.1612707
2.9149628,3.507226,2.3889353,0.5,-0.6946897
3.4706342,4.074161,4.1426225,0.5,0.07134209
2.6248057,3.5529985,2.2895844,0.48780718,-0.70813143
1.7054445,1.8659675,1.680529,0.14843664,-0.260407
1.103568,1.4280165,1.6914834,0.03309285,0.349001
2.9364603,2.3599374,0.47264805,0.49860802,-0.6520958
2.7404842,2.39477,0.46427938,0.5,-0.69391996
1.908314,2.089676,2.2180028,0.2580362,0.12321828
2.5976694,2.9994571,3.1123757,0.5,0.14623109
3.000321,3.1783636,2.9116166,0.5,-0.3550791
2.9014103,3.3778975,3.239838,0.48125353,-0.13518663
2.130916,2.3393822,2.4108915,0.33188155,0.098401636
2.5795193,2.686074,2.8076081,0.49464437,0.1517861
2.2323723,3.6029668,3.067837,0.392568,-0.5854035
3.5893805,3.6836448,3.9695604,0.493526,0.33137664
3.1188724,3.8255045,4.0134034,0.49715126,0.18842515
2.3096502,1.8127799,0.58059883,0.4240219,-0.70517045
1.8699243,0.8193134,2.0120819,0.23178887,0.7042217
2.7874818,0.4033208,2.1956868,0.4958084,0.69595623
2.2979653,3.4711385,2.066913,0.42013726,-0.7145028
0.8135562,0.72792166,0.7574503,0.0,0.08612451
0.7618447,1.0100422,1.1892868,0.012436304,0.36335984
0.9520781,0.7138356,0.8562102,0.0308985,0.26775536
2.6924996,2.4869869,2.352681,0.5,-0.14611302
2.4475107,2.5909932,2.8083293,0.49165925,0.30686474
4.059673,4.487561,3.4266212,0.5,-0.7268602
0.890316,1.5957367,0.2,0.029069293,-0.6748726
0.8402131,0.7903843,0.6678093,0.009046966,-0.20800605
0.49582148,0.40191677,0.92217743,0.0005930854,0.7040108
0.54107547,1.3119159,0.2,0.0,-0.69298935
2.4148586,3.323972,2.6024303,0.47687954,-0.74557567
0.53096193,0.7208143,1.144308,0.0,0.69605297
1.1482276,1.6369406,1.5498123,0.05483364,-0.15136917
1.3518723,2.5080245,2.452898,0.061450023,-0.08869468
1.0140811,2.5532446,1.266632,0.02511465,-0.7352805
2.149954,2.5828855,3.0924165,0.3662121,0.5588993
0.7430989,1.3686426,1.2499028,0.014189931,-0.23090078
0.6218071,0.9123051,0.6101344,0.014630816,-0.5471831
2.7250223,2.154339,2.396476,0.4887945,0.2856677
1.7766547,2.19061,2.0726051,0.18463945,-0.116510265
2.6327732,3.537174,0.72799927,0.48405263,-0.73057365
1.0779074,0.8360753,1.178649,0.040115308,0.54610574
0.9774319,0.2,1.0585632,0.025170356,0.70368195
2.759527,3.235498,3.5694551,0.49702662,0.41458538
0.9999488,0.30132842,0.33178145,0.03505982,0.047075577
3.460224,2.9553514,3.9532075,0.49339023,0.69172
2.4932268,1.8568408,2.186134,0.48058423,0.3306509
3.0464435,2.2358103,3.737802,0.48472893,0.70569336
2.2402918,2.9223166,3.183675,0.38070595,0.2852669
2.6544828,2.8801079,2.4141638,0.5,-0.48770198
2.1147742,3.3440228,2.366353,0.34172752,-0.6753561
2.7479734,3.3723698,4.326178,0.5,0.7669812
3.1179843,4.2551546,2.9382935,0.49037188,-0.71257883
1.0576208,0.90474176,0.46610287,0.030105116,-0.69521636
2.2812307,2.626688,2.5756884,0.41158205,-0.052697025
0.79439634,0.34666118,0.41505638,0.0038205027,0.093123995
2.1293283,2.14386,2.5035837,0.34302485,0.44138876
1.688206,0.25435194,2.2934873,0.16088353,0.688513
2.863507,2.9485335,2.4879744,0.5,-0.5307624
2.5386379,0.5169869,1.9907086,0.5,0.72648185
2.5484684,2.7004118,3.2797966,0.49323776,0.64637506
2.911799,3.2155697,3.9352477,0.5,0.7370579
2.9898403,3.2775872,3.0295944,0.49617463,-0.22831698
2.5055814,3.3461504,0.5212308,0.5,-0.71701646
1.9303397,1.7759912,3.0311296,0.2636818,0.7350899
2.1709917,2.3450127,2.746505,0.34674048,0.4624565
0.9731517,1.1794351,1.2231978,0.028234793,0.15476458
2.6578357,2.4408922,3.2536876,0.5,0.70628244
1.0436821,1.0520786,1.7241201,0.008484548,0.6306485
1.0183989,1.6252617,0.2,0.03201666,-0.6523548
0.53358203,0.322435,1.1713228,0.010820952,0.7213108
0.9416841,2.489664,0.45218724,0.023542428,-0.6614804
3.0621283,4.032353,2.785885,0.49384806,-0.74684
3.1143527,3.3668277,3.4791982,0.5,0.16064274
2.4592202,2.8640673,2.5584211,0.49227723,-0.35937822
0.7226832,1.3211613,0.95538217,0.013754281,-0.7482169
2.6970525,0.54750055,2.8171685,0.5,0.6822575
2.702274,2.9789004,2.8555114,0.49525604,-0.19869421
1.1150904,2.7004447,1.299607,0.030589825,-0.69628245
1.9899006,1.8707025,0.79633635,0.29396513,-0.70170003
2.0304728,2.0466485,2.6058,0.2977293,0.6745829
2.404536,2.600596,2.1630344,0.45075923,-0.514473
2.6998198,3.2563262,0.71196723,0.48261937,-0.6946936
2.6328452,3.9061022,3.2263372,0.48138785,-0.69346815
1.1806124,1.3733274,1.2217264,0.05629379,-0.23920362
2.1687791,2.652799,2.6534352,0.35833356,-0.036042538
2.9977388,0.73149776,3.1921961,0.5,0.7583911
3.7488422,3.8579307,4.0422993,0.5,0.18319573
2.3896043,3.256304,3.220845,0.46481824,-0.026939133
2.187771,2.589811,2.5439374,0.34507143,-0.0907141
0.86923933,1.5895222,2.090849,0.0045927064,0.7249145
1.0539578,1.0218897,0.91765106,0.034340337,-0.19101313
2.2529714,2.2377906,2.0054777,0.40342274,-0.26338938
1.5169529,1.6022007,1.9576768,0.09200066,0.46823323
1.6876041,2.118432,0.54728216,0.17811169,-0.7579797
3.1923738,3.9501762,3.4430647,0.5,-0.63202393
3.4071908,4.630327,3.7641335,0.4963715,-0.6474793
3.5813785,3.8434343,3.1033645,0.49545753,-0.70509917
2.710629,3.8736074,1.8133355,0.49051017,-0.6540487
0.6950281,1.1801555,1.240917,0.005039491,0.10300199
2.296908,2.1482062,1.7916218,0.41183725,-0.42867503
1.2735355,1.5906771,1.3139682,0.03834979,-0.40984365
1.7283747,2.268153,1.8034598,0.18306318,-0.55257803
1.2131286,1.814193,1.3405832,0.052013244,-0.64414316
2.9009278,2.8724773,3.4294696,0.5,0.688324
3.738099,3.818259,4.3074946,0.48847362,0.647141
0.8764092,0.87586504,1.223776,0.033718362,0.65221894
0.97647256,1.0384527,1.4127675,0.020480027,0.68346745
2.5144768,2.8878214,0.39748615,0.5,-0.7053465
2.4056885,3.553983,2.2331703,0.46273035,-0.6810973
2.3345203,2.3571582,4.297188,0.42752925,0.7248966
2.8167868,2.1510496,3.0552182,0.5,0.71912235
1.8591062,1.2614383,2.5266156,0.23292822,0.6859373
0.43409458,1.0219617,0.20760822,0.0020926374,-0.68769187
2.9957182,2.9406035,3.5759928,0.49704945,0.66191673
3.417869,3.8219213,3.48593,0.47706565,-0.406864
2.8080888,2.6449132,0.7355925,0.5,-0.6723654
3.25936,3.3796287,4.2728157,0.49720386,0.6996749
2.3824682,2.382664,3.3233287,0.4479276,0.6519147
2.3917732,2.2802448,2.6371288,0.44539297,0.43349135
3.3883011,4.233341,3.7150762,0.4950449,-0.650087
1.7842152,2.6108491,1.7928114,0.18984921,-0.72706157
0.8918774,1.364654,0.47312534,0.030396271,-0.7093957
3.2734172,4.4983597,3.4489424,0.48550218,-0.68182427
1.1277702,0.61977834,1.4868184,0.022212295,0.67391944
2.363494,2.5246592,3.142423,0.43000335,0.64766157
2.4610636,2.4966893,2.934629,0.4966935,0.48092902
2.631789,3.254189,2.410106,0.48942786,-0.7521864
3.2523715,2.7709975,2.425883,0.5,-0.40918568
3.136692,0.7046384,3.2027242,0.47625804,0.68072194
2.6412842,2.1152568,2.2302182,0.49325493,0.15564647
3.243262,3.791111,3.430446,0.49750036,-0.46747115
2.8070614,3.6133313,3.2504427,0.48878157,-0.41769296
3.1148365,2.7200277,3.4814532,0.5,0.6271602
1.966864,1.9995129,1.9841117,0.27671105,-0.046504647
3.6910872,4.3849487,4.0864134,0.48883528,-0.36585647
2.8725238,3.6762168,3.6391702,0.4887897,-0.056677878
0.9214204,0.386475,1.3242825,0.023274522,0.7235841
3.5861652,3.9693618,4.00169,0.5,0.034610286
2.5817027,3.1271343,2.5693436,0.5,-0.6473751
0.76832384,0.9139967,1.0406108,0.017297782,0.25056016
2.2432842,3.1596181,0.2126311,0.4001059,-0.7476839
2.8905585,2.8038664,3.0223892,0.5,0.2429647
0.76720595,0.78307277,0.88616824,0.002673308,0.22987229
2.2823238,2.1504605,3.0664818,0.40272748,0.7053796
1.1590984,1.5130191,1.3410264,0.057783797,-0.2447566
1.2923557,1.3240281,1.7803102,0.055819105,0.65305555
2.268985,0.2,2.637211,0.39496738,0.7071609
3.0712464,3.124789,3.6169202,0.5,0.5808961
2.7708015,2.9058707,3.4144022,0.49377176,0.61871976
0.6093489,0.9468506,1.4861515,0.0019646145,0.7316102
3.0101378,2.7524383,3.7026393,0.47942093,0.71130204
2.5622315,3.2496302,3.5011458,0.5,0.31325567
1.977572,2.554495,2.0840561,0.26667476,-0.57540137
3.669199,4.249415,3.3311539,0.5,-0.7282438
0.77917737,0.52279365,0.9511234,0.006475157,0.720334
3.626728,4.603435,5.250385,0.5,0.6907651
3.1684682,2.5562694,3.4535615,0.49983135,0.64971256
1.0072051,1.6733494,0.41078526,0.035023026,-0.71131885
1.234835,0.52575326,2.7616222,0.05737168,0.693155
1.8275245,2.423111,2.2018237,0.2099587,-0.21975824
1.2753328,1.4056716,1.1017747,0.06671364,-0.4314384
1.0790749,1.3387488,0.7324524,0.040906854,-0.68483895
0.9283219,1.5407702,1.2281189,0.029949548,-0.46104994
1.1254673,0.42007044,1.696967,0.06512337,0.6711556
2.5317378,2.93498,3.1525269,0.48606566,0.24223454
1.9625739,2.2801113,2.6741197,0.27809218,0.50038826
0.48556352,1.7567093,0.24735257,0.001158895,-0.7029648
3.1146257,2.56236,0.597417,0.4870346,-0.72541463
2.0047438,2.8085084,2.2166233,0.27885124,-0.70149595
2.1152368,2.5274458,2.8973587,0.34610707,0.40017143
2.7070262,3.0918868,2.7406735,0.5,-0.41631702
3.084834,2.6779046,2.2147274,0.5,-0.6017621
2.2903893,3.106072,3.052269,0.42020595,-0.058357615
3.4843223,3.1953907,2.3134549,0.5,-0.6638483
0.9537539,1.9282839,1.0424563,0.032273963,-0.7553667
1.3184574,1.2483323,1.9704758,0.062105168,0.6975261
1.7088279,2.6482477,2.233702,0.1772498,-0.5358079
1.5953561,1.4682075,0.9861778,0.114341795,-0.6056655
0.74629486,0.56361574,1.4711744,0.014031834,0.7282261
2.0382676,2.197149,2.911059,0.3158561,0.7390253
1.7434613,1.6464279,0.5130361,0.18557572,-0.65682787
2.8520637,2.9241636,2.9056282,0.5,-0.06828382
3.0959513,4.1907415,3.5509691,0.49470505,-0.65528136
3.2412784,3.2262435,3.0813215,0.5,-0.15616421
3.1403415,3.3786697,3.9335043,0.49361873,0.6364106
2.0440154,3.112997,3.0737522,0.3123685,-0.03758736
2.7848516,3.1615036,2.7898757,0.4983199,-0.43050587
2.9467854,3.699666,3.5243008,0.5,-0.19206795
0.3806697,0.9396567,1.140773,0.002865014,0.4484962
1.0223448,1.8475578,1.2036349,0.02268419,-0.6933769
1.8443978,2.0505009,0.89884305,0.22876258,-0.7365832
2.1903756,2.8032773,2.5242112,0.35897863,-0.3022394
2.7719562,3.9827101,1.4838148,0.5,-0.70563734
3.5338244,3.5366805,4.6240797,0.5,0.71405923
3.3065178,3.707654,3.8335972,0.4834107,0.205946
2.973745,2.9065773,3.151197,0.5,0.2812092
2.690342,0.71668875,3.3650148,0.5,0.6904283
0.93209404,0.2894322,0.53379303,0.035792403,0.39996442
0.66190875,0.74161446,1.4459211,0.013635693,0.72934633
2.140667,2.8419805,2.4243045,0.34958294,-0.5275318
2.1212847,2.2156968,2.435188,0.33408567,0.21637975
2.9511092,2.2868273,2.9157093,0.5,0.6892338
3.136305,2.9994156,3.251853,0.49333373,0.28832957
3.0389128,2.933677,3.6092486,0.49366257,0.6997462
3.3287718,4.3102646,3.0305,0.5,-0.685062
1.011975,1.5945995,0.58750015,0.027694114,-0.7182076
2.0218568,2.6779182,2.7841053,0.2971375,0.12457135
1.0701271,0.62184227,1.4970496,0.04667814,0.7066761
2.190466,2.3371298,1.9372368,0.36747146,-0.4794709
3.0275917,4.0535707,3.273013,0.49065244,-0.69104093
2.3988285,0.4238874,2.536078,0.45673683,0.70281416
2.5205226,2.489225,2.3849783,0.5,-0.07704008
2.9702303,3.6119096,3.3520014,0.49628234,-0.29650772
0.7215489,0.43405113,0.9320312,0.0033995067,0.65375894
3.1658475,2.978643,3.8474348,0.49783742,0.64605933
1.778128,1.044792,2.186275,0.1874138,0.63833463
2.795361,2.9092393,2.7471228,0.48045525,-0.20938143
2.6146793,3.1241746,2.4478035,0.5,-0.68923676
3.1293752,2.7963629,3.4387107,0.5,0.6721082
1.7767174,1.944231,1.0498637,0.19629377,-0.702654
0.9050244,0.75647956,0.55736536,0.016392024,-0.38884205
3.0584295,2.9463003,3.1611838,0.5,0.20253171
2.4052386,2.074097,2.461342,0.45562685,0.48077354
2.607964,3.3725433,3.238837,0.5,-0.17128462
0.66032445,0.55233985,0.2156112,0.0,-0.69494253
3.1930857,3.2425063,3.1660614,0.49177608,-0.13446265
2.7723231,2.7796874,0.63852406,0.5,-0.6785583
2.737136,3.0738208,2.7539449,0.5,-0.365403
1.8945308,3.391461,1.7729398,0.25965983,-0.7320078
2.9250395,4.573913,2.784151,0.5,-0.74171907
1.9998919,2.1318376,2.3016238,0.28554827,0.17604454
2.232244,2.644418,2.286546,0.386938,-0.40684253
1.7961167,2.5129695,1.8080924,0.21376325,-0.6758794
2.5179949,3.3530445,2.0380857,0.4996771,-0.7648249
0.65478766,1.0917208,1.997222,0.0,0.69390154
0.2695726,1.1105139,0.5226697,0.001259253,-0.75772184
2.3198967,2.7279677,3.3248184,0.4417668,0.6900603
2.71717,2.5850704,2.7311826,0.5,0.14639398
2.649711,3.4270394,0.50825804,0.48541987,-0.7007397
0.8072253,1.0659263,1.263115,0.0056425217,0.3653031
2.7563553,0.73314846,2.889195,0.5,0.6892637
1.9827135,0.5210413,2.2575753,0.2819982,0.70914084
2.675438,2.5111527,3.0179942,0.48536506,0.59973305
0.9535226,1.0223136,1.0412289,0.028931558,-0.029859815
2.9044135,3.426798,3.1350186,0.49693564,-0.37730113
1.8917009,3.0534263,2.6762786,0.25614426,-0.48215404
1.076235,1.7132589,0.8457815,0.037577122,-0.72498643
1.1081115,1.258558,2.2362068,0.06002554,0.7388219
0.7599842,0.48313713,1.245937,0.0017614745,0.6868036
1.6240829,2.455362,1.6947658,0.14356218,-0.72589785
1.8927509,2.2510753,2.5556502,0.24624698,0.33975577
0.6009326,0.37493593,1.2536275,0.0,0.7089941
2.9835784,3.7692862,3.3955824,0.49877843,-0.41321576
2.397648,2.8285677,0.47974062,0.44792578,-0.721757
3.0939033,2.2786567,2.5217407,0.5,0.2899043
2.1146858,2.6338046,1.9772383,0.33299634,-0.7202404
2.4092438,2.617701,2.610037,0.4769809,-0.04512411
2.3919623,2.0101597,2.8796587,0.46223414,0.62721246
2.309856,3.529816,2.5016837,0.41920292,-0.72677326
1.4307874,1.8784822,1.8644155,0.076050445,-0.04409779
2.6064508,2.5540173,2.6516385,0.5,0.15631376
2.5836601,2.3800719,3.022293,0.5,0.72656554
3.2039275,3.3498511,4.5431,0.5,0.6913905
1.816291,1.95802,2.0838063,0.22977293,0.16545247
0.95732504,1.4547983,0.9302541,0.0092392,-0.6963946
3.351883,3.4339576,3.4993868,0.5,0.041292764
2.7763636,2.8424323,3.3852608,0.5,0.6085471
2.949564,3.2039864,3.0940576,0.49129683,-0.06731377
1.2872279,1.2743897,1.8876184,0.05201008,0.7141003
2.8998623,3.073844,0.924837,0.5,-0.66503996
3.700519,4.622841,4.7701087,0.5,0.20654462
2.6108046,2.6370125,3.1089087,0.5,0.6112692
2.0139222,1.0672556,2.2776546,0.31185314,0.70586884
0.81761074,0.5927327,1.125743,0.011380084,0.68067193
1.0424811,1.8031317,1.2838845,0.04755974,-0.68413556
2.5524144,1.8932722,2.8587623,0.46652082,0.728679
2.8869984,2.6231213,3.7464254,0.5,0.68958354
2.1037028,2.7066164,2.1009145,0.34625107,-0.6920342
2.302284,2.4703503,1.8545712,0.41392526,-0.7438543
0.60188025,1.191525,0.8926377,0.0,-0.6023317
2.2249694,2.426325,2.5881329,0.38221905,0.17527471
3.1682649,3.0832212,3.8853855,0.5,0.6455996
2.0305412,2.1342,2.1263103,0.3084082,0.034781817
1.2339746,0.8589081,1.2413949,0.045615174,0.559819
3.7414649,3.5850368,3.6096616,0.5,0.06382319
1.7159662,2.315657,1.6017447,0.17982851,-0.71224767
2.5711432,2.6443849,2.4228334,0.5,-0.28989652
3.67173,3.9175441,3.324269,0.5,-0.73522747
2.564846,2.8612564,1.7270783,0.49690172,-0.6917699
0.8335255,0.2520694,1.425468,0.010293033,0.6574844
1.0500283,0.43344882,1.3791933,0.04875357,0.69435686
0.7062059,1.0917376,2.019504,0.0,0.7193487
0.4433523,0.50978947,0.2,0.010696181,-0.54945236
1.3063835,1.4183955,2.4995697,0.059427556,0.68950397
2.3965805,0.8179811,2.5205848,0.44864267,0.7262359
2.7662818,0.48960596,2.1609564,0.4966813,0.6979868
2.7316175,2.646791,1.9674927,0.49851212,-0.68733716
0.90991443,0.99404436,0.8877814,0.008366858,-0.17560612
2.7716749,3.1717024,0.6392773,0.5,-0.7364084
0.5307853,0.59359235,0.5297267,0.0075389524,-0.16924708
3.2789488,3.1938138,3.327459,0.4944324,0.1724183
2.9459224,3.990231,3.745385,0.5,-0.30685297
2.5897386,2.7808065,0.5257317,0.5,-0.69413996
2.5334039,3.0996747,1.957959,0.5,-0.675271
2.416844,1.6721965,3.200594,0.47251883,0.7439035
2.8638735,2.420719,2.5543187,0.49674284,0.120547526
2.491718,3.028689,2.1487272,0.488763,-0.6795922
1.2494755,1.3660628,1.3270227,0.03885442,-0.07481226
2.0210323,1.9737321,2.3057022,0.31685957,0.3807438
2.6600337,2.4216824,2.5776098,0.49202415,0.21968475
0.67947274,1.412224,0.21172085,0.00038102892,-0.69722074
2.4750898,3.0384815,2.3705742,0.49480972,-0.7170648
0.33610117,0.52132434,1.0303994,0.0036250122,0.72361916
2.754551,0.8781879,2.9084005,0.5,0.678959
2.5973163,2.627591,3.2510018,0.5,0.75157666
2.690996,2.5253484,3.1197882,0.5,0.7057034
2.4940057,2.296396,2.3259687,0.49342272,0.03593481
0.3921643,1.0282806,0.28504354,0.012227303,-0.67449206
0.7892508,0.78962755,1.0749837,0.0013359461,0.5465346
3.905949,4.1448507,4.1777678,0.5,0.06378913
2.8341255,2.9074535,3.155854,0.5,0.2882509
2.9457629,3.5882194,3.1968846,0.4921787,-0.50488406
2.4598365,2.3779268,0.5606244,0.47790897,-0.7101459
0.6709018,1.6920596,0.8018759,0.012409145,-0.67199683
2.5952165,0.5586935,2.3179307,0.49274084,0.69579303
2.7412028,2.6771717,2.4565127,0.5,-0.24197733
1.6960865,2.8145845,2.2112164,0.15981258,-0.6940165
0.9160431,0.5821765,0.66731685,0.024405003,0.13558905
1.0568777,1.2271144,0.24979234,0.05082377,-0.673207
3.1947176,3.8262107,3.1515467,0.4983572,-0.6888652
3.206409,2.5505435,3.47046,0.5,0.7109174
1.6463966,2.0243943,1.7358686,0.140867,-0.3722095
1.692076,1.1336172,1.4087574,0.15639414,0.31993774
2.9555166,3.1338892,3.6870422,0.5,0.66328955
2.1589577,3.3762105,2.5350115,0.35926557,-0.7022051
3.122106,2.1645582,3.9903018,0.5,0.67316055
1.6634644,1.7411593,1.8069661,0.14340986,0.08684349
2.5098467,0.37705716,3.0412595,0.4912755,0.6935771
2.5745554,2.2998314,2.1873033,0.5,-0.16092099
2.8826919,2.3692224,1.5342829,0.48901516,-0.6771323
1.9578849,2.7062705,2.1953495,0.28487837,-0.6128889
1.1192473,0.45029664,0.7010877,0.031046608,0.31543726
2.6805463,1.9758142,3.3562922,0.5,0.62876546
2.9332497,0.7836906,3.5625129,0.5,0.6781149
3.216401,3.127688,3.5930228,0.48650208,0.5619549
2.3535364,0.51439905,2.1518195,0.41856158,0.7029021
3.0071259,3.348437,3.2905138,0.5,-0.114561275
2.8970253,3.2228746,3.4220262,0.5,0.25793555
0.8904066,1.226975,1.2522738,0.032877315,0.036538124
2.5793893,3.7866862,2.2983463,0.48879153,-0.72028446
1.5229837,1.3178252,0.8133209,0.098677345,-0.6027781
2.6044052,2.538701,0.70534587,0.5,-0.70441353
2.6483223,2.5651731,2.86906,0.5,0.39146745
2.9172544,3.5275006,3.3979285,0.49602342,-0.15767248
0.70901644,1.3306551,0.91591084,0.0055275015,-0.6751652
2.415547,2.0564356,2.4996781,0.45026654,0.54099786
3.097117,4.0248094,3.2203655,0.5,-0.694941
2.5025442,2.2610157,2.5535107,0.48987496,0.32161662
2.4700687,2.9981282,3.846496,0.49439785,0.7143525
1.0113516,1.5702246,1.1226407,0.0342233,-0.7418001
1.9965065,2.3009686,2.0192592,0.28479442,-0.3374596
3.327922,3.403402,3.864596,0.49557683,0.62081605
3.2887561,3.2405343,3.6349123,0.5,0.44218373
2.4977787,2.914453,2.6960056,0.5,-0.2105047
2.5849645,3.0692537,2.3361912,0.5,-0.6468709
2.5608125,3.0616734,2.1771576,0.5,-0.6930119
2.6962996,3.2741878,2.8809826,0.4991545,-0.46007428
0.6286685,0.9442155,0.6475512,0.0028133595,-0.58824205
2.3195107,0.60928506,2.1843245,0.44019252,0.73600084
2.44847,2.3021417,3.0124412,0.48729864,0.6927287
2.392539,2.6216505,3.0705123,0.4432495,0.5901177
2.4726694,2.3429394,3.210043,0.48334584,0.7709423
0.8367955,2.261688,0.5830981,0.013082924,-0.6984162
2.6644294,3.2323956,0.4911121,0.49385053,-0.7325783
0.8891147,1.5706856,0.20622273,0.026782243,-0.70511866
0.9951222,1.4133066,1.1493655,0.021476395,-0.42325768
2.373208,2.5866117,3.0390244,0.43535373,0.5047473
2.347715,3.910597,2.0449,0.43583247,-0.73551744
0.85626006,1.6725988,0.62988317,0.0060701137,-0.73891926
2.2388911,2.321644,0.78475666,0.3850093,-0.69309884
2.9839585,0.45504194,4.067712,0.5,0.6503418
0.5651816,0.92472076,1.603976,0.0,0.71430796
1.162024,1.1479961,1.9512484,0.05081756,0.70891184
2.5407567,2.5829234,2.2524626,0.49507213,-0.4441166
3.6334488,3.0856614,3.849594,0.49754408,0.6750512
2.6983314,1.7389975,4.0381536,0.5,0.69165075
0.7594297,2.0399017,1.4858149,0.009064303,-0.7112793
2.3192806,2.266596,1.7614996,0.43674827,-0.541184
2.981656,3.1039567,3.6175458,0.49438432,0.660942
2.6373143,2.8438182,2.4204626,0.5,-0.53602546
1.2031088,1.7600249,1.203484,0.03847117,-0.7147948
1.1898701,1.7737787,1.8045322,0.047411397,0.02297221
1.8826984,2.5806994,1.962505,0.22870223,-0.706121
2.638879,3.2213712,2.5940766,0.5,-0.7312929
1.3404726,1.3578904,2.1170537,0.060817692,0.6684791
1.4089172,2.2283053,2.0023563,0.07645728,-0.2902569
2.6504197,2.7739143,3.008611,0.5,0.28805062
1.827703,2.5709052,3.0756114,0.21831003,0.6324647
2.302553,1.7370319,2.638601,0.4316421,0.6595302
2.9975781,3.8639717,3.3564568,0.5,-0.65284157
3.2755551,3.0185463,3.3037739,0.49678287,0.30854872
2.030622,1.4757196,1.722048,0.29847762,0.27550843
1.9576811,1.5347246,1.431582,0.26457715,-0.09855414
0.92547405,1.201764,1.5118322,0.016537867,0.5357474
2.5779047,3.9539628,2.5920258,0.48916364,-0.6738581
2.6198103,2.7539594,0.5289853,0.49966812,-0.652768
2.1120687,2.281838,1.9081043,0.34192628,-0.48917836
2.722234,3.243636,2.5502532,0.4921238,-0.70451474
3.6137583,3.517628,3.9405303,0.5,0.5341128
2.7834337,2.886026,2.439312,0.5,-0.5708247
3.2319357,3.2438092,2.6450822,0.49174237,-0.64866096
2.6812456,3.856874,3.1744595,0.5,-0.69092315
0.743722,0.95068765,0.2715618,0.008091487,-0.63885486
2.1709397,2.789643,2.5547466,0.36789006,-0.28841916
1.0923928,0.9600942,1.395776,0.01314825,0.68713886
0.8381275,0.6943555,1.4954395,0.005108816,0.71091306
0.72251636,1.2549523,1.1340185,0.0,-0.18830134
2.6840224,3.0129642,0.53863865,0.47525108,-0.7241965
2.3751867,3.14853,2.3973308,0.44353276,-0.7005086
2.1243336,1.868391,1.6599947,0.34884235,-0.3178377
2.8943882,2.9277892,4.392972,0.4918423,0.70797247
1.863456,0.99282134,2.1299593,0.23898958,0.6316207
1.0702293,0.99762505,0.59634846,0.030752212,-0.6377618
3.130325,2.5667748,2.5440485,0.5,-0.0013690402
0.9301847,1.0092239,0.9595674,0.015952816,-0.08725891
2.4326966,3.2918217,2.1929228,0.48789096,-0.7070574
2.4769435,2.2869833,2.3282232,0.49165204,0.05909714
3.0536473,2.8590987,2.1875806,0.5,-0.73067206
2.6814644,2.8094614,2.7173753,0.49604523,-0.1540128
2.1871529,2.2806005,2.4905777,0.3740137,0.25349972
2.2080617,2.7406244,1.8708972,0.36372757,-0.68832225
2.526917,2.0720408,2.4530344,0.49816346,0.4623251
2.7725844,1.7083759,2.7619789,0.49846396,0.6888786
2.6137636,2.7749066,2.8068411,0.49905282,0.032300502
0.9522367,1.9864684,1.9926506,0.019045573,0.022404578
2.6613462,2.7316859,2.8997383,0.49363714,0.22578095
2.5917563,2.9759667,2.1875741,0.4959515,-0.6716561
2.135579,2.2813666,2.254189,0.34214407,0.0035478254
3.299297,3.8782449,3.65001,0.5,-0.30612522
2.2847397,2.3821645,1.8830183,0.4302673,-0.61487985
2.6805093,2.9064634,2.365289,0.49719682,-0.66038287
0.65800345,1.7001332,0.34482774,0.007964307,-0.7176208
2.4227333,3.2036097,2.5842216,0.4695821,-0.69567496
1.9227719,1.7841982,1.9216007,0.2869668,0.09721095
2.0009027,1.8622031,1.422961,0.30129036,-0.56915826
4.0186567,3.9600189,4.028966,0.5,0.045062605
2.7407777,2.4016812,2.91439,0.4975593,0.6426561
3.3868783,0.38883075,4.1044993,0.5,0.675248
3.1347072,3.2274122,2.6349866,0.5,-0.71606445
3.1740599,3.0288742,0.2533717,0.5,-0.6968316
2.5054507,2.9218397,2.1688595,0.5,-0.7227133
3.5986035,2.8900185,2.9571934,0.4958986,0.105425626
3.0792537,2.7104332,0.86732817,0.5,-0.7657664
2.6335502,3.1466587,3.0632038,0.4849169,-0.05139678
2.7613883,3.8895347,3.0100904,0.5,-0.69185114
2.5158968,2.858523,2.8929615,0.5,0.0041792425
2.6352065,2.408975,2.9590364,0.5,0.6638764
1.4133308,0.9979928,1.3561578,0.079419985,0.4668699
2.813927,2.827803,2.7260978,0.5,-0.10982508
3.6488574,4.46502,0.5544861,0.49894968,-0.7201517
0.7427115,1.2761551,1.3524646,0.0034393466,0.13773279
0.5382483,0.2,0.6601913,0.0034346331,0.7079994
2.322599,2.7727783,2.0331318,0.41860333,-0.7404555
3.3516648,4.27405,3.6336987,0.5,-0.7082099
2.3640976,3.2125914,2.6933222,0.44079325,-0.6167097
0.84625864,1.7890288,0.7930531,0.024615234,-0.64399743
2.4797142,3.1115649,2.819951,0.49177054,-0.34289324
0.70031387,0.285998,1.2084411,0.0,0.7012773
3.646547,3.4209082,4.0725164,0.5,0.72317606
0.5874095,1.6852206,1.2495152,0.0,-0.6669033
2.6553953,2.745498,3.2982688,0.4919805,0.6485778
1.9346671,1.2064214,2.6986217,0.2749055,0.70066184
1.7846439,0.69763416,1.6953329,0.18100318,0.7778879
2.4967313,3.1795154,3.106186,0.5,-0.11386665
2.249813,2.3772798,2.622256,0.4036976,0.2902548
1.8938785,2.3206532,2.486887,0.24048075,0.21336068
2.544334,2.3288963,2.8814354,0.5,0.6375648
1.6755286,1.6348423,2.1364427,0.14524814,0.58131266
0.7494643,0.2,0.4715412,0.009186066,0.5338155
1.262417,0.98896426,1.7409889,0.04959242,0.66032207
1.0900935,2.0185592,1.9042174,0.039261274,-0.12902503
2.2686174,0.46520966,3.2778773,0.4029298,0.69305575
2.8683608,2.8557904,2.9760637,0.5,0.083456874
1.1326962,1.0583892,2.226698,0.038863003,0.72001475
2.8769307,3.390751,3.0111165,0.5,-0.44784567
2.8368587,1.9991455,3.3880944,0.48634362,0.7521535
0.28839996,0.23928356,0.5470472,0.0,0.5561699
1.042634,0.9344112,1.9360975,0.027981088,0.7482482
3.1230147,0.6796311,3.418264,0.49652112,0.6769316
2.0820222,2.248263,1.9479381,0.3295037,-0.37207752
2.4308217,1.8730539,3.1573663,0.45616743,0.66861176
0.76708466,0.77143776,0.78682625,0.010907107,0.006325587
2.157524,1.8603505,2.407202,0.36138862,0.6649049
2.8965232,3.2814112,0.81779593,0.47484007,-0.7656105
1.9536027,0.7559478,2.6016033,0.261805,0.7147909
2.529096,3.5887322,1.8074343,0.48922434,-0.69296086
2.863002,0.41329476,2.7688413,0.48535773,0.7321676
1.1565071,1.0850743,0.68817294,0.026645238,-0.6247825
0.51869965,0.45842573,0.2,0.016674764,-0.5320565
0.8799258,1.0142416,1.0394454,0.008557271,0.007696872
2.7394397,3.3273113,2.5858154,0.49526593,-0.7001153
1.1270958,1.138569,1.7136995,0.04614785,0.7507483
1.9315594,1.9731741,2.0307074,0.25554362,0.08890073
2.9261794,3.2937808,3.2523715,0.5,-0.040169384
2.432879,2.0872483,2.21775,0.48034695,0.15491593
0.94606715,1.4950297,1.5321733,0.0065393993,0.05029107
0.87213135,0.8881778,1.1763616,0.0,0.5390256
1.0439404,0.8160483,1.5366622,0.034475032,0.7675613
0.9879229,0.33462209,1.593385,0.011155768,0.68771964
0.66063905,0.2746631,1.2742302,0.0,0.70187044
3.357374,3.3977582,3.7512467,0.48755297,0.39827853
1.0400676,1.1739765,1.3296918,0.029393218,0.28927222
3.228818,3.3299026,4.0129824,0.4896397,0.74233216
2.5132945,1.949795,2.7560663,0.4979927,0.6956333
4.152807,4.209573,4.1641684,0.47229946,-0.05792002
2.7362006,2.1223109,3.3211977,0.49326807,0.6995782
2.7824335,2.3153555,3.4839728,0.4918521,0.7373994
2.6032481,3.3668523,2.7650478,0.49730223,-0.71557593
1.9217148,2.0575402,2.4470968,0.24002667,0.46934253
3.3624406,3.7886107,3.7831824,0.49260926,-0.0042226585
0.68123573,1.535813,0.23203455,0.0,-0.7996803
3.1348457,3.3283355,2.6641228,0.5,-0.72414327
3.3015153,3.9263778,2.9721768,0.49385265,-0.6916768
2.942827,0.8446299,2.996633,0.49430376,0.74272895
2.1408699,1.9257302,2.3938055,0.35169688,0.58025926
2.4029613,0.35696378,2.095939,0.46182632,0.7100942
1.0472354,0.8531571,0.22383597,0.040444285,-0.7412875
2.4999418,2.9787083,2.676765,0.5,-0.37099966
3.0586243,3.7325451,3.2024205,0.5,-0.586163
0.8510319,0.2949354,0.83625764,0.008731005,0.7007747
2.2341626,1.9949987,3.4429653,0.36115152,0.6691258
1.1429783,1.1589884,0.65061563,0.061023016,-0.61734223
3.3382528,3.0921552,3.6830225,0.5,0.70325714
0.6248721,0.63559866,1.9865187,0.0018217645,0.715932
3.7481744,4.0232778,3.2331507,0.5,-0.6957736
0.38449118,1.1659756,0.20501529,0.017527005,-0.65787923
2.7617784,2.7041874,3.4478312,0.5,0.66431236
0.7364234,0.6007639,0.9997692,0.0,0.6926475
1.1444263,1.4869149,1.4338855,0.047343045,-0.067558594
2.7348435,2.8928773,3.2348115,0.4917016,0.42183927
0.7685062,0.24328673,1.4213089,0.0143175395,0.71882683
2.3627021,2.128174,2.7285538,0.44102687,0.6987561
3.5619607,3.5463042,3.9800055,0.4881783,0.51813084
0.41322935,1.0573668,0.24576814,0.0,-0.70523286
3.0788584,3.8529313,3.7926755,0.4871175,-0.09725159
1.895296,1.4333109,2.8667104,0.24021234,0.6917858
2.7744815,2.5712087,3.5689993,0.49559763,0.68076575
1.9633462,2.5349505,2.4404347,0.26812854,-0.12018328
1.0294188,0.88704944,2.1380353,0.03715727,0.72385687
1.7514429,2.0543742,2.0264966,0.18063667,-0.039632276
2.5781941,2.6538599,3.2168827,0.49721923,0.6817189
3.2598858,3.4971666,4.3450613,0.5,0.69753
2.9430563,2.8947835,2.9648335,0.5,0.05404722
0.544857,1.3531239,1.4483511,0.0,0.15621942
0.6082243,0.2,0.22943097,0.0,0.083828166
2.863559,2.908535,2.6516032,0.5,-0.33203906
3.6150622,4.2904162,3.229613,0.49064794,-0.6979121
2.006817,2.1113496,1.1619976,0.2808025,-0.6817845
3.8336828,4.0301843,3.6999438,0.5,-0.3732764
2.5901058,3.3082404,2.8135393,0.4884018,-0.59665656
1.4573915,1.8261653,1.4685518,0.06779093,-0.39154547
1.6582581,2.2500827,1.2578053,0.14534193,-0.7049045
3.0500696,3.8449142,2.0063639,0.49865553,-0.7100862
2.6769388,2.1227107,2.5582385,0.48463184,0.55551547
3.505065,3.4661925,0.23662916,0.49275246,-0.68962896
1.3921205,1.2137798,2.497742,0.07030444,0.71606
2.6975465,3.006295,2.9047165,0.5,-0.13551329
2.6266646,3.2803261,3.663751,0.5,0.44121772
0.89638,0.2,0.66635257,0.016237296,0.6920573
0.77531797,0.22678058,1.4726729,0.00721314,0.6800172
2.3814478,1.5367022,2.665028,0.45468858,0.6515119
2.7287672,2.4670691,2.473128,0.49514997,0.00095832045
2.8203003,2.9594219,3.1485744,0.49303606,0.20291303
2.7962954,3.7089722,2.770781,0.49203447,-0.63420707
3.3031216,2.8216677,3.3489058,0.5,0.6533825
1.8784477,3.2506104,1.3475541,0.23852296,-0.687735
1.5055625,1.9491844,2.7031262,0.077097766,0.63846284
3.2439256,3.6456578,3.6739018,0.49953955,0.048904207
0.9168071,1.4180368,0.5648416,0.005983148,-0.72683686
2.3980474,0.8699923,2.8107648,0.46732554,0.7580501
1.1051557,0.67392105,1.1021186,0.045509942,0.653649
0.6362205,0.326696,1.6295323,0.0,0.73721486
0.71434224,1.2230364,0.828063,0.013046318,-0.72983295
2.2443597,1.94108,2.422086,0.38932303,0.623159
1.1323315,1.1808376,1.0307913,0.032352947,-0.25850588
2.573429,2.3828564,3.0953076,0.5,0.68680733
2.8598747,3.794551,3.152494,0.5,-0.69682103
1.2766309,1.2080642,2.0985286,0.05785731,0.74185205
3.1180074,2.6756396,3.4467754,0.49384817,0.7076924
2.3228025,2.6711993,3.7553122,0.4126387,0.6906576
1.3166443,1.4453831,1.3892518,0.04819487,0.0048064278
0.6305016,1.5108755,0.44583148,0.0,-0.74304193
3.0684981,3.3431554,2.854119,0.49719,-0.5268902
2.2432637,0.5906305,2.0930471,0.39575264,0.6736727
0.69850224,1.2534997,0.4068737,0.0,-0.68413615
2.107318,2.439285,3.0747993,0.3343714,0.7135549
3.0106301,3.4911036,0.63794655,0.5,-0.6858261
3.6573973,4.134384,3.9901562,0.49222088,-0.18502152
0.9279041,0.8987143,0.50044715,0.018104928,-0.63202536
2.442858,2.0182538,0.7365042,0.46700922,-0.70810515
2.5234485,2.5751834,1.5462337,0.49382272,-0.7272478
3.55839,2.7139652,3.9859622,0.4993007,0.6620515
0.9780056,0.6231342,0.906185,0.044961814,0.47432125
3.8918257,3.7775085,0.6069694,0.5,-0.7066212
2.7098346,3.620391,3.356242,0.5,-0.29881266
0.73614734,0.85980314,0.48091826,0.0,-0.71875757
2.2422504,3.2826202,2.0351484,0.39175117,-0.6217012
2.6457818,2.9513433,0.5629224,0.4956244,-0.71855485
1.4428647,0.7324447,0.712706,0.07005432,-0.04424138
0.86610234,1.6302768,0.740021,0.016102253,-0.6766773
2.2912486,3.0251982,2.1208215,0.4209262,-0.6961802
2.7404652,2.0802374,2.9324434,0.4919852,0.70072746
3.8244503,4.2452364,4.130983,0.5,-0.10771321
2.5840216,3.511203,3.1675,0.49484774,-0.4426408
1.1832479,0.3206746,1.652554,0.05015092,0.7624974
2.0309381,1.6512811,2.3602731,0.3038268,0.66468185
2.7547305,3.421929,2.572376,0.4992409,-0.71469706
0.82448095,0.88256407,2.0785081,0.0051830607,0.7046317
3.5649312,4.500219,4.5438876,0.49748617,0.074100524
3.1900158,3.7368877,3.6479242,0.5,-0.1420324
3.1408072,3.7216806,4.0245256,0.48814902,0.3003081
2.490944,3.1595097,2.6512766,0.5,-0.5766844
3.3160408,3.055265,0.46260744,0.4866079,-0.7259216
2.0833504,2.0552976,2.7120214,0.33828044,0.69580734
3.2147903,4.318946,2.8062112,0.48329726,-0.73267746
2.4539707,2.439613,3.7195723,0.48363906,0.6967895
1.720804,2.4058084,1.3610077,0.18473084,-0.72222936
2.8960934,3.0533853,3.916917,0.5,0.6754507
3.412291,3.2600298,4.595676,0.48840195,0.72402865
0.8717553,0.4843052,0.3652387,0.016055731,-0.21386522
3.5018578,3.9830995,3.0508714,0.49718145,-0.6996948
0.87684935,1.7267219,1.3044662,0.0,-0.715962
1.8827994,2.2853105,2.8699627,0.2310009,0.7148289
1.0120046,1.367389,1.6475053,0.041333683,0.48111415
2.4246647,1.9656917,2.1811452,0.4646498,0.22665058
2.215475,0.5073049,3.1873338,0.37793785,0.6806573
2.726391,2.9469001,4.026704,0.4970787,0.74572253
2.3200083,0.59116733,2.0721025,0.42738232,0.70216095
2.4102407,2.7289925,2.7980886,0.47402623,0.091483
2.7129982,2.595077,3.322587,0.5,0.7511923
0.7588635,0.46618885,0.9058167,0.003616316,0.7187111
2.5371335,3.0976584,2.334372,0.4941063,-0.71085995
1.5226942,2.4981778,1.202194,0.09825734,-0.7054136
1.056689,1.9849902,0.45850998,0.02979169,-0.73277366
1.2344846,1.3115584,1.8859644,0.054780696,0.68288213
3.7048845,4.058111,3.5724635,0.5,-0.5886652
3.236633,3.6608024,4.323287,0.48794088,0.6710862
2.791583,3.3041673,0.60014063,0.48930678,-0.69556665
2.2151883,2.3805945,2.438715,0.37618026,0.10514614
1.1301646,1.8981438,2.0822768,0.03361763,0.2218946
3.2484462,3.0922298,3.4213383,0.5,0.4414874
1.2346433,0.8203351,1.193343,0.038175926,0.5710994
2.3624136,2.7375436,2.9549842,0.45566082,0.22359894
0.9932877,1.0095993,1.0048085,0.023469523,-0.028296849
1.9136145,3.0557675,2.23985,0.24502747,-0.70751786
2.8402889,2.8215039,3.2592337,0.5,0.49184957
1.2024246,1.8970617,1.5508103,0.05624395,-0.48499283
0.8051402,1.2530055,1.2873985,0.00634103,0.06297424
2.671901,2.154187,3.0280228,0.5,0.7155977
0.9275188,1.431442,1.292709,0.018420806,-0.2681924
0.9143897,0.71519285,0.8891998,0.015715642,0.32647404
3.0565493,4.354427,2.7102377,0.48877174,-0.75858086
0.63597715,0.40886134,0.5268818,0.0069474434,0.1914693
2.6416285,2.3232796,2.5590203,0.5,0.2567963
2.75327,1.824065,3.3338995,0.4901888,0.7283765
1.8880907,1.7049748,2.9528139,0.24173035,0.7388245
2.5440423,3.1180482,2.7672606,0.5,-0.43956858
2.0981724,1.8031183,2.971006,0.33964118,0.6991601
3.248234,3.641753,3.114562,0.49062353,-0.65560466
3.0411613,3.2607808,3.160178,0.5,-0.20162152
3.0117974,2.704085,3.1574264,0.4901433,0.566909
3.5950296,3.7377014,4.1358294,0.48682222,0.48542365
2.3940558,2.1073694,2.3586156,0.43919554,0.3156742
2.3266046,0.48064488,2.8673983,0.43442553,0.7593418
2.3730512,1.6482879,2.793108,0.43389472,0.65783787
1.715531,2.199692,1.950801,0.16833836,-0.32169098
0.8944219,0.6856997,0.8284165,0.023169663,0.21171571
2.9699347,3.177608,2.3817558,0.5,-0.6773092
1.3925564,1.7636824,1.327205,0.06825679,-0.57153296
1.9403428,2.177864,0.5538045,0.26825383,-0.7348608
2.5288515,3.7313437,0.43338126,0.5,-0.7321912
0.30618688,0.2553799,0.2,0.0,-0.07584226
1.0076153,0.426059,1.0402544,0.02411383,0.6810383
2.607492,3.8274477,2.434739,0.4999283,-0.7027003
2.127424,2.435606,3.9231997,0.3434402,0.7004581
3.1229694,3.4452317,3.541868,0.5,0.1501417
3.0061162,4.266216,3.0310297,0.5,-0.7254715
0.75164986,0.25769022,0.7506787,0.003937229,0.69969964
0.91128135,1.0325142,1.100983,0.017430656,0.045152336
2.1955967,1.7773881,2.3042185,0.36812377,0.58598995
2.158353,2.2455006,3.2758605,0.3537293,0.7309546
3.7177103,3.2533205,2.909744,0.5,-0.35964757
2.6135879,2.9079025,0.72696674,0.49920788,-0.66310394
2.4717956,2.6011791,2.9170966,0.48871848,0.35940954
2.6518278,2.832223,2.3480139,0.5,-0.5918223
3.0839818,2.1337843,2.8830748,0.49459535,0.68880385
2.1746309,2.7300258,2.8036408,0.37646106,0.06686283
2.2864938,2.3542404,2.1829572,0.39066923,-0.20027362
3.0215547,4.48843,3.3704512,0.5,-0.6833322
1.1541928,1.0515534,0.49102232,0.04033351,-0.695598
3.1499228,0.58560133,3.5629833,0.48782417,0.66873944
1.5944376,1.8703939,1.7488679,0.13119525,-0.12331368
2.411094,1.9906598,3.0323198,0.4486466,0.65136224
1.6489035,2.431012,2.3007257,0.15650304,-0.14551336
1.9285057,1.643724,1.8155586,0.24001306,0.1949057
3.3770456,3.1550999,2.7662404,0.5,-0.48311532
3.240005,0.37477782,3.3575642,0.4948273,0.7517104
0.627023,0.98646873,0.5692184,0.0,-0.68694896
1.7336841,2.012508,1.5875614,0.19222195,-0.4516975
1.9806273,1.5423633,1.254381,0.27207705,-0.29598716
2.7558122,3.5555573,2.7655723,0.49755943,-0.709997
1.0729791,0.790018,1.400629,0.024368063,0.71707827
1.0531453,0.38261896,1.0086583,0.036727846,0.6579053
2.250501,2.6441813,2.382825,0.40109324,-0.3008633
1.8898098,2.0360804,2.4433193,0.261296,0.51265967
3.6903613,3.6681361,4.469434,0.5,0.7165707
0.608375,1.1785393,1.577916,0.0,0.7199637
2.6102,2.6577408,0.8229129,0.49770057,-0.71835995
2.6534123,1.9977654,2.5050206,0.4927339,0.609154
3.2517629,3.323086,0.6183467,0.49806657,-0.62324125
2.01574,2.3067338,2.626799,0.30251864,0.4392169
0.45473894,0.7251477,0.8038531,0.0,0.18173616
1.8246703,1.9606593,2.766325,0.20501572,0.7190484
3.3075535,4.710325,3.619383,0.49791187,-0.66658455
1.5383639,2.6463656,0.6827662,0.09389122,-0.7250359
2.4936428,2.154187,2.7689924,0.49364161,0.71043265
3.59915,3.1471927,3.6777172,0.5,0.6195365
3.0632272,0.4461794,2.8662198,0.49260202,0.6781269
1.0412965,1.7736399,1.2622803,0.031930234,-0.6946389
1.9721198,2.8605468,1.712536,0.2647517,-0.67668676
2.156208,2.1064143,3.0928729,0.35881945,0.718175
3.401446,3.5449836,2.7218413,0.48963094,-0.743172
2.9128988,2.1782718,3.6784258,0.5,0.64955366
3.1183143,3.4169612,3.1208181,0.4884362,-0.3637052
2.6705098,2.5523214,1.4281547,0.49103528,-0.7292634
2.4155812,2.2467427,1.7095814,0.4600379,-0.61474705
1.1030761,1.720605,1.3161536,0.055509184,-0.64028627
2.7385998,2.895487,0.46574402,0.5,-0.7394135
2.457404,3.0817018,2.8984222,0.47145393,-0.24523541
1.759483,1.8812407,1.7639579,0.19291683,-0.14096807
1.0627109,1.534359,1.5440931,0.04772547,0.015613856
2.8322535,2.4355135,3.0709004,0.4890983,0.71318
1.015431,0.7536664,1.5247207,0.031118773,0.7230648
0.6745498,1.1466142,1.3014935,0.0051338677,0.32391173
2.7401865,0.6235815,3.218445,0.5,0.7270164
2.7469704,3.1687322,2.8528173,0.5,-0.4223821
3.134265,3.2822752,3.9961982,0.4861794,0.7346846
2.9977448,3.9536798,3.1514564,0.5,-0.691649
2.7749443,2.9103518,2.6046174,0.48119488,-0.32586083
2.502043,2.2924693,2.424874,0.4766002,0.1753786
3.8049793,0.48911607,4.1192317,0.47932276,0.6854414
2.1302035,2.6008935,2.8840628,0.36169738,0.3509704
3.0735254,2.6095757,3.5501986,0.4851369,0.6318598
2.5802853,2.7606797,0.72556204,0.5,-0.7186215
2.8564405,2.2368436,2.8357775,0.5,0.69554484
3.2871876,3.3414934,4.077846,0.49979877,0.68318784
0.8612338,0.9852946,1.1193181,0.012437093,0.22626828
2.9722037,3.1658247,2.883496,0.49814138,-0.33923683
2.746486,1.9517002,2.0307627,0.5,0.07657044
2.2276053,2.3963342,2.7402833,0.39037275,0.34582964
3.4080741,3.959585,3.2206593,0.5,-0.7015161
2.9960625,3.934371,2.7001047,0.4989501,-0.69293857
2.3341265,3.2698052,1.8713678,0.44658104,-0.74447304
3.3021066,3.474985,3.9106612,0.5,0.48256457
2.085739,3.5955958,2.3649032,0.3298566,-0.77605605
2.5372667,2.4141645,3.0346339,0.5,0.64904803
2.3435822,2.1717036,2.4078493,0.4350725,0.24254164
3.098348,3.2631626,3.2699742,0.49804246,0.010087686
2.3359776,2.9597952,2.4750283,0.41120607,-0.5998353
3.021672,3.5782084,2.6685057,0.48740673,-0.6877545
2.9328291,2.0046628,0.83320826,0.49155414,-0.6456501
2.3192036,0.3739651,2.1916583,0.4239121,0.66983044
3.7115026,4.289034,3.6608148,0.4946667,-0.68686444
2.1761143,1.9272375,2.5478666,0.37710288,0.7106063
1.7583797,0.25120702,2.4331553,0.19870338,0.68368983
0.7117904,1.0520947,0.58869106,0.0,-0.6697968
1.3151684,1.7592783,1.912591,0.051176254,0.25650358
3.4503627,4.1076694,3.8682961,0.48939994,-0.25952116
2.6494205,3.5266595,2.7287478,0.49010283,-0.7882932
0.84809816,1.3210849,1.0421402,0.021040918,-0.5191051
2.0496225,1.6757798,2.1393983,0.30657732,0.5641355
1.6286688,2.1420796,1.938209,0.13279355,-0.24666056
0.69417036,1.4845229,1.4996419,0.013842849,-0.0016452462
1.7658634,2.2416296,0.32660362,0.19542055,-0.72030926
1.3756018,2.2822292,1.4314766,0.044308484,-0.6614643
2.4476182,2.7403488,2.365346,0.5,-0.43367484
2.3034916,2.4215643,2.5400188,0.39488164,0.14570789
2.8993456,2.632192,2.8667438,0.48009533,0.271622
2.984261,4.2006626,2.3053331,0.5,-0.75040996
0.7175194,0.38114622,1.489411,0.0016762648,0.6866811
2.2184381,2.426372,2.3310876,0.39069062,-0.097867504
0.74386394,0.78719956,0.8807015,0.006074953,0.21607007
2.1973858,1.783745,0.46793672,0.385094,-0.70676666
2.7018166,3.4023924,2.6402872,0.49335617,-0.6133348
1.2383943,0.5319575,1.604289,0.04916891,0.69857043
2.319136,2.6927059,2.5316918,0.4165517,-0.22824597
1.0403376,0.97272414,1.4405249,0.032817896,0.7685824
2.7839646,3.2812877,0.90677,0.5,-0.68770295
2.6495686,2.7169092,0.5609753,0.5,-0.7006782
2.9294486,3.3114061,4.0325513,0.5,0.70714563
2.4966764,3.473126,2.2351685,0.5,-0.68042946
2.2385604,1.2767564,2.8249338,0.39187604,0.66393673
2.698034,3.3503256,2.9681742,0.5,-0.5027422
2.0143871,3.4402645,2.4584956,0.29836342,-0.6542384
2.9395328,3.986679,3.3925812,0.4958455,-0.70100236
0.7412797,1.248631,0.26459768,0.0,-0.69606483
2.7266145,3.5228083,2.5509152,0.49186364,-0.6630851
2.7382088,2.4806542,2.8422055,0.5,0.4546038
0.48227328,0.79494464,1.3139371,0.011388633,0.67410904
2.8575616,2.956352,2.9132817,0.5,-0.038044162
2.6543083,2.6297596,3.0186925,0.5,0.441498
2.1938562,2.9188573,2.352984,0.39008597,-0.7049472
3.1075058,3.2017136,3.3009646,0.5,0.10095497
2.419437,1.7004061,2.720646,0.4763203,0.6949122
1.6414082,2.141591,1.4565817,0.14248413,-0.72073686
2.489901,2.6696103,2.5984857,0.5,-0.06608085
2.707946,3.2431977,2.7112687,0.5,-0.6793902
2.0967345,2.1325216,0.54816276,0.31856847,-0.6971785
2.5754108,1.9150444,2.4034936,0.5,0.6055942
2.589981,2.2438223,3.6704242,0.5,0.73086876
2.5733986,2.2902014,1.9029832,0.48770943,-0.5245614
0.81679606,0.56977814,0.29582903,0.000388554,-0.4823477
1.9264296,1.7561109,2.193187,0.27542934,0.55165315
3.8346508,4.402963,4.4073453,0.5,0.009095747
2.579118,2.1302767,3.6244442,0.4939912,0.68328136
2.9293458,3.636125,2.9973283,0.49037415,-0.6713718
2.6695983,0.47724915,2.8893685,0.49333405,0.71664226
1.5365757,1.6423227,1.9912361,0.09546883,0.47536474
1.3503064,1.6448208,2.294705,0.07444004,0.72373754
2.2790594,2.328965,1.7822835,0.4158279,-0.6439651
0.9409264,1.4404204,1.1865685,0.05026467,-0.43767786
1.7670052,1.8968002,2.312135,0.20075688,0.53413767
2.0052903,2.234836,2.1462018,0.29268005,-0.10105054
2.7469947,1.6731143,3.1136098,0.5,0.71708727
2.8409536,3.2577066,2.76865,0.48900357,-0.583645
0.8879829,2.0601099,1.7059771,0.028396282,-0.6321189
0.65308636,0.5958025,0.20392865,0.015235305,-0.6562086
1.0684319,1.5611097,1.095972,0.04364105,-0.6548664
2.963116,2.6629767,3.43578,0.5,0.67798126
1.0225614,1.7275527,1.111713,0.036005817,-0.6514242
2.4197989,2.841173,3.052062,0.47638002,0.27366856
0.46865886,0.5159863,0.7288792,0.0,0.38922074
2.3243454,2.3211346,2.7158737,0.43278512,0.40970653
2.8449485,3.4000902,3.3470566,0.48989025,-0.09091221
2.4480455,2.647341,2.6290996,0.4910383,-0.010248237
3.4495776,3.0440047,0.38388312,0.5,-0.6878178
3.1930103,2.6502693,4.2871647,0.49594754,0.6818054
0.6485332,1.1129678,1.5205661,0.0,0.6845804
1.1464024,0.36353555,1.7057072,0.037029263,0.6621419
0.9894162,1.2060014,1.0552251,0.02996682,-0.2329631
2.2664807,2.7456064,2.6801028,0.40099812,-0.06707091
2.1801996,1.7342569,1.4997424,0.35371438,-0.259078
2.6423013,2.4234731,2.1106536,0.5,-0.30676448
2.7622926,3.7490902,4.061187,0.5,0.3429649
1.5870606,1.5905834,1.1565799,0.11750416,-0.49202535
3.0692847,3.7584643,3.2054145,0.5,-0.66796625
2.5826519,4.01719,2.871401,0.5,-0.7392574
2.821748,3.1298823,3.2127032,0.4778407,0.083858475
3.0697362,2.8375633,3.2370229,0.5,0.43366736
2.1463978,2.3924189,0.7704033,0.37284464,-0.721226
3.3125834,3.4856765,3.4458199,0.5,-0.046070553
1.1984293,1.403564,1.9281061,0.04704827,0.71008986
3.4531817,3.999766,4.081916,0.48245102,0.049239628
0.82009315,1.3835925,1.3428493,0.008130027,-0.025745338
3.4392102,2.645144,2.7357545,0.48595303,0.10072286
2.035321,2.8492267,2.5414548,0.30086938,-0.39997637
4.0733457,4.4509673,4.380068,0.49260288,-0.045122888
1.299025,1.2950839,1.1540866,0.059220526,-0.17059164
3.2776866,3.8372483,4.3166223,0.49681023,0.5538342
2.382091,2.0837553,1.8457865,0.44956097,-0.3037887
3.0257363,2.659252,0.27384782,0.49795324,-0.7090879
2.5761535,3.3176932,3.3737364,0.5,0.09109512
1.970332,2.181246,2.2158554,0.2709913,0.04868979
0.92251104,1.9286621,0.22930537,0.0019644392,-0.6162598
4.11066,3.9565766,5.0193477,0.49656308,0.70298517
2.6494296,2.9969666,1.9803138,0.5,-0.6464671
0.8301576,1.2391509,0.41832444,0.009517893,-0.7246081
2.7678034,3.184213,3.4540775,0.49013308,0.30086064
0.9462716,1.427961,0.6830012,0.02599373,-0.69441617
0.6110968,0.8072057,0.7432752,0.0013172277,-0.056966513
2.2087522,2.3808777,1.8896484,0.3926874,-0.6089257
2.6170318,1.7687539,2.7977047,0.49911293,0.72101396
3.3510234,3.9770014,4.188221,0.47909638,0.25499666
2.6305983,1.6734116,2.0924978,0.5,0.52598625
3.512883,3.071314,3.7824981,0.5,0.67719424
3.3040724,0.7577498,2.5954456,0.5,0.6837464
0.2,0.8629198,1.4955305,0.01034943,0.68141466
1.6427504,0.7180636,1.4182662,0.13356243,0.75597703
1.1071451,2.0963626,0.8181502,0.048856027,-0.720181
2.9092965,2.403597,3.3153865,0.5,0.6496824
2.682446,2.2219582,2.8823872,0.49884856,0.7062376
3.0128148,2.0786695,0.5719959,0.49290195,-0.742739
3.0956922,0.92187655,2.6101801,0.49540517,0.7011794
0.7315902,0.66891575,1.637291,0.0,0.7540341
2.4321153,3.3526828,0.6125064,0.48110357,-0.7491497
2.8628309,3.6360476,3.0319154,0.5,-0.7238538
3.9281573,1.0006349,4.0039954,0.49969092,0.66635257
0.822925,0.82535267,1.4973909,0.03727099,0.71062696
2.887145,3.5018957,4.1792827,0.490509,0.69222105
0.7126131,1.5975996,0.6156408,0.011217834,-0.72680956
0.8274345,0.703966,1.120575,0.025925372,0.688702
3.197543,3.096766,3.9580777,0.5,0.7057099
3.3224766,3.250694,0.28854817,0.49392086,-0.75564456
1.6822747,1.0310081,1.8290213,0.15121731,0.6768726
0.25083452,0.8206069,0.2,0.0,-0.71744347
2.4518797,2.2968345,3.2961626,0.49878782,0.76290554
2.586152,2.6389558,1.8534377,0.4984621,-0.70168203
2.4235284,3.341555,3.0290167,0.4595134,-0.35912
3.3828876,3.3631325,3.1735322,0.492204,-0.25413585
2.4951136,3.3156474,2.8339524,0.5,-0.57381475
2.288822,1.681641,2.5667458,0.40855327,0.6603285
2.3618388,2.8039749,2.2001765,0.4327342,-0.70500785
2.3926454,2.3712602,2.7351663,0.4487992,0.47210515
1.9747765,1.36389,1.9972938,0.29468474,0.72900635
2.3252242,0.46653122,3.0445662,0.43086776,0.70514107
1.0531629,1.329961,0.8949216,0.031704776,-0.71644306
2.8467326,2.5641637,2.52625,0.499743,-0.051144738
3.3563938,3.700192,3.5855632,0.5,-0.14719
0.9509778,0.8174829,1.1241213,0.02281745,0.5205395
2.309141,1.6747743,3.2518742,0.41802242,0.6763883
2.0160973,2.7509391,2.1216376,0.29098478,-0.68782103
2.7019262,3.0841985,2.9707127,0.48487356,-0.15381859
0.6513706,0.2,0.24044111,0.017268244,0.14834209
2.526282,3.0529413,2.8264005,0.5,-0.24503121
2.7744102,3.013857,2.4050183,0.49972674,-0.6622889
2.863026,2.835398,3.0696547,0.5,0.2934193
2.7871106,2.7447329,2.5102887,0.49434215,-0.28574467
2.4511633,3.3505995,2.982689,0.4912666,-0.4291583
2.0934346,2.4827352,2.2383971,0.32969382,-0.28679365
1.0555938,0.5195865,1.8503752,0.06166742,0.71356744
0.8313144,1.3373232,0.55474406,0.03439714,-0.7128872
2.343853,2.6396205,2.5732343,0.41511855,-0.05722795
1.7593753,1.6090692,2.057031,0.17204905,0.54811686
1.392387,1.6644804,1.5155482,0.07979819,-0.1552494
2.0569181,0.35750386,2.7269638,0.30281937,0.69894934
2.6290755,2.8301017,2.767088,0.4891794,-0.11040111
0.8929388,2.0197752,0.32586014,0.026965138,-0.68328744
2.5921822,3.285405,2.9656293,0.49438134,-0.3573752
0.6415357,0.23343332,1.6913607,0.0,0.62261647
2.850917,2.8030112,2.6708698,0.5,-0.18399477
3.4572783,0.35379386,3.574874,0.5,0.70910573
0.7650247,0.20635575,0.99292463,0.008950736,0.6915943
1.3408493,1.4751681,2.0395687,0.060760524,0.71146166
3.8567786,0.41981623,4.5276966,0.49727714,0.6761429
1.7860696,2.0364397,2.0829418,0.20316592,0.05349341
1.9796433,1.7007189,1.8780768,0.27713144,0.24273013
3.0544474,3.7513928,3.0166788,0.4858496,-0.7361012
2.8786895,2.8000176,3.2722743,0.5,0.5838734
2.6139128,3.20144,2.5474246,0.49135676,-0.6705206
2.2516675,1.7068089,1.7646937,0.39279976,0.051758025
3.392943,3.4217494,3.4773993,0.5,0.11150999
0.6676576,0.2306565,0.651667,0.006496343,0.7167082
1.6977545,2.4102974,1.6563026,0.1479115,-0.724566
3.3528922,3.1767764,3.8054776,0.5,0.7083598
2.755268,2.9223719,2.9602559,0.49135584,-0.009508751
3.2807026,3.6235483,3.3492956,0.5,-0.3694892
2.9032843,2.7790964,2.5865803,0.5,-0.2273971
4.0536833,3.6092956,4.001164,0.5,0.48596907
2.387665,2.6846507,0.50555277,0.45956898,-0.6643048
0.86407685,0.24688374,0.7039086,0.01229035,0.671078
0.7292715,1.6181656,0.53246284,0.0047201193,-0.6533099
2.4702265,2.5413966,2.5984309,0.4909856,0.027480004
1.4081839,0.81605875,1.6569363,0.060886666,0.68287796
0.5414289,0.63406044,0.61814785,0.0,-0.0073758606
2.5983682,3.0007906,0.33309636,0.4978886,-0.6759272
2.5215163,2.2947655,1.0748909,0.5,-0.68349993
2.5585792,1.6918855,3.3962405,0.5,0.69213843
2.0593421,2.1998372,1.8856128,0.31150818,-0.38852125
3.1393673,3.772298,0.5108128,0.5,-0.6799391
2.2821674,2.6023896,2.2635674,0.40202662,-0.39343363
2.7004714,3.110054,3.3499117,0.5,0.27148998
1.1091969,1.7857741,1.4293368,0.050799213,-0.5575808
1.182089,2.1480534,1.0165443,0.041797813,-0.71808016
3.5218534,2.3177176,3.9237254,0.5,0.66769326
2.6593208,2.21912,2.234933,0.5,0.038542457
3.1447906,3.4714937,3.2338097,0.48858088,-0.32453606
2.6905873,0.22730097,1.3984443,0.49865493,0.7231896
1.3502256,0.7992624,1.7538475,0.064837426,0.6523593
0.6382086,0.46238637,0.6696325,0.0,0.41976285
0.8058647,1.866907,0.8323646,0.012709014,-0.71979403
0.83872294,0.8681087,1.6282372,0.00077321066,0.6711149
0.75565237,1.0637658,0.562744,0.0069225505,-0.683301
2.146372,3.2198138,1.9501036,0.35828522,-0.6948925
2.4633036,2.7487602,1.9342961,0.4859653,-0.71409804
1.6650991,2.296891,1.8960972,0.15458408,-0.49699876
2.4523244,2.9984972,2.6125257,0.4811932,-0.4542806
2.5728831,2.6484425,0.7935728,0.49532363,-0.7481878
3.694505,0.3561351,3.928005,0.5,0.7424851
0.7785044,0.76945263,1.1271244,0.013078149,0.67052394
1.9928752,2.2097027,2.4340239,0.2978256,0.2817531
0.80071175,0.4713323,1.1678284,0.0,0.73669386
0.7551769,0.6380065,0.9019546,0.006128554,0.5644009
2.4544597,1.2991343,2.9307663,0.5,0.72312015
2.45621,3.508887,3.0467324,0.48900723,-0.5879151
2.423925,2.5017796,3.129186,0.47127938,0.6795502
3.7526197,3.9690523,5.0713353,0.4918523,0.64151615
2.3454328,2.6232195,2.0065203,0.44055137,-0.7325082
1.0357757,1.9181489,1.5081689,0.03394073,-0.6502127
1.0781236,1.3221165,1.3011137,0.03234359,-0.030323017
3.0994039,3.3060474,3.3980632,0.5,0.124611266
3.3242044,0.7334889,3.8862042,0.5,0.7053747
1.9669863,1.8410531,2.3170412,0.27770448,0.56305385
2.291492,2.8116097,2.003453,0.3969219,-0.67823356
2.894198,3.1705275,2.881519,0.49565598,-0.38093284
2.6286583,3.6549885,3.0948622,0.5,-0.6406099
2.9327981,2.6481814,2.7103505,0.4922127,0.09940818
2.45785,2.0420063,2.1189651,0.46271497,0.08832659
3.681447,4.088953,3.769197,0.5,-0.39162987
2.1944742,0.71957755,1.7100465,0.36085606,0.72126484
4.205634,3.8029509,4.020681,0.5,0.2635425
3.3166785,3.3399653,4.5151687,0.5,0.69083256
3.1015825,3.640421,3.0069714,0.49954027,-0.69077677
1.9997121,1.4946164,2.342774,0.29494306,0.72430027
3.1377525,2.7494988,2.9211597,0.49921393,0.18097189
2.968354,2.7925875,3.4712944,0.5,0.71127665
1.3300464,1.146796,1.4385048,0.06466299,0.37875336
1.7670633,2.3645537,2.343272,0.19230774,-0.025910662
0.86049753,0.7728902,0.51294756,0.03030402,-0.4895061
2.5664315,3.4808455,2.451103,0.5,-0.7087025
0.97365737,0.618771,1.087109,0.044487104,0.7102522
3.2299273,0.8984712,3.40237,0.5,0.73051953
2.1336033,2.2861626,2.3513765,0.34588972,0.07540343
2.3135598,2.5379303,2.1856668,0.4189956,-0.39218488
1.0732436,0.2,0.85893255,0.028079526,0.6939068
0.7058195,0.3599784,0.22373916,0.0,-0.25670138
1.5792232,1.719639,1.4587294,0.11546645,-0.30875954
0.6035809,0.2,0.2101987,0.0018154938,0.012148782
1.6030915,0.28818548,1.135413,0.12143459,0.6940701
2.4185283,1.9321917,2.5004926,0.47622436,0.7037224
3.0451531,3.406392,3.578962,0.5,0.17699334
1.0161372,1.5667263,1.0689188,0.03303698,-0.6757593
2.2140439,1.7474524,3.372313,0.38620812,0.6766957
0.8131371,0.9128969,1.1981672,0.027835527,0.5214679
2.4958425,2.8961616,2.8216522,0.49969524,-0.06048332
3.4484053,4.3149934,3.0371926,0.48098758,-0.72211057
2.50386,3.3918948,3.0276473,0.48101878,-0.434746
0.7648101,0.41690996,1.2440344,0.007790585,0.71076626
3.1193702,3.0990593,2.899733,0.4835475,-0.22902748
2.3375757,2.544662,2.553805,0.4215324,0.03265379
2.4452226,2.7034326,3.3942754,0.4784363,0.6681516
2.7512019,2.8709996,3.1373174,0.4997116,0.33772165
1.7499036,1.2782007,2.3554428,0.16519232,0.72327036
2.6290538,3.559236,2.7126298,0.48811415,-0.6672148
2.9716706,0.61466146,2.2842607,0.4918828,0.64280015
2.8144188,3.4319108,3.1771796,0.5,-0.27775037
2.2364268,2.7269187,0.87787175,0.3915448,-0.7258685
1.5245816,1.4970016,1.8498443,0.09703169,0.4557397
1.9793615,1.4090122,2.22255,0.2897956,0.6747139
0.6123342,1.1259308,0.4477381,0.008486753,-0.6236434
0.8073267,1.4304397,1.1640086,0.009768318,-0.49528462
2.7931702,3.107469,2.6280332,0.5,-0.58244526
2.4215472,3.6464021,2.0679457,0.46639833,-0.7122884
3.2937868,3.2122183,3.9583135,0.47651958,0.6922528
2.7745585,2.8258755,2.5754762,0.49769005,-0.3293965
2.646732,2.9675894,2.7976153,0.5,-0.18408994
2.7514007,0.80652684,2.521242,0.47924304,0.69943833
3.03524,0.59499145,3.9853287,0.49183503,0.6910278
2.7003386,3.4268851,3.1686685,0.5,-0.29741728
1.4077511,1.2704318,1.1381303,0.05908268,-0.18520093
3.2739553,3.1756392,3.4607728,0.49762502,0.33304211
2.67726,3.1224804,2.9382317,0.5,-0.25572422
0.2,0.2,0.43964997,0.005329916,0.45026812
2.3537123,2.4950082,2.2817328,0.4384096,-0.20873654
1.5065161,1.6055071,1.3271058,0.07910187,-0.31314945
0.4984141,1.0047109,1.4860616,0.00907376,0.71006745
2.033113,2.677562,1.7451086,0.30816826,-0.68618166
2.9051216,3.0366273,2.5623934,0.5,-0.55897254
3.3712907,3.6037242,2.666461,0.5,-0.7122949
0.9824622,1.1999345,1.0822517,0.018895138,-0.16267072
2.000505,2.0249975,1.5053712,0.28416458,-0.6586298
2.1464427,2.9084241,3.3933144,0.3644598,0.59067434
3.3893952,3.8453748,2.878558,0.5,-0.6484301
1.8293257,2.6186981,0.61141443,0.22099459,-0.71200454
3.8901443,3.6004474,5.167428,0.48737076,0.7075379
3.7208586,4.577269,4.5090647,0.4944962,-0.0926725
0.86100936,1.1079793,0.4090829,0.0047072447,-0.6765633
2.8165963,3.3244772,3.0413885,0.5,-0.35326537
2.422316,1.6032557,2.7497387,0.4752601,0.67998534
2.8009548,3.8289247,2.5261781,0.5,-0.70981014
3.1181955,3.562389,3.724979,0.49874488,0.16402653
2.169205,3.3739152,1.7134428,0.35930145,-0.71760523
1.8881655,2.6468623,1.270925,0.23118213,-0.7289082
2.5049844,1.6279838,3.1063435,0.49282578,0.70866084
2.1047535,3.1192987,2.5958862,0.3307692,-0.6393642
3.3512576,3.6105373,4.3947306,0.5,0.6853214
2.2176435,2.7391481,2.33934,0.3799038,-0.46481016
2.6686463,3.1574414,0.62457746,0.4976399,-0.7328288
0.5459403,0.55986905,0.38851964,0.0007280985,-0.31624952
0.8840242,0.770669,1.6498072,0.027662314,0.72186446
0.3492801,0.95498776,1.4951643,0.012723085,0.67671764
0.9517948,0.7461439,0.6723724,0.016030502,-0.10921994
1.9969615,2.2058156,1.2664146,0.28761387,-0.67776245
0.7794976,1.6177764,1.0538672,0.01786443,-0.6866395
3.3484037,2.895295,3.6378782,0.49870136,0.6835442
1.5066819,1.5722315,1.5796387,0.10127961,-0.042606343
3.6515315,4.476271,4.3449845,0.5,-0.17470066
2.170382,0.501948,1.8000388,0.33894894,0.74705815
2.9268,2.210801,0.549987,0.5,-0.7125003
2.6978438,1.8136663,2.4672546,0.5,0.7145623
2.5471966,2.5217574,3.6124456,0.48197296,0.69144773
1.2860792,2.2390714,1.8292401,0.05509602,-0.59511316
1.9754021,1.8596535,1.8272036,0.28757322,-0.05068312
2.8929398,2.9400284,0.7258799,0.495831,-0.68469524
2.4333565,2.6427839,2.5396907,0.46493402,-0.14608163
1.7989424,2.5653162,1.330677,0.19417998,-0.69838756
1.9718491,2.5981798,2.936202,0.27186653,0.4063184
1.7678587,1.9388876,1.8327776,0.19028181,-0.11325368
2.2511575,2.786368,4.057702,0.40614134,0.6846226
2.9050522,3.6104054,3.0927114,0.5,-0.63914734
1.0758276,0.4730641,0.3490762,0.045283407,-0.18628077
0.8185165,0.8918666,1.0918639,0.010110567,0.35893708
2.5236537,2.0729635,2.8811538,0.5,0.72575706
2.3862758,2.2514255,2.417281,0.46225864,0.22135118
0.99495864,1.5234913,0.581657,0.0285507,-0.7021916
3.4756444,3.0190892,4.465191,0.4899062,0.7480798
1.7310499,3.1774523,1.6777835,0.17439476,-0.74357414
3.6036446,4.1067533,4.5041027,0.4938119,0.4631299
3.1287677,3.0275364,4.4092517,0.49737152,0.72275907
2.6247873,2.6965053,2.452306,0.48116097,-0.3573048
3.3774908,2.8573728,3.0620184,0.5,0.25051355
2.4135318,1.8593514,2.3359964,0.46778116,0.549886
2.7420716,2.7290843,0.95966434,0.47485065,-0.6426886
2.27007,3.0901408,2.6329236,0.40229863,-0.5633752
3.1875281,2.6560218,3.9544156,0.5,0.70243365
0.6213763,1.3891411,0.31009632,0.0,-0.708249
2.5392222,2.72855,3.0074408,0.49148592,0.32623917
2.994462,3.3282151,3.0820296,0.5,-0.26391932
3.257543,3.5175848,3.3712597,0.4852842,-0.16795935
1.0466552,0.65617394,1.2245754,0.040474955,0.6800713
3.032964,3.8239799,3.3849843,0.48954183,-0.51520747
0.8362916,0.8477396,0.6696159,0.009965042,-0.30873436
1.297355,1.7758207,1.5669298,0.072329134,-0.28240162
2.1006467,3.0589745,2.021691,0.31709942,-0.68601596
3.075128,3.7315297,3.367908,0.5,-0.40497681
2.6422913,2.5906453,2.3715544,0.5,-0.3028518
0.937278,1.0362587,0.6244798,0.025230816,-0.7206913
1.2044418,0.8462435,1.209634,0.04786602,0.49972942
2.6422281,3.696703,2.1866162,0.5,-0.7004673
0.90838647,1.2888403,1.0099977,8.854112e-05,-0.48214835
1.6085892,1.1740717,0.6029903,0.13958777,-0.6797552
2.509936,2.307397,2.5577817,0.5,0.3416431
2.6547856,2.7365816,2.1079512,0.5,-0.6741659
1.7951721,2.5963972,1.9203641,0.20016816,-0.6794522
0.9866867,1.0864145,1.2235738,0.027477058,0.25513172
2.4136407,2.8703659,2.7983022,0.47847503,-0.07885103
2.6582823,2.4166746,3.341062,0.48834246,0.73517793
2.6465328,3.152624,3.0811536,0.5,-0.0910469
2.3038743,3.1040764,2.6223814,0.42688844,-0.57525694
2.2536387,2.7918391,2.6666033,0.41929796,-0.151466
2.3574991,1.3374205,2.304376,0.43941462,0.6712829
2.7843456,2.9184265,3.4703577,0.49702018,0.64651775
3.3255093,2.9726315,3.5159187,0.5,0.6108427
1.2134578,1.7656133,1.4164898,0.041263457,-0.48372483
3.0254292,3.1766376,2.5336804,0.5,-0.6960675
2.519643,3.5995235,2.947447,0.49214062,-0.7010903
0.8258995,0.8888747,1.1756302,0.013138452,0.50464803
0.84889495,1.0489124,1.3886722,0.021766054,0.59639174
2.146401,2.2651362,1.6453116,0.35610858,-0.6908073
0.8481037,1.3809545,1.4485784,0.013047876,0.14534277
1.8195975,0.41633147,1.9580505,0.21595918,0.7251115
2.618676,2.3559535,2.3735363,0.49051738,-0.012279266
2.4631805,2.378012,0.39913657,0.4762885,-0.68351704
2.6739333,3.1119199,2.3805313,0.49720842,-0.7394928
0.7549565,1.4679388,1.1519885,0.00975855,-0.64346194
2.8389897,2.9535031,2.8261883,0.5,-0.12363934
3.5430787,4.0415034,3.7211714,0.5,-0.38075152
2.0321922,2.4774659,1.9689656,0.2900802,-0.62568563
2.7350028,2.8253047,2.8128219,0.5,-0.016368208
3.0914094,3.307273,2.684886,0.5,-0.66136765
2.3863635,3.031098,1.6436498,0.45472005,-0.65730596
3.3861492,4.603707,0.4684095,0.49862882,-0.7090454
2.3564644,3.034925,2.6107335,0.44283035,-0.47874203
2.4885664,3.35423,4.1996517,0.47836435,0.71994567
1.9778919,0.5500126,2.2009175,0.25610524,0.70419693
2.673242,2.4881542,2.8307104,0.5,0.4267404
2.652399,3.1861403,2.6065104,0.5,-0.6702381
2.964668,3.9136682,3.4212067,0.48961338,-0.6096606
2.2417574,2.8283148,2.52576,0.39222476,-0.33620328
2.1510184,2.0967078,1.7083262,0.36846897,-0.45256746
2.868996,2.6994653,2.4946685,0.5,-0.2407456
3.385565,4.480834,3.0475817,0.49586284,-0.7292043
2.9840226,3.4024098,0.8045366,0.4961761,-0.6974216
3.6867216,4.0874953,3.969051,0.5,-0.119940035
1.1282957,1.3415471,1.393775,0.04351216,0.057396185
0.9635875,1.9053195,0.7735846,0.026327029,-0.6535315
3.0490384,3.6904812,2.6324477,0.5,-0.6874177
3.4834232,3.6215687,4.273574,0.4983629,0.7084429
3.3336084,3.99229,3.67077,0.49541438,-0.435586
0.937258,1.2326862,0.5853934,0.0052272673,-0.6862077
3.0842426,3.6685188,3.714051,0.5,0.035704162
2.7672427,3.6480348,0.3778729,0.49658713,-0.66516525
0.6091919,1.4766774,0.88685334,0.00011289814,-0.70112914
1.5300375,0.88213307,0.50279665,0.07509152,-0.45708066
1.6886356,2.1410265,1.2723694,0.16089474,-0.6424634
2.4246113,3.3143072,2.007195,0.47567102,-0.70027095
1.7493576,1.591349,1.2858388,0.19444546,-0.35736397
2.4061186,3.6550727,1.8983072,0.4628118,-0.70358866
3.0664344,3.5277257,3.53375,0.5,0.011676913
0.22161978,0.9704172,0.5568318,0.024678322,-0.71262085
1.6407672,2.252421,0.56481993,0.14519142,-0.6997844
1.9611259,1.4697853,1.2340978,0.27697498,-0.3000726
2.7618182,3.4383419,2.515575,0.5,-0.695908
2.8958912,3.3766103,3.613145,0.5,0.2681289
1.7718387,1.7164927,0.6332404,0.1795054,-0.6275866
2.1363769,3.118014,1.4387571,0.36818865,-0.6993421
1.8423724,1.1257122,1.9397246,0.228957,0.64814746
2.9185665,2.7586873,2.4223256,0.4951187,-0.4486299
2.7247403,3.6453984,3.6919103,0.5,0.037963092
2.5291176,3.2815728,2.7847974,0.49796292,-0.6515275
2.5133917,2.3835785,2.4731336,0.5,0.12759456
2.8176796,2.6357422,2.7666116,0.5,0.12331987
1.4632955,1.5286057,1.2973154,0.07001173,-0.2312486
2.2836144,2.6489804,2.2237148,0.41859385,-0.49372894
0.8035908,0.44001672,2.047727,0.0,0.6871785
2.5692663,2.768392,3.2032988,0.5,0.4774313
0.7947332,1.1395113,0.9119307,0.0017565602,-0.40703413
3.8497906,3.9033055,4.1336517,0.5,0.27421024
2.3611932,2.423302,2.1448052,0.4258448,-0.3310218
1.151502,0.82794917,0.75060683,0.040925775,-0.08828443
2.8330493,3.16884,1.3580179,0.5,-0.72612226
3.4376733,3.6927927,3.2302778,0.5,-0.593945
2.1261046,1.8863932,1.6769569,0.34167516,-0.24860847
3.4119015,3.830889,3.9858236,0.49532068,0.16353595
2.5010526,3.3659956,0.43697947,0.5,-0.7267804
4.0613894,4.4165998,3.351478,0.49004668,-0.7336417
0.81192434,1.2175834,0.81357783,0.012644745,-0.7576763
1.8727534,2.5566237,1.9344263,0.22784291,-0.6918119
2.3769157,2.7288115,3.3518045,0.44665796,0.70552975
3.3813593,4.08548,3.617611,0.5,-0.56250924
0.91846913,0.21841353,0.96664757,0.030499808,0.6649492
2.6013706,2.496859,2.6644697,0.5,0.20415866
3.0599074,2.712983,2.007135,0.5,-0.74405974
2.4035616,3.40901,2.049731,0.45736146,-0.71028847
2.4491916,3.0586019,1.5424589,0.46986112,-0.71348757
0.6843597,0.2889128,1.7392422,0.0,0.694577
3.6627407,3.441511,3.4355478,0.5,-0.027173188
0.7956906,0.39842936,1.1985397,0.025499512,0.69854176
2.7097948,3.1200547,0.4289579,0.49223167,-0.70563996
2.893565,3.2057638,2.77862,0.496505,-0.5185565
2.5752478,2.604543,0.80085164,0.5,-0.7049192
1.8411628,1.6686571,2.1808555,0.22278634,0.62712693
2.0210083,2.2703235,1.9735334,0.2941467,-0.39162746
2.9131274,4.3995647,2.6346564,0.5,-0.6712715
2.1346345,2.201468,1.1617196,0.34815744,-0.75337696
1.3311194,2.1826978,2.5042624,0.06305124,0.5061964
2.8605611,2.9732194,2.6375234,0.4811544,-0.4478659
2.0919926,2.7463803,1.8968446,0.3415237,-0.72083956
2.940968,0.67973506,2.7350624,0.47768384,0.71225125
2.4845374,2.698035,3.2767377,0.480589,0.6625095
2.4452815,3.0365136,0.43997443,0.48054877,-0.7295105
2.6849108,0.61636424,2.484696,0.4958822,0.67889607
1.8970759,2.2612708,2.065461,0.22775616,-0.23938048
2.0876238,2.2802594,2.7971272,0.33628398,0.6118122
2.4171064,2.9849508,2.5504534,0.46252507,-0.5493678
1.971856,2.9684732,2.038596,0.28052998,-0.69705147
3.077837,0.70465225,3.0181653,0.5,0.6983086
2.4352963,2.0298028,2.2522054,0.47991222,0.27887756
1.7145913,2.6610506,2.7393224,0.17187826,0.09047656
0.81856686,0.863378,0.46799624,0.0032350717,-0.7284131
2.6372366,3.5349743,2.989368,0.5,-0.5933572
0.8607924,0.8898813,0.7370215,0.024407161,-0.22695078
2.797816,2.8351667,3.1737309,0.47652486,0.33010727
2.9199276,3.698489,3.0006778,0.4985279,-0.73836094
4.0501895,4.6835804,4.2595987,0.48656747,-0.5099512
3.2993329,2.9933019,3.4306185,0.5,0.5458317
0.726812,0.7307791,0.24971646,0.0,-0.7281771
2.4197605,2.3149426,2.4380167,0.470274,0.09065482
1.2462931,1.8048767,0.3704393,0.07151191,-0.7141366
2.9003642,3.2104626,3.120915,0.5,-0.116609044
1.1572691,1.3662806,0.27993938,0.037432715,-0.668898
1.1158928,1.1577225,1.0961839,0.03958964,-0.09462604
1.8748871,1.260555,1.9275442,0.23493919,0.7020532
2.204157,2.2172976,2.412222,0.36160156,0.20455432
2.1981976,2.8796992,1.1733134,0.37796298,-0.775259
2.4206645,2.850527,2.28594,0.4658973,-0.6522384
1.4053956,1.2452948,1.6206697,0.06986387,0.4820041
3.1874926,4.005114,4.0839057,0.47539404,0.05931977
2.8844614,3.2763984,4.26037,0.5,0.7104834
1.6941704,2.30596,2.7807634,0.15910673,0.55796134
2.66931,0.80076677,2.2977107,0.49474666,0.6853933
0.7078317,1.8688128,1.0657384,0.008770589,-0.68600535
3.3406603,0.65088713,4.072404,0.5,0.6594892
3.6094675,4.6476283,3.9756565,0.48232436,-0.6882656
0.750046,0.59703326,0.8545868,0.0066920444,0.42235726
2.02739,1.3970606,0.33762518,0.3073391,-0.6882931
2.15122,1.9575909,2.559787,0.35202786,0.67607194
2.3836663,3.139368,2.1345816,0.45517373,-0.7630077
2.5118027,2.1659255,2.7838624,0.49587613,0.6795743
3.3840628,4.4110765,2.927493,0.48993373,-0.73766357
1.2204406,1.0718831,2.464424,0.070438735,0.66287076
3.2344174,3.6340754,3.1110055,0.4976823,-0.63926524
0.87255394,1.3397222,1.324094,0.010668818,-0.049114242
0.7916675,0.94242114,1.0104015,0.0,0.113800995
1.0668525,1.1771646,0.4906557,0.027703231,-0.67967623
2.5997784,2.3774536,3.1151774,0.5,0.7587109
1.8715806,3.0968516,2.6001089,0.23328325,-0.5640889
2.7379007,3.3489907,3.0046499,0.49281722,-0.4152664
3.0716074,2.564857,3.6581976,0.5,0.6636174
2.952939,2.5539522,3.2648659,0.48845625,0.7253033
2.9095898,3.4070575,2.3794794,0.5,-0.775214
1.4566613,1.7322325,1.6273007,0.096900605,-0.1280853
3.3991964,2.8004932,0.5948202,0.49714926,-0.67866975
1.5907822,3.2262712,0.5924772,0.12757556,-0.70710295
2.4813004,1.411361,0.6523343,0.5,-0.66694546
3.0350614,3.025724,3.1978128,0.5,0.236148
1.1228431,1.3667365,1.4968545,0.034384716,0.20428373
1.8650365,1.7815216,2.08311,0.22882923,0.3847382
1.3741728,2.1045449,1.2715695,0.06425889,-0.7140303
0.73511356,1.2774435,1.5421299,0.0,0.50235766
2.8773441,3.227813,3.4078248,0.4882355,0.20273757
1.9377395,2.1751697,3.0530267,0.2595757,0.72750545
2.8818882,3.3724928,2.9712245,0.49764568,-0.5018768
1.7082934,1.844859,1.5245161,0.16194521,-0.39311865
2.9709065,2.488827,0.6788807,0.5,-0.68928516
2.0827227,2.8067074,0.7430076,0.32887286,-0.6774148
0.7803559,1.8864385,1.1414325,0.015052882,-0.69798726
1.251072,1.6036034,1.8337152,0.05687337,0.2895869
0.98496157,1.2664732,1.9450406,0.027824389,0.6714687
2.7605872,2.9432633,3.016578,0.5,0.12291188
2.2882068,1.822915,2.0518823,0.4049991,0.27196372
0.83686525,0.797175,1.4510436,0.0055310046,0.70412
3.9343941,4.5079145,3.9660082,0.5,-0.6314748
3.0537944,3.4857476,2.348171,0.49418843,-0.6765722
2.5910368,3.7001798,3.474485,0.5,-0.31694487
2.1152809,2.7237604,1.6856359,0.32927182,-0.69666463
2.2406876,0.7935996,2.035841,0.38219622,0.6679347
2.9778938,3.5693674,3.601683,0.49488926,0.056086265
2.0566075,0.7023178,1.2491122,0.30770415,0.71362484
2.6293752,2.0640905,2.8113198,0.49774972,0.72201234
3.442545,4.3331375,3.7909944,0.5,-0.6440736
2.6989064,3.2415729,3.394307,0.4990327,0.1742962
1.964963,3.6981683,2.4631536,0.2735242,-0.71667784
0.9321797,0.978396,1.5405993,0.020737913,0.6895411
3.6085699,0.58464944,4.269347,0.49091116,0.66815174
2.9397655,2.7411602,3.8721826,0.49077842,0.7006905
0.81670237,0.6202485,0.7866854,0.0,0.3052446
2.4472206,3.870157,2.1370375,0.48290825,-0.66824406
0.8267585,0.2,1.0167679,0.009457919,0.75048786
2.3340583,2.5477943,2.844291,0.4366716,0.34724203
1.768007,2.9426444,1.7937975,0.200986,-0.67253935
4.1358957,3.608806,4.022286,0.49523258,0.53208166
1.7460307,1.8317834,2.4891045,0.19040461,0.6981339
1.0345058,1.6623837,1.4791561,0.025382971,-0.35218528
0.6153176,0.32150015,1.643488,0.0093642,0.6997497
0.8638352,1.240202,1.1688516,0.013410135,-0.107769534
0.71319705,0.6550976,0.7905621,0.0,0.25983405
2.5270457,3.4712238,2.5128832,0.48995098,-0.70139414
0.72188073,1.644734,0.2093424,0.0,-0.7266237
2.88912,2.925569,2.7812245,0.49328265,-0.2239908
0.9389967,0.8944784,0.7992506,0.019834569,-0.2002714
2.5037472,3.1115654,2.0860558,0.5,-0.6821055
1.8141012,2.6032732,2.0467312,0.21848322,-0.7226076
1.215487,0.43367678,1.8704727,0.028464938,0.74675786
0.9095323,1.2832211,0.7473622,0.021307174,-0.68815094
2.714482,3.1234856,3.1017327,0.49675596,-0.039130215
2.2295265,2.3347921,2.1492784,0.39992324,-0.22801225
1.9892541,1.858421,2.1133592,0.2776465,0.29407296
0.6008521,0.8881355,0.47692552,0.0,-0.681955
2.5130632,1.0132045,2.8141332,0.4909922,0.7190421
2.9991057,3.5898035,0.6632435,0.49992895,-0.67362326
1.8007135,1.6068163,2.8197591,0.21481065,0.6859159
3.5007136,0.67929095,3.4019492,0.49967223,0.66816115
3.108881,3.4164643,3.2421694,0.5,-0.218519
2.5335333,2.359885,3.2705684,0.4813229,0.72128254
0.88581973,0.40918985,0.9126995,0.024913935,0.7256744
0.3745987,0.9548144,0.86618876,0.0047890143,-0.19876184
0.86763996,0.486887,0.90368766,0.0067205224,0.7351184
3.6317813,3.9381142,3.9699185,0.4967869,-0.015140868
2.872231,3.3873599,3.4049182,0.5,0.041198593
2.1670573,3.121617,3.060338,0.33854026,-0.06775829
1.4161226,2.7509615,0.5390546,0.06671802,-0.6786261
3.170632,4.1174583,3.6234488,0.5,-0.60072213
2.7357607,2.6144524,2.8588252,0.5,0.34314996
2.9317143,3.0176175,2.2751322,0.5,-0.67078966
2.5705593,3.0219576,2.5114417,0.5,-0.5532038
2.0055764,2.1969233,1.8365145,0.28834412,-0.47808936
2.9298627,3.220004,3.3750267,0.5,0.19764985
2.4746928,3.3575795,2.2395701,0.4971265,-0.6931895
2.5501697,2.8632126,2.861829,0.5,-0.049251556
4.0213327,4.736554,4.1539254,0.49992463,-0.6780977
1.3333596,0.99266535,1.8011627,0.06934666,0.7295741
3.130053,3.5682747,3.0550249,0.5,-0.5893712
4.2460623,3.6097634,3.7771049,0.49952182,0.22507697
1.0660089,0.9246097,1.7937133,0.03038153,0.6784284
2.712109,2.8334792,2.5572798,0.49688053,-0.3514849
1.1869372,0.7361722,1.9163637,0.049555458,0.68532157
2.291087,0.9643859,2.476685,0.408567,0.7237085
0.77428955,1.2503898,1.0074521,0.0,-0.4199674
3.0410655,2.7360857,3.5815547,0.4923774,0.7075011
1.8347031,1.6024762,2.3298135,0.20717783,0.7209165
3.1552007,3.216145,3.3135042,0.5,0.09828698
2.573408,0.20717658,2.5261023,0.4969529,0.709356
2.6925902,1.9515216,2.8403049,0.48888627,0.67087066
2.622815,3.065955,0.7725526,0.5,-0.75239354
3.4152749,3.559931,4.092339,0.4865317,0.5876167
0.79670805,1.5735823,0.5088891,0.013439935,-0.7106772
2.5882826,3.0225115,2.5271978,0.5,-0.6501289
2.0771687,3.0323572,2.0543427,0.3332838,-0.7304689
1.2591585,1.6370249,0.5497248,0.063560545,-0.689583
2.005911,1.6269653,2.189769,0.30490118,0.7277361
0.74239355,1.2685311,0.582815,0.0062899133,-0.6935186
1.2666053,1.7610692,1.6777241,0.05771027,-0.13467965
1.1866236,1.1408341,0.9684274,0.047264714,-0.32596907
1.0694224,0.97293514,0.7739108,0.041414153,-0.2459851
2.8420975,1.8803782,2.9110715,0.49495268,0.7001735
2.350146,2.993118,2.870686,0.42497736,-0.16397633
3.027377,3.2122226,3.5440207,0.5,0.37576383
0.8555008,0.89887005,0.71498066,0.015215106,-0.36963353
2.4351537,2.152596,2.518863,0.46477127,0.42417207
0.874721,0.89344615,1.584978,0.017186442,0.7066945
1.6520995,2.1302192,2.0584404,0.14955282,-0.07031095
3.1593702,0.6674484,3.0739248,0.5,0.70101863
1.9120952,1.9902995,1.9025209,0.25089538,-0.084234364
2.7590075,2.4586353,3.422989,0.49495316,0.69746643
3.046476,3.109891,4.058455,0.5,0.67805547
2.3229735,2.1206276,0.58808374,0.42121562,-0.6720138
1.0090889,1.182175,1.3834829,0.028127981,0.29472414
3.1810496,3.7035935,2.6175745,0.49833432,-0.7055517
2.099127,2.1193342,1.9364128,0.33878314,-0.19821343
2.0815377,3.1265194,0.6841319,0.31007534,-0.7208271
2.5042226,2.3754327,2.720444,0.49505508,0.4266506
3.397131,2.7130175,3.1385212,0.49331382,0.51969385
3.580332,3.6922457,0.5122743,0.5,-0.71377915
0.88316447,0.7435818,1.4846072,0.0,0.71713346
2.1468093,4.127259,0.9718218,0.33086976,-0.74427897
3.2684753,3.2348797,3.4185083,0.48903123,0.21779743
1.627196,1.1007054,2.2778466,0.13183747,0.6837942
2.6836917,2.9830751,3.3360965,0.5,0.44898412
1.1137309,1.2449329,1.1092328,0.034859434,-0.20378368
3.4373136,2.9969146,3.8903072,0.48766446,0.6822548
1.0648612,1.3839653,1.0929803,0.04084227,-0.4926236
2.0787754,2.5134943,2.3680787,0.31341803,-0.15532961
2.7015843,2.8948061,2.041912,0.4882277,-0.6714515
2.2456455,2.3229275,2.2366009,0.3873286,-0.039171826
2.4236884,2.4514914,2.769269,0.4477862,0.36133346
0.7260511,0.6579803,0.348725,0.002674155,-0.56048435
2.3810377,1.932034,2.486151,0.44692364,0.6988034
0.6468006,1.6221662,0.2,0.0,-0.6694339
0.7623747,2.1205738,1.264477,7.506631e-05,-0.72470933
3.5206296,3.2383895,4.3992467,0.4947859,0.6559222
2.832054,2.6908681,0.90436137,0.4884456,-0.73459727
2.6984859,0.7146619,2.0744505,0.47691363,0.7151719
1.9340065,2.5018249,2.4281523,0.26224083,-0.14433762
1.1128021,0.76840764,1.4297369,0.032291114,0.7419307
2.9372327,3.4232757,3.3316162,0.5,-0.13012889
0.6603449,1.072837,1.2448896,0.0,0.30232683
2.6126916,0.32707685,2.944947,0.49704912,0.7258031
2.8016639,3.714602,3.6941745,0.48620468,-0.0018279194
3.077272,3.0605047,4.047601,0.5,0.71052456
3.1169183,3.3351831,4.299639,0.49602148,0.71312994
1.1732031,0.75575215,2.4304438,0.029209388,0.7179354
2.755913,1.7226133,2.575749,0.49368903,0.71823883
1.2327491,1.9763647,1.9541947,0.041170027,-0.05956894
1.1811734,1.1231318,0.63401866,0.04972215,-0.7341816
0.74947804,1.5502815,0.2,0.013393028,-0.65727186
1.593765,1.6425805,2.043017,0.12108374,0.49410498
0.82799697,0.9527011,0.68485427,0.018181989,-0.4694581
3.5407443,3.851146,0.6889544,0.49061784,-0.6798224
0.7853147,0.70329666,0.42808166,0.0055049313,-0.5331721
2.6312063,0.3775465,3.4814925,0.49945626,0.6935551
2.686332,2.4761062,2.4897265,0.4991741,0.028071059
3.1373277,2.8655407,3.009908,0.48769692,0.15892002
2.370972,0.79563254,3.0981958,0.43051267,0.73041904
2.0537074,2.8346093,2.4561417,0.29847968,-0.45839518
1.0447819,0.67154765,2.1831915,0.038270045,0.7113872
2.1348512,2.3170977,2.7708526,0.3474185,0.5671378
1.444134,1.838205,2.2816973,0.07679404,0.6034531
3.6837852,3.5178194,3.3965337,0.48797286,-0.0921115
0.86925095,1.2139753,1.2987789,0.018233852,0.10418849
0.75950056,1.5371109,1.8420422,0.008438729,0.5875776
3.162358,3.528405,2.8234541,0.4835462,-0.6841993
3.015667,3.2541008,3.1781914,0.49293828,-0.12380364
0.51674974,0.32016423,0.6563522,0.0,0.627272
1.0363528,1.1956689,1.3421941,0.042738646,0.26900136
2.9080184,2.75827,3.4932249,0.5,0.6470897
2.2805278,2.179123,2.531685,0.4267181,0.38868898
0.66983217,0.8084294,1.9199282,0.0,0.7519625
2.3941143,2.5036466,1.4497116,0.43156397,-0.7509991
0.89057595,0.79049516,0.2,0.02375267,-0.6717631
1.8575048,1.7551146,1.9487135,0.21228455,0.29164878
1.0216032,1.3642352,1.8317106,0.035145473,0.6812271
2.9860508,2.8946154,3.0606666,0.4953433,0.20071216
2.3558073,2.0889325,2.3222425,0.43429777,0.32843766
1.2331734,1.7505397,0.38893315,0.049593873,-0.69568205
0.8586179,0.5955424,0.887096,0.009118015,0.5178628
1.042034,0.5847659,0.9750755,0.013797807,0.6426443
0.82179594,0.20148605,0.88420504,0.022228455,0.74738437
3.3547254,4.1221256,3.4531581,0.5,-0.73653775
3.0785043,0.41345042,3.5497093,0.49453068,0.6934818
2.6384327,3.4147654,2.6265836,0.5,-0.731689
2.5339415,3.3715694,2.3964932,0.49820182,-0.71277946
2.7925894,3.0300238,3.058776,0.5,0.034370236
0.6132467,0.59228116,0.8354177,0.015400153,0.44376144
1.6016085,0.887193,1.1922512,0.11714195,0.39420092
3.051613,3.3377113,3.4099088,0.5,0.049079865
3.01839,2.9353623,2.56615,0.5,-0.51945496
1.2044898,1.00913,1.7272284,0.06561017,0.70101315
2.866078,2.4397998,2.850576,0.48212078,0.4587618
3.6667292,3.3223238,3.3547769,0.4970487,0.04358471
1.8622397,1.4359667,3.4547765,0.22460634,0.74989897
2.5209272,0.6500332,2.8412597,0.4902877,0.68970907
1.0599797,1.8499881,1.8270286,0.03992684,0.0053280112
3.5378747,3.463007,3.7392855,0.4909215,0.33411488
3.2672858,4.058918,4.1366267,0.5,0.095758215
2.0480406,2.345128,2.5703478,0.3220928,0.2429108
2.8319829,3.737942,2.8822927,0.49755847,-0.7067852
3.9418983,4.4269238,4.6723137,0.48219666,0.3034137
1.0067221,1.4843136,1.8162638,0.016828457,0.5203488
2.6124666,2.9832673,2.545619,0.5,-0.49618477
2.9275517,2.7274668,3.0906346,0.49630067,0.4373174
2.24341,1.805727,3.4802144,0.40954396,0.76350754
0.9733007,1.258945,1.2124834,0.035894588,-0.09546046
2.3180428,2.4300783,3.044917,0.4502749,0.6419798
1.7399529,3.3178558,2.3978045,0.19466335,-0.6820338
0.25085723,0.7260853,0.93217254,0.008175979,0.47490504
3.0116632,0.7586293,3.7128096,0.49491027,0.71522236
2.1267786,2.3204858,0.93937254,0.34816206,-0.70627046
2.7882347,0.47841525,2.7356842,0.4970035,0.6956719
2.9354458,3.1064775,3.0136635,0.5,-0.129201
0.72163725,0.28930333,1.1235857,0.0,0.6540191
2.300912,2.934669,2.0115511,0.4088061,-0.7221428
2.7794204,2.8361602,2.9645677,0.5,0.14725733
3.0411913,3.567256,2.5616882,0.49028844,-0.65453815
2.2595358,2.1774259,1.4456838,0.4058626,-0.7029328
0.8704957,0.89733994,2.440012,0.021094121,0.7536101
2.3690612,2.9031987,2.4035563,0.44598383,-0.5556925
1.0574775,0.26776186,1.9391361,0.04644541,0.70697576
2.8841636,3.577767,3.5082717,0.4919238,-0.052460536
2.32977,3.2633612,2.3831801,0.4209212,-0.69095224
2.8942318,3.8472486,3.8253188,0.5,-0.012397467
0.86445814,0.8420392,0.68882555,0.009343115,-0.27928203
2.9069555,3.214934,3.038431,0.4923819,-0.18303189
2.9238045,2.828316,3.431272,0.5,0.6943246
0.9872291,0.46796492,0.7108786,0.04190421,0.4741726
2.4248533,2.629346,2.5512042,0.46303275,-0.07310601
2.575293,1.9847689,1.7539576,0.5,-0.2905945
2.2111259,2.6452901,2.7685752,0.37901893,0.11238551
0.728116,1.280497,1.4682914,0.0030838032,0.33403096
2.3406868,3.1793551,2.2899146,0.43048325,-0.66981155
3.0325832,0.40510678,3.6224995,0.4985085,0.67139006
3.0147579,3.0040185,3.3706896,0.5,0.39816755
2.792168,2.8960853,3.5037754,0.49532002,0.6905047
2.3919866,2.675571,2.9898431,0.46376625,0.380063
2.3600743,3.228757,2.298451,0.43481803,-0.6793489
2.0541782,3.014537,3.2610056,0.3166576,0.33113828
2.2725308,2.4186866,1.9815925,0.41221446,-0.5070546
0.40444738,1.0909122,0.80323845,0.0,-0.5986636
3.3916519,3.382908,2.3133852,0.49475145,-0.70072883
3.6930602,4.122324,4.0873013,0.49484155,-0.11102618
0.6481241,0.6210633,0.2,0.0,-0.66446644
1.114505,1.401471,0.9451959,0.039757784,-0.7450961
2.7418232,2.5155098,3.5099518,0.49444962,0.65689117
2.7364635,2.2052212,1.6571462,0.4958814,-0.6707202
2.177906,1.8109761,2.353028,0.35816026,0.6569501
3.269668,3.7572823,3.4024844,0.48930416,-0.4434703
2.8149893,2.5324388,2.3007255,0.5,-0.325961
3.2326412,3.2387908,3.5742307,0.4809623,0.42908156
2.2044055,2.842463,2.3044422,0.37871534,-0.6365968
1.7318516,2.5275264,2.2820003,0.16591102,-0.2805911
2.8474874,2.5918233,3.074066,0.5,0.58761114
2.050242,1.0062281,1.977571,0.31289536,0.6653731
3.2070959,3.0720577,3.5887332,0.49000067,0.5855172
0.74067074,0.39047584,1.6337433,0.0,0.7244382
0.89134496,1.3902389,1.7255867,0.016142407,0.5971332
2.2437375,0.6757126,2.7782729,0.3849601,0.69915813
2.3824434,1.7789316,3.0719209,0.44807455,0.6828604
2.8215265,2.545522,2.654601,0.49825013,0.12193933
2.773842,0.87623173,2.9337294,0.49196863,0.7183783
2.9383101,4.193513,3.437121,0.5,-0.7307167
3.0826905,3.351282,3.3896582,0.5,0.08935688
2.4528296,2.9968007,3.045607,0.47146213,0.11304335
3.8536496,4.601289,4.8263,0.48657855,0.2630464
3.4638734,3.4068077,3.535608,0.5,0.15826963
2.3645952,2.6365821,1.824509,0.42292184,-0.6625908
2.5341887,0.53869015,2.216892,0.49079856,0.7440827
1.1971363,1.6854281,1.5194298,0.057849508,-0.2963452
2.8225257,2.9312727,2.82162,0.5,-0.086500235
2.1059275,2.780434,1.5944802,0.34320256,-0.6871698
2.1438076,2.8734179,2.3464186,0.36067706,-0.60519296
1.3156391,1.3366827,1.1512405,0.05364381,-0.23927017
2.3752768,2.9258733,2.8974383,0.45308882,-0.05339661
3.2145803,3.63979,4.1737666,0.49934006,0.6507508
0.9167438,2.4497929,1.6713914,0.012820101,-0.6631284
2.5539215,0.5626582,2.3043432,0.49397832,0.69985074
2.7476132,3.197753,2.6927645,0.490664,-0.6168878
1.9946121,0.6094721,1.4595115,0.29109845,0.6830035
2.6017876,2.3346722,3.4423432,0.48678136,0.70624095
3.1163917,3.6280735,0.829601,0.4890705,-0.73204416
0.77152956,0.26052386,1.7558004,0.013496529,0.67480093
3.1673675,4.1770606,3.6795855,0.5,-0.57146955
3.3476236,2.5197935,3.3443403,0.49307823,0.7233379
2.9936998,2.6902966,2.2654307,0.5,-0.49192464
2.1601524,2.8846087,2.55565,0.3557683,-0.41652936
2.3796437,2.5916724,3.6827362,0.43666,0.71182835
3.7705107,3.9769008,4.405703,0.490641,0.5529835
2.8024886,2.6503603,2.9043097,0.4976307,0.3145773
2.681866,2.8802843,3.350762,0.5,0.5880158
2.0240285,2.6566255,2.6485121,0.30337253,0.023043068
1.1391867,0.8740001,2.0087647,0.05284975,0.687089
0.6498898,0.7496531,0.6832353,0.0,-0.14751701
0.5805169,0.7844912,0.49857137,0.0,-0.56503594
0.8383529,0.88190585,0.26347592,0.004929381,-0.7266499
0.7065689,1.2575032,0.2,0.0034634336,-0.66319877
1.2579525,1.8202462,1.8995323,0.05385338,0.11437031
3.0477772,3.0973272,3.8333478,0.48315582,0.752132
0.73337257,0.21467863,0.9476932,0.013853815,0.68031853
0.6052422,1.4420921,0.82827216,0.0,-0.68376565
1.8631532,1.6485751,2.2395945,0.23357676,0.7114988
2.704858,3.8421283,3.5053797,0.5,-0.41329136
3.2585828,0.46261355,3.8941667,0.5,0.65116
0.6959806,0.9828046,1.0374166,0.0,0.109639995
3.1669297,3.67495,3.6960847,0.4972376,-0.008860276
0.8283524,0.8952119,1.3890569,0.014612178,0.6395067
0.98911566,1.3372403,0.6930041,0.029046196,-0.75754696
0.7917853,0.8482282,1.2551981,0.0062046875,0.699677
3.0805085,4.2289734,2.6157377,0.5,-0.69910574
1.7329338,1.977604,2.5001497,0.1616866,0.6608592
0.9905852,0.6820525,1.621739,0.0547418,0.7316406
1.0074931,1.3350524,1.2713349,0.035296675,-0.10985882
0.59158236,1.3357716,0.6078509,0.0075660986,-0.7196244
3.2806997,3.6283972,0.8570061,0.5,-0.72265697
2.5676658,2.855724,2.8659277,0.4937228,-0.04248384
2.2612724,1.7765853,2.5870337,0.40204397,0.714381
0.670005,1.4593173,1.0156184,0.0,-0.6815025
2.4629683,2.8060148,2.8001306,0.4932159,0.0043365005
2.8918777,2.8813503,3.7024775,0.49743196,0.70907944
0.9930348,1.4434618,0.43156657,0.032411426,-0.7148847
1.7413416,2.62793,1.8826711,0.17997313,-0.6811147
3.3362832,3.8716118,2.5238528,0.49143296,-0.68500435
2.0392764,3.2200124,2.3928194,0.31334922,-0.73650974
0.67470646,1.2517645,0.25798362,0.002765066,-0.70564646
2.2772384,1.4871202,2.5107462,0.40498003,0.6857096
2.8686173,3.6825466,2.649354,0.5,-0.69715554
2.6399736,2.0113378,2.4237866,0.5,0.48266104
3.0320156,3.8476179,2.9850883,0.5,-0.6609797
0.63967854,1.2937182,0.8888394,0.02347499,-0.6831013
2.8325062,3.8875034,3.407797,0.49833953,-0.56599826
2.2432425,2.7095883,2.1007652,0.38538173,-0.7201633
2.916808,3.2503757,3.1139393,0.49911803,-0.161283
3.7524917,4.615287,0.552339,0.49675384,-0.7154952
2.9828014,2.6295583,2.9430077,0.5,0.38881516
1.2973716,1.5003513,1.6831614,0.058596272,0.28873345
1.6396312,1.6911069,1.1938736,0.13102835,-0.6149506
2.7980156,2.79332,2.5248435,0.5,-0.35744223
2.4675398,2.3724434,0.49969414,0.48620752,-0.6828873
2.1295753,2.4221227,1.2930522,0.33747682,-0.66375786
0.7829006,1.383248,0.75842774,0.01321861,-0.6369457
2.6976357,3.5541346,2.9524643,0.4798069,-0.77345675
1.144345,1.1896337,1.5267128,0.041509207,0.47199428
2.6890535,2.7295976,0.83439904,0.5,-0.7314001
2.459218,1.2704294,2.5672615,0.48250756,0.6119732
2.997668,3.932732,3.0130982,0.5,-0.6920586
2.693672,2.2364058,2.4998004,0.4959923,0.34860426
0.78592867,1.1817725,1.7285873,0.016391471,0.7037016
3.1543558,3.5700076,3.76295,0.4906368,0.22132865
2.9499218,3.5979123,3.2639296,0.4978553,-0.4132825
2.651343,2.3491385,0.783714,0.48910165,-0.6870376
1.2773454,0.6768603,1.2939292,0.03475834,0.69331
0.5853152,1.518954,0.6690762,0.0,-0.72016007
0.63456345,0.9371304,0.35135826,0.0,-0.737742
2.5563946,2.281833,3.3716834,0.49315006,0.7428596
1.0291606,0.51959217,0.4830014,0.04488575,-0.0839189
0.6372011,1.5610217,0.2483248,0.021775847,-0.73564464
3.6993062,0.4373169,5.397815,0.49900076,0.7129528
2.0353458,2.1525242,2.2021112,0.3078126,0.092754774
1.845246,3.255533,1.5889647,0.21963716,-0.72596455
0.9514934,1.659729,1.5504708,0.025006907,-0.1891157
1.04581,1.7843804,0.560452,0.035557088,-0.71742636
1.87093,2.902408,1.7587262,0.23449448,-0.68307424
1.2528093,0.69701123,1.8848784,0.05259648,0.68520904
0.7970128,1.8271216,2.0876737,0.016708678,0.4730798
1.880055,2.9060097,2.6049433,0.22430398,-0.31861377
1.9934127,1.9749167,2.538211,0.2863787,0.65234876
0.8695403,1.391003,1.718908,0.026668144,0.57598275
0.9235155,1.5875843,0.94802505,0.016975164,-0.7161847
3.0415652,2.8951113,2.5394058,0.49454433,-0.42603576
2.4256823,3.03647,2.2669415,0.4669777,-0.6769824
2.6964617,2.5647593,3.566897,0.5,0.6683652
3.9725807,5.397248,3.510072,0.49452403,-0.68917847
2.0804617,2.3408413,2.159006,0.31910905,-0.20303752
2.2311442,2.7395713,2.4030302,0.38954535,-0.40212354
3.0005498,2.3366165,0.68515205,0.49171925,-0.6996771
3.1465564,3.624245,0.35011125,0.49704766,-0.7109433
2.8693194,3.6534145,3.355759,0.4847503,-0.37298277
3.6471667,3.430655,5.4198194,0.5,0.6566702
1.2179993,1.1592133,1.75873,0.062316813,0.7173339
1.4147935,1.2545168,2.35166,0.08011256,0.69373035
2.656956,0.62668014,2.9185796,0.5,0.72379607
2.284634,1.8227552,3.4233737,0.40678677,0.7125788
3.3979642,4.1454763,3.263481,0.49927023,-0.63004726
3.2073722,2.7713788,3.858944,0.49671152,0.7446518
1.6120178,0.93547636,1.8045505,0.13560721,0.7428317
3.439802,3.3460662,4.1134353,0.5,0.72699136
3.1701455,3.3969486,3.6456163,0.48612118,0.3335626
2.4259467,2.88066,3.238219,0.4741244,0.45140037
2.6120212,2.3855832,0.59376633,0.5,-0.7075979
0.5250409,0.42754266,0.72551954,0.0,0.5966064
0.91261977,1.4302295,1.6740134,0.031061687,0.42457092
2.8824275,3.543974,2.61714,0.5,-0.7269449
3.2367003,4.092583,2.5802422,0.49851552,-0.70741636
2.5812356,2.94626,1.6795449,0.5,-0.6708392
2.9634712,2.3232396,4.0980196,0.5,0.7310385
2.688622,2.3980901,3.0310507,0.49883917,0.675625
2.1392708,2.91326,2.522769,0.34949452,-0.49427977
2.0949075,3.1816792,2.1846082,0.3279864,-0.707638
3.0633814,3.2174752,3.394635,0.5,0.20810927
2.190565,2.3381624,2.026332,0.38123646,-0.42601988
0.8660917,0.62420905,1.0916117,0.010954503,0.6766237
0.9543137,1.8571261,0.32902202,0.023270339,-0.74878
2.309888,1.9228032,1.5557917,0.43961975,-0.44859678
1.8937094,3.0514116,1.424751,0.2519429,-0.73978394
2.6436536,2.7664115,2.3636224,0.5,-0.4541042
3.019329,2.8356733,3.965296,0.5,0.72347146
2.605201,1.9558688,4.1384816,0.5,0.64840466
1.9375612,2.0228844,2.7148316,0.2511924,0.7294592
2.8773997,2.9968815,1.4428219,0.5,-0.7097878
0.69911104,0.73800343,1.8387159,0.0,0.7087564
3.9666092,4.107358,3.9278848,0.5,-0.25633004
3.467672,4.3977323,2.8430452,0.49538136,-0.73576576
2.016156,2.5134187,3.1769829,0.29775003,0.673952
3.1484237,3.4513278,3.1275923,0.4883316,-0.33629155
2.7241557,3.4815977,2.4904325,0.5,-0.696347
1.9781382,1.727702,1.8533049,0.29323864,0.118309565
2.7706668,3.3614857,2.7853043,0.5,-0.6903452
3.7032251,4.331254,4.2623906,0.5,-0.074776486
3.327298,4.267192,3.603781,0.5,-0.7291155
0.8881831,0.4227663,0.46129882,0.011585069,0.019244138
2.5836413,2.3343055,1.9099777,0.48560143,-0.5161415
2.972237,2.70034,2.6787026,0.48603353,-0.006626379
1.5125268,2.0053291,1.8597871,0.073084,-0.23456913
1.592815,1.8725215,1.4290891,0.1294282,-0.5252392
2.703292,3.1715193,2.944639,0.489275,-0.26716366
0.99496436,0.2,1.1622615,0.028702816,0.6805279
1.5228924,2.3814213,2.290753,0.08051268,-0.14811115
2.8252747,3.10963,3.2214413,0.49685672,0.12662199
3.2253432,3.6718392,3.8797119,0.5,0.2371458
2.4929237,2.866318,2.5927606,0.5,-0.35770822
2.6251202,2.5652494,3.7057297,0.5,0.7093077
2.9632142,3.4462686,2.9190118,0.49510315,-0.6192118
2.8567245,3.084572,2.6143744,0.5,-0.5283043
1.5985435,1.8186262,0.47801948,0.1226271,-0.68917
2.1116705,2.4706597,1.9428418,0.32691523,-0.66686535
2.3257692,2.5119913,2.0523038,0.42336243,-0.5269717
2.0597036,1.0115651,1.7356279,0.31044993,0.73952484
1.0794008,1.2072395,0.97163045,0.033601444,-0.36634472
2.9577978,3.9869487,3.1074207,0.48936924,-0.70073575
1.9800274,1.8880595,2.3327475,0.28425846,0.5725521
2.3769343,2.690958,3.059106,0.4450675,0.41552535
3.2370477,0.8871239,3.507292,0.5,0.64201224
2.208264,3.4885826,2.8843458,0.37230733,-0.7351644
3.1325912,3.1644154,3.7239542,0.49784178,0.75748295
3.4183285,2.9433463,3.1730347,0.4912147,0.297579
1.0454167,1.6090891,0.7723669,0.025538301,-0.6908143
2.7514102,2.5040252,2.6829472,0.49837565,0.24367052
3.3813355,3.7252333,2.4742677,0.5,-0.7664691
2.2807298,2.7396731,2.5168903,0.41865784,-0.25726655
4.098456,4.068645,4.1948905,0.5,0.15979408
2.7322788,2.8308177,3.7878504,0.49901634,0.69791317
3.364605,3.9267576,4.0473723,0.5,0.16040249
2.3464704,3.101647,0.22174509,0.4383708,-0.75328064
2.8838782,3.0805075,3.571392,0.47079572,0.56640804
2.958074,3.210798,3.0801346,0.49255896,-0.18812369
1.0364286,0.65989476,1.4305218,0.035135183,0.68074405
2.069255,2.337656,1.2660385,0.30838296,-0.6567994
2.5439696,2.4406388,2.3993487,0.5,-0.0068561253
0.70020133,0.93147475,1.0048923,0.0,0.10624446
1.4919702,2.4341226,1.5740776,0.07727923,-0.6980177
2.3385777,2.042631,3.2293375,0.42199248,0.62264717
3.3468804,4.128258,3.7690063,0.49599078,-0.44029543
0.9855803,1.3239864,1.5806586,0.021874787,0.47461778
3.3518183,3.5525224,3.6663904,0.5,0.17302883
1.9712628,1.6670338,2.0949728,0.28574708,0.5404306
1.1090993,0.58348864,1.7833643,0.045271475,0.6550666
2.5330837,3.8552728,3.6355703,0.48669693,-0.23647133
0.86611503,0.2,0.2169932,0.009997676,0.022879194
1.0640988,0.2960685,0.79200596,0.03622644,0.6780372
0.86494166,0.98392266,1.0721208,0.018559156,0.15324801
1.7587415,2.1530635,2.5712528,0.18687004,0.5089486
3.2142673,3.8113773,3.7703593,0.5,-0.016140088
1.7779859,2.18662,1.6064677,0.1958036,-0.695592
3.3618414,2.6584642,3.3445928,0.5,0.6914781
2.566228,3.228219,3.263434,0.5,0.02187548
0.7053735,0.8518799,0.6547332,0.0,-0.43291822
2.71197,3.4238403,3.0930936,0.49421367,-0.3802415
2.0581226,1.9600365,2.0337546,0.30418706,0.019104311
2.6937497,2.1290364,3.1374564,0.49278963,0.7262126
1.8341155,1.8361483,2.393912,0.22900012,0.6563987
3.3582292,3.7898567,2.3179724,0.49154755,-0.75024587
1.9638209,2.350727,3.1565788,0.27403304,0.6736097
0.6669376,0.8416494,1.8489699,0.0035279016,0.6789036
1.9944851,1.8640397,1.1661774,0.27696648,-0.7402908
2.2883322,2.402332,2.3602765,0.40455866,-0.040403042
2.3800437,3.3259203,1.7519747,0.445798,-0.68070287
4.3530226,5.8380113,3.5580103,0.4861664,-0.6910008
0.9822647,1.4563302,1.6192285,0.031557165,0.28265393
0.44754696,1.0730696,1.5533792,0.0088517945,0.66519064
2.3332863,2.1683533,2.5353637,0.43999135,0.42225733
0.84298474,0.20310459,1.8048794,0.0088969255,0.7082143
2.4925694,2.5729766,2.381709,0.5,-0.18962556
3.710259,3.304065,3.2033494,0.5,-0.1405463
1.179737,1.8955717,1.1751012,0.039308485,-0.787939
3.1441982,3.3659043,2.977657,0.5,-0.44353342
2.020905,2.9676063,2.494983,0.31121758,-0.530191
2.4598389,3.0532324,3.2550864,0.48978984,0.17206918
2.6635017,0.9658911,2.3483171,0.5,0.7051185
2.1798966,2.403362,0.367515,0.37172124,-0.6857045
2.8172386,2.6366308,3.5412042,0.49275124,0.6710019
2.9721112,3.8293722,2.964338,0.5,-0.73036635
2.8990932,3.1646621,3.5366898,0.4896375,0.43616048
0.8275632,0.7184476,0.62542504,0.038099892,-0.16251269
3.305657,0.2,3.1247432,0.4754955,0.68031293
0.8323034,1.6128799,1.5955507,0.020295762,-0.032023158
2.3964677,2.4353464,3.0124533,0.46803752,0.6822311
3.4944327,3.5296226,4.3494906,0.47661817,0.6963121
1.9626095,2.379858,1.998646,0.27098164,-0.4755924
1.0209368,0.767205,1.9120181,0.029945146,0.6974288
2.1176956,1.4479282,2.4844928,0.341474,0.67991555
0.73282164,0.9905701,1.1280874,0.025621671,0.2792391
3.381794,3.1005583,3.1337652,0.5,0.06928787
2.134548,2.3340964,2.7207627,0.35792315,0.43408975
3.7134204,3.5160031,3.7819943,0.4984105,0.36723348
2.6298084,2.1374269,3.736284,0.5,0.7081895
2.5692728,1.9092722,2.7483826,0.5,0.7177926
2.1200135,2.353284,2.2081077,0.36255392,-0.16807824
3.786863,4.533566,4.633117,0.5,0.14800252
2.470228,3.2187324,2.7184837,0.48309052,-0.60335195
1.7366102,0.34757027,1.5549197,0.18189625,0.67817116
4.1003785,5.0041738,3.5294166,0.5,-0.6673858
2.8641956,2.826445,2.571066,0.5,-0.28249443
3.0615253,3.716934,2.3812525,0.5,-0.7209891
3.5879874,3.604582,3.7732837,0.5,0.18107025
2.9453855,2.778289,3.6107535,0.5,0.7039973
3.172635,3.7454493,3.0978584,0.5,-0.66702694
0.73624176,1.2012801,2.209443,0.00975963,0.76581216
3.0529242,3.5865407,2.574193,0.49611846,-0.70633876
2.5669858,2.0250776,2.9978204,0.5,0.6776613
1.303488,0.6319729,1.7277651,0.06441036,0.70363057
2.6973243,3.1676717,2.6905706,0.48976216,-0.56032914
2.365922,2.3775175,2.4768434,0.42499843,0.11121892
0.940213,1.388827,1.9468001,0.023920953,0.7174529
0.78628,1.5577643,1.4908894,0.009260338,-0.068363495
3.0829742,2.9117167,3.6859004,0.5,0.6499956
2.9566693,0.6324968,2.687157,0.4940564,0.72438717
3.8551261,3.8521848,4.2689905,0.5,0.4943788
1.0231472,0.2,1.5973525,0.024176171,0.6633402
0.82143795,1.2123712,1.4742137,0.022748644,0.43435106
2.8417904,3.5322845,2.3716516,0.49173552,-0.7008924
3.4032998,0.61800134,3.8028207,0.4836339,0.6833488
2.0163236,2.4568615,2.417743,0.30380446,-0.027475469
3.8559356,4.5626187,4.535762,0.5,0.026918026
2.166617,2.2905142,0.47229156,0.3554412,-0.6841752
3.0822217,2.5598838,2.8082824,0.4985058,0.3485121
2.577101,2.858701,2.3324218,0.4952779,-0.65667516
2.5529356,3.4354227,2.971058,0.5,-0.5861627
1.8131522,2.204194,2.5997481,0.20945452,0.4570471
3.158849,3.1470888,3.1574423,0.48690376,0.014883058
1.7838078,2.3954957,2.2013042,0.20209244,-0.26817983
1.7579249,2.1026216,0.8321071,0.18367936,-0.69200057
1.0610859,1.1920303,0.2,0.030048234,-0.7011566
3.6800404,3.9335787,4.11562,0.5,0.20258054
2.2107103,2.2533805,2.6484246,0.37697712,0.47832757
3.1932783,3.740178,1.0372034,0.5,-0.69885844
3.0842237,2.7778108,2.2638083,0.5,-0.5941212
2.5397344,2.9409444,3.4675477,0.5,0.55349135
3.4148178,4.0048537,3.3212316,0.48928064,-0.74655896
2.5122423,2.89743,2.458709,0.5,-0.5037014
2.9325244,3.2068725,3.4655373,0.5,0.30951446
1.8942175,2.081186,2.09046,0.2310931,0.008924518
1.8576418,2.333723,2.9359562,0.225443,0.69474727
3.3156958,3.2866764,3.843503,0.49662802,0.6517372
2.9213736,3.1425407,3.9065304,0.49008945,0.6404676
2.5195246,2.2490282,2.5602098,0.49657783,0.3623857
3.7361355,3.7514098,4.618246,0.487901,0.70246834
3.739536,2.9313598,2.7766073,0.5,-0.20291688
2.8300536,3.054783,3.0327935,0.49104223,-0.03292378
1.7044404,2.2448843,1.2188969,0.17150517,-0.7230607
0.8533869,0.93840766,1.0321745,0.01657805,0.23029691
1.2562641,1.8814754,0.7268212,0.06329177,-0.7070517
0.6396787,1.5285057,0.75836766,0.006473468,-0.71509105
2.0154712,2.2347708,2.332853,0.2970857,0.10890277
1.9081948,1.6728295,1.7384481,0.2663588,0.111759596
1.3018866,1.9545045,1.2337159,0.065301865,-0.65796596
2.6834219,3.303829,2.985202,0.48507848,-0.42933413
1.2163718,1.6469896,1.1517191,0.040798046,-0.681372
2.4080098,2.3459165,3.2098505,0.43908677,0.7335012
3.0322897,0.74230635,3.0246637,0.5,0.7114119
2.1627245,2.2379463,2.9651887,0.35297555,0.68907154
1.9562422,1.8074107,1.833276,0.2705544,0.026533103
2.5685017,2.9335675,3.0627644,0.5,0.16061553
2.0495903,1.7682228,2.19763,0.29315343,0.49524018
0.95322627,1.5280471,1.744482,0.023387281,0.3568216
1.9390392,2.2582574,3.1143632,0.26077747,0.73243195
2.5476613,2.7271817,2.8604867,0.49844542,0.22685295
2.3717341,2.5224452,3.5602093,0.4282428,0.7073281
2.5695047,2.2602942,0.29456186,0.5,-0.6794329
3.5605571,3.2778935,3.8644724,0.49552312,0.726731
2.70777,3.7805629,2.903209,0.5,-0.7410958
2.9082727,3.0398588,2.5690482,0.5,-0.53377104
2.2252476,1.6782742,3.160861,0.37470514,0.7141756
2.7512765,3.347907,3.0282152,0.48142743,-0.4205298
0.95278883,0.5750489,0.9258189,0.022884367,0.6075762
2.5582554,3.0716045,2.4619362,0.5,-0.7468891
3.017431,3.935858,4.114352,0.5,0.21836282
2.2771435,2.3835685,2.4003294,0.40683866,0.05255683
2.3488252,3.1524923,2.460394,0.4449216,-0.6796119
2.3582075,2.8746924,3.0135384,0.44001564,0.14230593
2.2826352,3.2946568,3.2787225,0.40730047,-0.0055412143
2.7118413,3.206335,2.6311395,0.4940042,-0.6688529
2.365916,2.29042,2.8957772,0.4508308,0.6679326
3.505366,2.6735017,3.9854848,0.49440628,0.71651053
4.2524614,4.0404425,4.3419785,0.5,0.3773714
0.9792541,0.93195504,1.0173575,0.012607786,0.086176015
0.40168694,1.119006,0.32824537,0.011482157,-0.7166698
0.8455014,1.5885342,1.5267112,0.02342843,-0.12151624
2.4208422,0.5997563,2.81322,0.4727528,0.6739361
2.0325906,2.8149204,2.2206008,0.29900533,-0.722476
3.6398175,3.4545188,0.86346716,0.49336106,-0.70940375
0.35499272,0.2,1.0765148,0.009182724,0.7071145
2.8201842,2.3100648,3.1433198,0.48743504,0.7348399
3.459849,3.8586645,3.2796528,0.49920732,-0.6607693
3.0854864,3.0117803,3.099714,0.49728215,0.15747365
2.5761535,3.3815055,3.1222157,0.49622834,-0.32744607
1.9736701,1.6979185,1.2920585,0.2845059,-0.39132845
2.314431,0.8148415,2.4814892,0.42604175,0.7358342
3.3241806,0.9373076,3.9309194,0.49165043,0.6978672
1.108717,1.8826761,1.4677839,0.02919522,-0.6779125
2.4673834,2.7109377,3.0446162,0.48991162,0.41819945
0.79758704,1.083589,0.2,0.015066365,-0.7273645
2.5049267,2.51157,2.0569165,0.49924535,-0.5323291
0.8302979,0.9243215,1.5749216,0.021963451,0.75282544
2.7890117,3.1754148,3.1348407,0.49628782,-0.042504568
0.8864531,0.43244934,0.91984725,0.031377017,0.7068382
3.002367,2.6751235,3.3841965,0.5,0.7031522
2.6059473,2.6857035,3.1378837,0.5,0.5520707
2.5235221,2.371799,2.491096,0.5,0.17975357
2.6142032,2.0698345,2.412921,0.496385,0.3997356
2.1907444,1.619066,1.6627465,0.37632015,0.013478663
1.7008814,1.6059754,1.123601,0.1577286,-0.5536856
1.0748515,1.0796775,1.3086212,0.04258286,0.3239312
2.300431,3.2184377,3.2219222,0.41097346,0.011125172
2.3390958,2.9821873,1.8308678,0.4291172,-0.7099521
2.5375774,0.64654934,2.8217335,0.5,0.6547703
0.7771845,1.3382698,0.37493056,0.0,-0.6944294
1.001305,0.7174596,2.0310616,0.0077357204,0.70867586
3.660772,3.7828696,5.2215676,0.5,0.7129698
0.68594265,1.0641983,1.6403648,0.0046319803,0.6889046
3.8867304,5.1255555,3.534239,0.5,-0.7108402
1.1979932,1.5879018,0.8667936,0.047722396,-0.6670245
1.0687633,0.50477934,1.2467883,0.04924631,0.7017777
2.386275,2.9476922,2.6048734,0.458499,-0.40200424
2.256889,3.019921,2.7371056,0.4095557,-0.38036853
3.885233,0.5222668,4.304122,0.49046007,0.71374786
2.1636074,1.8371826,2.2902753,0.34096032,0.5148338
0.9206442,1.2141769,1.0578787,0.012090953,-0.28428265
2.2071338,0.27028754,1.9412771,0.37125757,0.7040353
1.4261968,2.4939342,1.8831989,0.0644641,-0.6466436
1.1951482,1.6445383,0.2,0.051034797,-0.71740484
2.1091647,3.1255753,2.286984,0.3515984,-0.7252919
2.6754823,2.4226842,2.9954522,0.49116042,0.7756298
1.4255874,1.4515996,1.5088595,0.07543201,0.08920722
3.297814,3.2999496,3.917462,0.4850953,0.69870734
1.394743,2.1347551,2.170853,0.06723141,0.052634165
2.511442,3.2496142,2.8215258,0.5,-0.5145587
2.4590394,0.5368563,3.7651422,0.48822936,0.71943194
3.0927818,3.3568285,2.9305913,0.49975157,-0.45174024
2.8344948,3.243167,0.5878725,0.49961084,-0.70373964
3.3196058,2.8422742,3.2606986,0.49926078,0.46417293
2.3672721,2.3910267,3.1254594,0.44159058,0.73144215
2.35639,2.3705108,2.7464175,0.43010187,0.44688693
2.8651044,3.012565,2.1410697,0.48298913,-0.7160972
3.2403872,3.0504203,0.4675535,0.494099,-0.8135538
3.1606255,2.8450499,3.006601,0.5,0.21356778
2.7725294,0.550103,3.8419602,0.5,0.68891096
1.1660509,1.5533867,0.9050083,0.044517316,-0.6953619
2.552838,2.0693152,2.7593706,0.5,0.7313763
2.851332,3.6067784,2.2336864,0.5,-0.67581075
3.7939358,4.2136526,4.1009116,0.5,-0.13561994
2.439049,3.083809,3.5870934,0.46751368,0.6017117
2.3941143,2.191607,2.1142197,0.45201352,-0.10365936
1.1924978,2.2751129,1.8134671,0.06462361,-0.64033455
1.0552826,2.3302538,1.0831288,0.034531944,-0.6981933
1.3156742,1.5995082,1.512269,0.054902438,-0.13849698
2.5277288,2.9714718,3.016936,0.48678252,0.07625518
3.1297212,3.3539665,2.672491,0.49789044,-0.7330695
2.2537587,0.87193984,2.1036928,0.40187794,0.6812561
2.73128,3.3331065,2.4322255,0.49684447,-0.6851393
3.8664322,3.1808953,4.8934917,0.47788483,0.72174877
1.1014469,0.94981426,1.7860359,0.049693357,0.7313269
1.2671762,1.7159102,1.9899039,0.056119647,0.3829884
1.6948553,2.3818398,2.4766552,0.1616503,0.09859906
2.3981102,2.75805,3.0488827,0.4600234,0.35000813
2.1348777,1.4207214,1.5182039,0.3252308,0.15899658
1.161996,1.7185156,1.1691493,0.04633404,-0.6813812
2.498648,3.5144844,2.5178711,0.5,-0.65709835
3.3028247,2.3075836,0.951154,0.4941336,-0.7163169
1.9087884,2.605467,1.6936243,0.25839528,-0.7092252
0.90414155,2.0083642,0.4080735,0.008998695,-0.6567811
2.735223,3.4233546,2.389106,0.5,-0.71908474
2.8048103,0.8456347,2.6372736,0.5,0.7063921
0.7230688,1.3949206,0.745862,0.011620521,-0.7303152
1.1699852,0.73776823,1.6066147,0.037925206,0.68721515
2.593804,3.0731993,2.7725132,0.5,-0.31187242
0.8928472,1.1205127,1.6602343,0.030863134,0.66478175
3.0968623,3.4208357,3.6274228,0.5,0.25933817
3.0204043,2.8352847,3.090123,0.49080506,0.2807479
0.7426018,0.68801826,0.81018287,0.00827845,0.27865836
2.80566,3.7755067,0.43203157,0.49264723,-0.66204035
3.4403112,3.2805035,3.3134995,0.4931946,0.052183464
0.6394697,0.20671725,0.81616783,0.0,0.7293255
0.78141254,0.7716658,1.1735128,0.0,0.63448787
0.81328565,0.84286046,1.5565344,0.008302491,0.7107052
2.172329,2.3016243,3.5140953,0.36741284,0.68856055
1.0119363,0.3875195,1.8840019,0.04486564,0.66622037
2.588693,2.8493474,2.3270924,0.5,-0.66337377
2.3944376,0.35486653,1.7328031,0.4627262,0.6853491
1.0965365,2.0889506,1.9668362,0.057769302,-0.14672545
1.0679524,1.2941055,1.2202507,0.03450924,-0.15100902
0.77357066,0.4931288,0.6120497,0.0036836525,0.22609502
2.5518692,1.3883991,3.6051934,0.5,0.6455208
2.0874252,2.8626728,2.2114289,0.33585557,-0.6312136
2.6256704,2.5531151,2.7798789,0.4827505,0.30036527
2.7420852,3.0205042,2.5528607,0.49514943,-0.5873436
3.0316145,2.7862532,2.228736,0.5,-0.68246675
2.2487266,2.4564784,1.9935259,0.39822006,-0.4956474
3.17222,0.7118367,3.0513535,0.5,0.74717003
0.894718,0.5118114,0.2903835,0.0035137301,-0.42589608
2.3140955,2.5997398,2.5742893,0.43575194,0.015316347
1.1900154,0.80959266,1.4988781,0.04070888,0.70506614
1.9516008,0.6090712,2.6209872,0.2616163,0.71733236
2.1823976,2.6326668,2.030068,0.3673932,-0.68510085
1.8923069,1.5539603,1.069509,0.24508557,-0.6278493
2.0920224,0.44241393,2.1167111,0.32081896,0.70469254
2.6799958,3.047637,0.81802046,0.5,-0.70414907
3.0005438,3.4881237,3.247178,0.49907792,-0.30180004
2.593206,3.0075529,0.30070272,0.5,-0.6843777
2.4318488,2.7401822,0.8184839,0.47593406,-0.6750685
1.9102057,2.5470848,2.0358937,0.24417856,-0.61541647
2.1058836,2.630257,1.3088664,0.32445943,-0.735542
1.6641759,2.2545981,1.6916633,0.156155,-0.6757243
3.0612345,2.353975,4.051452,0.48908225,0.7506736
3.1081104,2.4219565,3.4925525,0.49659926,0.6679747
2.6079874,0.62016845,2.320514,0.5,0.6402248
2.8492324,0.7194609,2.490165,0.5,0.7671425
3.0749984,2.9712608,3.3106594,0.48325643,0.42758268
1.2115698,0.8048132,1.5826617,0.039441545,0.674719
3.4499962,3.779718,3.2592156,0.5,-0.6439337
1.988306,1.7626172,2.113745,0.2982089,0.38523328
2.411893,1.4160473,1.6193696,0.48086378,0.30881882
2.3192832,1.8373917,0.2098225,0.42656153,-0.64925617
3.0075173,2.846716,2.7556236,0.48593622,-0.12849759
0.5629667,0.74226385,1.106256,0.018937046,0.68482125
3.4905658,4.1027594,3.8601058,0.4957236,-0.25694135
2.964629,3.3846743,3.3543766,0.49127674,-0.021862391
3.6608,2.838488,3.7481267,0.5,0.6777984
2.5587265,3.4892018,3.6108737,0.5,0.1459259
2.2678812,2.4436884,2.1119342,0.40449226,-0.39952242
3.0252879,3.2502418,3.9813328,0.5,0.6408172
3.238411,3.478272,3.559057,0.47833836,0.078660496
1.1793321,0.9847418,1.4133724,0.048907477,0.62399095
1.4208997,1.8547494,1.4740727,0.07800211,-0.49021813
0.7005437,0.2226373,0.94467694,0.007656813,0.66548693
2.740196,3.6379526,2.935703,0.5,-0.66314065
1.0023631,1.3265052,0.83573455,0.018832726,-0.67407066
1.8522148,2.1648512,1.459647,0.21936904,-0.7185616
2.4379191,2.9295535,2.5486324,0.48466626,-0.41256547
0.784061,0.77121365,0.5313785,0.00192951,-0.43721047
3.7284935,4.6015763,3.600002,0.4875332,-0.68516886
0.80042315,0.5993636,0.9638018,0.008326065,0.6893336
2.8194046,2.5659134,3.7798185,0.5,0.71451336
3.1114485,3.4736097,3.5800464,0.5,0.14243458
3.1773963,2.6075642,2.8632262,0.49160388,0.31179774
1.8274068,1.7754567,1.889991,0.21473722,0.1255145
1.243538,1.5311188,1.9831606,0.03868519,0.62430143
1.1332027,1.6680627,0.9750655,0.050437856,-0.7306139
2.4621496,2.7095194,2.7533104,0.48218,0.0040153917
3.2707863,3.0095644,3.651195,0.5,0.7391209
2.621966,2.6830094,2.7302024,0.48704776,0.072351806
3.2796392,3.1276116,3.008315,0.48150897,-0.11267419
3.382759,3.5219119,3.743213,0.5,0.30369434
1.5000906,1.4332161,2.872965,0.08453526,0.72463596
1.2847023,0.98179334,1.2630157,0.059698217,0.34872726
0.98721445,0.6020903,0.9138756,0.017203927,0.48297194
3.3302073,2.6195564,3.8801131,0.48255187,0.7117347
2.7219193,3.498938,4.1942105,0.49580908,0.71376574
2.8186853,0.4919691,2.600044,0.49437824,0.69584846
0.37849364,0.22757739,0.2110404,0.0,-0.04459641
3.128667,3.631894,3.7132308,0.4891532,0.120617405
2.3883069,2.6252098,3.0113463,0.44551513,0.5025385
3.1703582,0.5333379,2.9212413,0.49362665,0.67134744
1.0916641,0.7707044,1.1839539,0.011190501,0.64581275
2.7693686,2.9144342,2.3520339,0.5,-0.671056
2.711262,3.3306875,2.697234,0.5,-0.7053754
2.1006122,2.6031067,2.1933007,0.33935562,-0.49325624
1.0185068,0.9784901,1.6538157,0.02470223,0.7319192
3.9596603,4.404712,4.7301955,0.4940126,0.39940053
2.0911207,2.2075753,0.72013986,0.31773552,-0.71253157
2.8147295,2.6903322,3.7349327,0.49249184,0.7217231
2.9115443,3.6621902,3.643529,0.48905656,-0.025097493
2.5313609,2.9102929,2.1056213,0.4996729,-0.68400806
3.0174575,3.453387,0.54143655,0.48568496,-0.70367324
2.8570108,2.4467432,3.3512132,0.5,0.6639207
2.0583403,2.02129,3.2241018,0.30330843,0.6904678
2.963367,3.56405,3.2273,0.5,-0.4193525
2.2316325,2.2982922,3.3244846,0.36859468,0.7103721
3.6472275,3.7332282,2.9356573,0.5,-0.7056941
2.810973,2.5508516,2.8312378,0.5,0.27844238
0.8999108,1.1805589,0.20324513,0.0345711,-0.6963027
2.7720916,2.4512744,2.8743184,0.5,0.5460863
2.0768552,2.414816,2.3080506,0.33057576,-0.15038481
2.8109126,2.4692502,2.9739926,0.5,0.6197697
2.4119864,2.5861256,3.126418,0.4426329,0.6608103
2.0775716,3.0340781,3.5874164,0.32415402,0.6820594
2.165085,2.493209,2.1091154,0.37487286,-0.4183405
0.96376055,0.9189133,0.5584886,0.009362776,-0.56815964
2.6714385,3.2090073,0.29211643,0.49677727,-0.6697073
2.331749,2.1107333,2.690099,0.43638366,0.67955595
2.207871,1.9105449,2.8794956,0.38133776,0.7232087
2.8688102,2.8789194,2.9194844,0.5,0.010020878
0.89560443,1.6956495,1.6463865,0.027061896,-0.09115018
1.9726515,2.6604397,1.399143,0.28946385,-0.74455005
2.5714972,2.5329838,2.841834,0.5,0.32888454
0.6604951,0.69052356,0.6983797,0.00477698,0.033576526
2.4269013,2.7686007,3.8155372,0.46820924,0.67453396
2.0629187,3.520381,1.7387635,0.31518954,-0.72790766
2.3630104,2.4215076,2.730093,0.43163472,0.3960071
1.2830075,2.1681645,2.0977392,0.069489986,-0.1378803
2.2585895,2.5779374,2.1586626,0.39628717,-0.52320564
2.7788537,3.4641361,3.0249813,0.5,-0.562513
0.6423965,1.3658863,0.619105,0.0054172175,-0.73056746
0.93115807,1.1772572,0.84725815,0.015901878,-0.60040253
3.7876568,3.9262226,4.787256,0.5,0.7137288
2.2813835,2.3722284,1.5485779,0.41651154,-0.7130273
3.6436367,3.9991474,3.9581864,0.5,-0.08016183
2.7698452,3.5174046,1.866003,0.5,-0.7025312
0.61292243,1.4976872,1.34415,0.0,-0.31168497
2.934406,3.6918082,2.853253,0.49742582,-0.7527001
2.3763595,2.3733668,1.7268305,0.4611497,-0.73106325
1.3574425,1.3103894,1.6035997,0.08119057,0.39949134
2.8824496,2.6935973,2.4818304,0.5,-0.24667327
1.5000138,1.8072962,2.2279782,0.077434406,0.51609826
2.5354924,3.1751275,3.243076,0.4841229,0.1078747
3.1014907,3.0024223,2.728783,0.4938635,-0.2860356
0.7497077,0.8030158,1.237116,0.0,0.6603199
2.8725526,3.3633046,2.742995,0.4921816,-0.73062557
2.1572688,2.1739652,2.1820393,0.35384148,-0.015241513
2.7297301,2.791831,3.963768,0.48259154,0.6947265
0.491778,1.2444199,0.6134505,0.0,-0.676003
2.4292843,2.7535765,3.3948765,0.46625653,0.67600083
1.1923642,1.0406398,2.2440789,0.05312983,0.7083814
1.0929363,1.3580083,1.1237122,0.048172485,-0.3496831
2.8277643,3.17239,3.1604717,0.49960762,-0.0374879
0.6498987,2.1313298,0.596514,0.0,-0.6993015
3.8408465,4.7892013,4.002746,0.4897998,-0.6838848
2.8651674,4.6418858,3.4293854,0.48181197,-0.72000295
3.305165,2.9736483,3.4817739,0.4972166,0.669046
0.69868267,1.6855313,1.1390815,0.0,-0.6964944
1.2112714,2.1492438,1.1129396,0.06613523,-0.6937037
1.1327466,1.3770913,0.8754198,0.03969243,-0.694805
1.2276627,1.180963,1.3108834,0.048137806,0.19197804
1.0706203,1.5964745,1.2872589,0.039449055,-0.47979173
0.6337793,0.66068685,1.5473064,0.0075404635,0.7172406
0.95783234,0.5475798,1.0553862,0.029758578,0.6997457
2.4842002,1.9278121,2.9083138,0.4830715,0.65869844
2.5269637,0.3587461,2.260101,0.5,0.7468346
1.8760839,2.160244,2.49822,0.23025058,0.38772032
1.2972758,1.8739302,1.3586539,0.041105613,-0.67703223
2.4078004,2.1376154,2.48863,0.4588102,0.37252823
1.9932349,2.4476342,2.2775254,0.2905045,-0.16591786
2.9178655,0.92362636,2.8835857,0.49079007,0.7465686
2.6304727,3.043435,2.3599262,0.5,-0.71222794
2.4078774,2.927126,2.789307,0.44988853,-0.12535234
2.3792343,2.660075,2.9658318,0.452876,0.3486198
0.6411633,1.5046182,0.2,0.0,-0.67473906
3.41852,3.9549358,3.7280343,0.5,-0.22827913
0.47349045,0.2,0.828011,0.0,0.6555277
2.528154,0.4336059,2.5636048,0.4934488,0.72374755
0.60898155,0.27648103,0.6730747,0.0,0.71115184
2.6155205,0.27842778,3.3535795,0.5,0.67332375
2.8719149,4.3352466,4.152229,0.48250565,-0.1940785
2.71331,3.1427531,3.5495849,0.49602708,0.48103175
2.962201,2.755359,3.4343941,0.49366897,0.66239476
2.348521,2.7070756,3.1369681,0.4566256,0.60095197
1.0643699,0.55623454,1.5604858,0.042306874,0.74467945
3.2331734,0.22932704,2.98578,0.486989,0.6673646
3.44988,3.4888637,3.9014463,0.5,0.48639944
1.9899076,1.5475717,1.422738,0.27586675,-0.1359578
2.6761274,2.3186574,2.5571415,0.5,0.25869074
2.3318064,2.150894,3.0065718,0.41985124,0.7036811
3.169207,4.0036354,3.2358403,0.49436945,-0.71583915
2.7994857,0.7250714,2.508087,0.49400702,0.70350426
1.1926782,1.4758807,1.0596967,0.06595151,-0.5968077
2.4000099,3.306493,2.061336,0.45522684,-0.70061636
3.4915352,4.0040135,3.8307135,0.5,-0.20417808
3.5671766,4.4576488,3.501848,0.5,-0.70419246
2.8984804,2.8709097,3.0147514,0.5,0.14753164
2.6680017,3.240865,3.0142589,0.5,-0.3039569
0.7478538,1.6053423,1.1278839,0.01138414,-0.71737725
2.5641732,3.2623491,0.5130038,0.49064714,-0.71473014
3.2605472,3.916877,2.939064,0.5,-0.69565415
1.186362,0.6988937,1.3311096,0.045589205,0.71105224
2.4803364,2.9687216,3.013378,0.5,0.07908825
0.6969076,1.1708122,0.50083315,0.0023999796,-0.6630356
1.5875146,0.4693723,1.5223274,0.10156828,0.6866289
3.0804183,3.0054014,3.374981,0.5,0.42148355
0.83180004,1.2095364,1.1882159,0.011047021,-0.05355293
1.0562946,0.75378764,1.244843,0.024016056,0.7197484
0.9143337,0.8795675,1.3100126,0.035915297,0.7249977
1.6756202,2.2918339,1.3861357,0.16053669,-0.7022553
1.0674208,1.8316624,2.0408285,0.026464045,0.34766927
2.5140994,3.010422,2.5466597,0.5,-0.56974655
2.6508071,2.6027632,3.6820922,0.490139,0.7559112
2.7292855,2.3034785,1.7385567,0.5,-0.6574115
2.512929,2.3866081,1.9191058,0.49180543,-0.5280541
2.3626213,3.1534576,2.5305073,0.44076404,-0.7247616
2.5402858,2.784403,3.2029023,0.4974016,0.55523
3.3913946,3.605454,3.7198627,0.48591444,0.122891165
0.94843936,1.1977673,1.0457181,0.013550676,-0.20804226
0.7610324,1.362077,1.1199061,0.010348762,-0.45329177
2.2171261,1.9424723,2.390376,0.3823534,0.53693515
0.84462875,0.8497644,2.023643,0.025222305,0.66520655
2.905398,3.4491897,2.9108117,0.5,-0.6537203
2.4129803,2.770256,3.210286,0.45666414,0.52303195
0.9309471,1.7646296,0.7918085,0.03841169,-0.72787106
2.9296973,3.5489025,3.017137,0.5,-0.6220235
2.4844573,2.2747455,2.209251,0.4860321,-0.069390066
3.4703999,1.9080175,4.081111,0.5,0.6762295
1.9697288,2.3167841,2.777691,0.2969797,0.54083914
0.7434482,0.5094363,0.8652878,0.00046144193,0.67886835
2.8919835,3.3677547,3.4582493,0.4975496,0.09761649
3.0664678,4.1047206,3.3390152,0.5,-0.7018631
2.756803,2.4643083,3.2736764,0.49400282,0.65577096
2.5344784,3.0267813,3.3151634,0.5,0.35297143
2.3909662,3.0929008,2.0569568,0.44002262,-0.72423065
1.194641,1.5704112,0.90145564,0.060147744,-0.71106935
0.47391814,0.86425406,0.44522178,0.0019693668,-0.7052814
0.64264166,0.2,0.5237926,0.012235279,0.64177066
2.0179818,2.290205,2.3727937,0.2947182,0.09442277
1.2230613,1.4020348,1.3888613,0.03649283,0.063247755
2.1758344,2.8700619,2.3045716,0.3554022,-0.68707466
2.7589645,3.4136026,2.8796544,0.48493034,-0.68761784
3.4087052,3.3874424,3.6873248,0.5,0.38736087
2.9207287,2.1436007,2.7435133,0.4994441,0.7000229
0.69797605,0.47242224,0.2,0.019288002,-0.5607956
2.004482,2.8955796,1.7420908,0.2952844,-0.69249684
0.5835293,0.7604613,1.268996,0.012875098,0.68802
1.9077256,1.4287415,0.8907963,0.25434265,-0.6772755
2.2445943,1.8017786,3.0168386,0.3867961,0.6855105
2.788789,3.1204283,2.7493997,0.49387053,-0.43555638
2.4673395,2.768919,3.177755,0.4818896,0.45247105
2.958371,3.9748251,2.6267002,0.48680708,-0.6744368
1.6891978,1.878036,0.6766119,0.17078586,-0.68537694
0.986607,1.3943255,0.8156482,0.05470299,-0.76877284
3.0359237,0.63331366,3.1213586,0.5,0.70662594
2.9858105,3.628664,3.4255366,0.49153033,-0.25433537
2.2611797,3.346358,1.7785223,0.39481497,-0.6900899
1.9845752,2.6628184,2.389376,0.27511445,-0.31620774
2.7293122,3.9318051,2.8955584,0.48473307,-0.69277906
1.8212805,2.2405148,1.7425228,0.23092173,-0.61593693
3.38261,2.7714164,3.6430895,0.5,0.6565035
2.6906614,2.4811342,2.9331234,0.48392937,0.5857043
2.1498797,2.7843518,2.6475139,0.35533863,-0.19464868
1.9656688,2.0412064,2.2731793,0.27017424,0.29121828
2.2240348,0.6193552,2.4157314,0.37971526,0.6990971
1.6390958,1.4706863,2.857003,0.13489766,0.67602026
2.8867123,3.7852366,2.1483352,0.5,-0.67664605
2.116425,3.0437794,1.6617595,0.33728647,-0.6983168
1.1601865,1.2565725,1.8583149,0.029346518,0.6694938
2.9919856,2.9874356,2.3484802,0.5,-0.65137374
3.180843,4.0097127,3.8622603,0.48305357,-0.13245
2.767117,3.457984,3.1282523,0.4973628,-0.37038264
3.2929773,2.6661854,2.8463902,0.49633336,0.25008276
3.4380548,3.9504025,4.102029,0.49660864,0.2229924
0.8568994,1.3424965,1.7020718,0.02588254,0.57716274
0.6683929,0.98463154,0.9242511,0.008917007,-0.097555615
2.2539082,2.0586607,2.4079769,0.3990459,0.47391677
1.9782089,1.7686359,0.62956727,0.2870949,-0.6615638
3.3442373,2.0253685,2.7357814,0.49290073,0.6993137
2.923739,2.7852635,3.4602938,0.49835625,0.7194944
3.03071,2.2102633,2.4653387,0.48953843,0.34210274
0.9242807,0.91879296,1.4535191,0.023636054,0.72875655
3.5961096,3.9445124,3.6922734,0.5,-0.26331657
2.501224,2.0143905,2.668362,0.5,0.6410035
2.140783,2.9726357,3.1745076,0.35790944,0.26310033
2.2263036,3.4665713,1.6827302,0.3959228,-0.66593164
3.5523589,3.8670535,4.135557,0.48713034,0.33643937
0.9308838,1.4033567,1.0394746,0.04144953,-0.6227394
2.1036115,1.4988631,2.3837326,0.33610812,0.69857377
1.0533538,1.2901075,1.5942276,0.04188737,0.4777037
0.74185985,0.26076514,1.36537,0.0043987017,0.68118733
2.1903508,1.5204475,2.6712928,0.35533798,0.6591274
1.9049425,1.5170969,0.38225085,0.26432577,-0.7214898
1.6243495,1.6903926,2.0906684,0.12120703,0.49625185
2.6840532,2.8213272,3.2455583,0.49326408,0.53451574
3.109178,3.1888585,3.4969363,0.49586123,0.3400856
0.44116732,0.2,0.98650086,0.0,0.71828663
1.3887936,1.7212144,0.4704242,0.076791465,-0.6727419
0.64939845,0.4689707,0.2956806,0.0057789423,-0.3105531
2.499783,2.8533335,2.5567667,0.48300266,-0.3956174
4.3002,4.359726,0.30599865,0.49823248,-0.7226059
3.097467,0.9266667,3.3641002,0.4893348,0.7205851
2.8447387,2.7060523,2.837355,0.4938604,0.19469614
1.8520311,2.3429081,2.9977617,0.21800691,0.7037606
1.3486351,1.894786,1.7746056,0.056080706,-0.14401305
1.179891,0.7690487,1.341487,0.058824014,0.6620217
2.561477,2.3588817,2.8803625,0.4953809,0.58437455
2.4628515,2.4088614,2.8560438,0.46855482,0.52165264
2.3866904,3.147836,3.6274047,0.46089086,0.54469633
2.1164176,0.9522915,2.5790498,0.34954563,0.7373957
2.055104,1.5726976,1.9765192,0.31015292,0.46781832
3.4338307,3.9020936,3.0882998,0.5,-0.6848377
2.0834146,2.9188473,2.3835807,0.32885236,-0.6301818
2.4242742,2.7659483,3.6308072,0.45047107,0.7129601
2.6026359,2.4078546,2.7601662,0.5,0.39435956
3.0308964,3.6435525,2.769909,0.5,-0.7505456
2.1035323,2.3780975,2.8324955,0.33237505,0.52053225
3.160912,3.2726462,3.4858685,0.49563912,0.2527475
2.2802708,2.8451943,0.30424243,0.41812766,-0.75271624
2.510689,2.7316904,2.8071811,0.4838723,0.03740416
3.5380175,3.8387122,4.4011755,0.5,0.69058913
1.364334,0.6790417,0.54294,0.074508,-0.16995604
0.8026847,0.7297684,1.3325193,0.017874215,0.70022494
3.22677,2.7965977,2.7351892,0.48801738,-0.08174192
2.809146,3.1353874,2.8618886,0.48744234,-0.39016333
2.4988291,0.85040104,2.4587665,0.4876782,0.6997672
0.5424946,0.7293924,1.2137488,0.0,0.688125
2.5633962,3.156764,3.280915,0.49883163,0.1467937
2.7152402,2.928978,2.25084,0.49457973,-0.76193815
2.3748102,2.3024068,1.6255379,0.44030774,-0.66177416
2.7028873,2.5710585,2.1464105,0.5,-0.48525488
3.2113857,3.8333838,3.6103687,0.5,-0.26926112
0.95645463,0.21685776,0.2,0.03625956,-0.03975122
1.3284384,1.0235554,1.1803992,0.06082518,0.1753254
2.89436,3.2808847,3.5239115,0.5,0.2920816
1.9008627,2.8360188,0.63891613,0.26086637,-0.64495915
3.0625255,3.5845535,2.4036872,0.5,-0.6291616
2.633949,2.0129156,0.76799756,0.4963888,-0.7098922
3.207874,3.6674898,2.9154942,0.49071148,-0.71206295
2.0178964,1.6628798,1.9066893,0.27761126,0.32551733
0.23298416,0.56693345,0.24097683,0.0040104673,-0.6491693
0.9028185,0.74744374,0.8518529,0.023780588,0.16457723
1.7124832,2.1499026,1.8608495,0.17987086,-0.37640205
3.2329388,3.150636,3.1118882,0.5,-0.07163096
1.5852376,1.3136411,1.4832144,0.112280145,0.28036365
3.2879395,3.6261585,0.33146578,0.49777758,-0.6962599
2.8945165,3.0829377,3.032425,0.49297285,-0.05778187
2.462668,3.1129172,2.1218684,0.47360745,-0.64860594
2.8365803,2.7158628,3.0862813,0.5,0.48194212
1.0770653,0.48058307,0.50562733,0.05782895,0.031018259
2.3546097,2.9016497,2.6369684,0.43114862,-0.35906798
2.7840939,3.6710658,3.2326028,0.5,-0.52342474
3.072852,2.9216058,3.6571898,0.48518845,0.7255051
1.206194,1.7191622,1.6565906,0.056749627,-0.065720074
2.8026845,0.71798354,2.4821901,0.5,0.71036947
0.99913,2.1834514,0.93805665,0.0421241,-0.69552827
1.3953991,1.3763112,2.2056549,0.07052795,0.70212674
2.965789,3.1381872,3.0407374,0.5,-0.09050281
0.2803452,0.28523818,0.504593,0.0021642253,0.3996005
2.09555,3.0829644,2.628262,0.34381172,-0.5443239
0.9495016,0.59284836,1.8545026,0.02827275,0.65154743
2.3552587,3.191194,2.556169,0.43183082,-0.66594696
2.0230248,0.31792057,1.9889593,0.30025774,0.6831933
1.5991747,1.7852404,2.758915,0.1139626,0.6827245
1.4726132,1.2527741,0.54031223,0.0932817,-0.72733504
3.0232341,2.7347353,3.2367182,0.49924776,0.56559724
2.4188848,2.4399164,2.553413,0.47725305,0.12114019
3.1459248,3.310563,0.3327153,0.4949294,-0.6702605
0.746182,0.7969197,1.191251,0.007990125,0.6934788
0.71736145,0.2,1.0140378,0.008090449,0.7268479
2.5475037,2.8524845,0.80669796,0.4904732,-0.70190763
2.6129713,1.8159374,2.5242467,0.5,0.75062925
0.7127716,0.71250165,1.3624868,0.012971129,0.70544565
2.3300586,1.7381701,2.8520145,0.4472603,0.68190163
0.97447646,1.5655862,1.345572,0.016043726,-0.37521303
3.0558465,3.8579755,3.218282,0.5,-0.7397428
0.82334775,1.2834351,0.74605215,0.009269825,-0.66607356
3.5682077,3.5058417,2.94783,0.49206892,-0.67853826
2.2808404,0.9010514,1.621742,0.41861466,0.71801794
2.1635458,2.24389,1.5441476,0.36680803,-0.6614258
2.17656,2.5128565,3.0715823,0.35903123,0.6385257
0.94309586,1.3394498,0.8223753,0.009584245,-0.7163424
0.76740724,1.2068228,0.3789685,0.0,-0.71215236
2.0371919,0.46679112,2.1108549,0.3092803,0.72892517
1.7029419,2.2513278,1.4537312,0.17622355,-0.6877163
2.6365886,3.0039322,2.6427102,0.5,-0.38002434
0.48622826,0.2872773,0.9604161,0.0100077875,0.68546265
2.5170507,2.2688286,2.5965376,0.49393418,0.35686636
1.1368058,0.5892696,1.1399792,0.05876591,0.7032121
0.9753139,1.3113343,1.1725736,0.026956178,-0.30260316
3.263361,2.845675,2.7411633,0.5,-0.15506458
3.2230701,3.4801903,3.6380732,0.4774663,0.21337998
2.3656225,2.6856456,3.2868295,0.45528638,0.7260737
1.9540763,0.692917,1.8680617,0.27857688,0.6705587
2.1514313,0.57071155,2.3571398,0.36223808,0.73526424
2.7435231,1.9498788,2.4974134,0.49739954,0.6407718
1.6023517,1.9216822,1.4054111,0.12248481,-0.6287277
3.4588695,2.7773645,4.1294236,0.48952502,0.70709157
0.65211,0.44518742,1.0004315,0.0063429866,0.6660885
2.8840053,2.3973393,3.4727404,0.5,0.72700673
1.5252678,1.9700328,1.8858098,0.07491658,-0.09361035
2.042667,1.6998951,2.135614,0.2923107,0.5338502
0.5470978,1.263292,1.3489358,0.0,0.13212363
3.1869378,2.853699,2.4891036,0.5,-0.3490844
2.5314672,1.6846812,2.2911084,0.5,0.73001856
2.937308,3.0092657,2.9434178,0.5,-0.06436379
2.6169977,2.2072072,2.877601,0.49552062,0.70929587
2.9014013,3.7061934,2.9119081,0.47911692,-0.66872483
0.67606443,0.47252187,0.99685943,0.007655375,0.67468756
2.487095,3.2511582,3.365205,0.4945965,0.15730502
2.5900993,2.5560415,2.1511798,0.5,-0.52451986
2.8076806,3.2093506,3.784417,0.4963397,0.69063455
0.92610025,0.8398218,0.9646268,0.022998089,0.29984668
0.91872555,2.340948,1.2229536,0.037066955,-0.7200922
3.6500914,3.217743,3.8683858,0.5,0.7063072
1.546748,0.5409318,1.8650877,0.111053556,0.7216817
2.5454752,2.8545525,3.302792,0.47321373,0.6081646
2.3992734,2.0587268,2.0263293,0.4609981,-0.033523493
3.38715,3.6545374,3.1678946,0.5,-0.57795537
2.4004636,2.5758698,0.6044403,0.4709064,-0.65437496
0.79111785,0.7455298,0.5316586,0.007901323,-0.33566397
1.1909649,1.1990827,0.7715456,0.045492962,-0.6215313
1.679702,2.080369,2.2722838,0.17312488,0.23830402
3.8493917,3.8599596,3.694104,0.5,-0.21401602
2.6529374,2.731255,0.5064602,0.4935205,-0.6868385
1.9908603,1.9412513,1.9492011,0.27415252,-0.010578628
2.77943,3.7278302,3.4942193,0.5,-0.30575353
0.9592611,0.8426908,1.3022488,0.024827465,0.6989682
2.4071639,1.9243073,2.2662776,0.46305388,0.3728434
1.7466116,1.9451632,1.0132619,0.1837258,-0.6533728
2.1110165,1.9176615,2.1789968,0.33866343,0.31570444
2.366646,1.8811196,2.6001139,0.45774022,0.6560009
1.2946924,0.2,1.2043036,0.051221184,0.73320866
2.846544,2.9574208,2.4324045,0.5,-0.62723523
3.0123205,3.0477462,3.0533464,0.5,0.026588589
2.539945,3.3930151,3.5546613,0.5,0.17066334
1.101129,1.068261,1.3943295,0.05132869,0.4816532
2.1068487,2.5360103,1.9388897,0.33067736,-0.6708896
2.182308,2.7320538,2.403689,0.36599842,-0.37473604
2.8813596,3.4771538,3.351297,0.5,-0.2049283
2.4375556,2.90122,2.180638,0.49208215,-0.682083
2.645787,3.4996626,0.4877195,0.49545956,-0.6795047
2.5060585,2.042848,0.95709026,0.49331096,-0.70160866
3.3221753,3.2301314,3.3677752,0.4959417,0.17160092
3.3825765,3.287943,2.951209,0.5,-0.4295985
2.2038143,2.1152015,2.6918454,0.37491453,0.72051
1.1134459,1.1563584,0.2,0.057622463,-0.7370826
2.183059,3.2157385,2.015873,0.37487313,-0.72926825
2.0509615,2.7075064,1.9196751,0.32381174,-0.7074929
3.1369488,3.9153826,3.0066347,0.5,-0.6997178
0.5168761,0.68681955,1.459193,0.0,0.6625009
2.003869,2.088531,2.0106149,0.27590066,-0.08983542
2.1312437,2.6090324,2.8577514,0.35097817,0.31218207
0.9791548,1.4130366,1.2391934,0.03789786,-0.29840177
2.6163676,3.1189837,3.1027164,0.4965438,-0.012091208
2.584753,3.9327555,2.5779276,0.49088496,-0.69217086
1.1727319,1.6055032,1.749796,0.03776032,0.22588144
2.89851,2.6699512,2.8071086,0.4951028,0.17169888
2.9606216,2.8660088,2.9431434,0.5,0.1340511
1.7308588,2.3095682,1.6109364,0.16384487,-0.6937042
2.2554705,2.792787,1.8943535,0.37252438,-0.6961707
1.0063848,1.7735796,1.1673007,0.013407296,-0.7039342
2.251114,2.7421734,2.9015944,0.38434234,0.16419639
1.6048025,1.2858086,1.6703805,0.13761777,0.45827195
0.9340347,1.9068545,0.7063722,0.021123726,-0.7380991
2.273512,3.1170535,3.3826892,0.38971376,0.3165362
1.2131954,1.2531711,1.2153854,0.055656582,-0.048072513
2.6103194,2.9271195,3.142015,0.49469316,0.29819074
2.44306,2.7821705,2.6150012,0.48483515,-0.26224157
3.3757384,3.4347162,4.1685543,0.5,0.7077884
1.8692063,1.4191284,1.9564595,0.23459712,0.6660739
0.92462474,1.426474,1.0688884,0.0062629217,-0.62866926
0.7618255,0.23898052,0.9263143,0.0047778967,0.7177682
0.7441325,0.66802317,0.8428559,0.001058385,0.302732
2.6599066,3.7267516,2.9629676,0.48574385,-0.73554784
0.8574675,1.2682755,0.68837595,0.026848707,-0.6582535
2.1683488,2.5158756,2.6226144,0.35866898,0.07410501
1.1805044,1.2566336,2.7231529,0.059119616,0.7532117
1.971437,1.3647698,1.7740867,0.2752978,0.5301667
1.147827,1.5740817,1.5917147,0.05507425,0.044450123
2.3556082,2.788629,2.4816287,0.44444588,-0.36418653
3.3087592,3.8437593,0.8379341,0.4978278,-0.7186879
3.1919887,3.2066505,3.8510008,0.5,0.67975473
2.8128774,2.8397348,2.7792172,0.5,-0.05250434
2.5606384,3.0239365,2.3634856,0.49617732,-0.6728709
0.8141061,0.39818287,1.6855708,0.0108535625,0.71571195
2.9591281,3.5730975,2.9790585,0.49469176,-0.7117184
2.7084188,2.8316252,0.5504059,0.49081224,-0.7004553
1.699565,1.9550325,2.112303,0.17360483,0.20058163
1.5425985,2.8228166,1.7440135,0.10819723,-0.6640357
3.5131528,3.559034,4.017708,0.5,0.61415154
1.038526,1.2878721,1.6312307,0.036440387,0.5466519
0.92276084,1.1063076,0.9952262,0.024173405,-0.14329171
2.475522,1.6443111,2.4767578,0.48510703,0.666262
2.7010295,3.2381911,3.3075948,0.49343696,0.108871855
1.9004165,0.96109045,3.5066266,0.25806755,0.69235754
0.9631503,1.5806901,0.30896252,0.034298982,-0.6938098
2.6720672,2.6097069,2.3904579,0.4766808,-0.19523956
4.221958,4.1068835,0.66926193,0.49675485,-0.6932923
1.1290318,1.2463307,1.1787893,0.031659205,-0.12708604
1.0375001,0.49483633,0.7067728,0.0138605675,0.34519762
1.7086974,1.8341887,2.1953719,0.1668502,0.45530093
3.2381482,0.4022929,2.7383811,0.5,0.67650634
2.7824316,2.2287023,2.7018743,0.5,0.5858513
2.714401,2.8396683,2.7325058,0.4979217,-0.1262657
2.707305,3.6570654,3.4139485,0.5,-0.26648235
3.5954938,4.214092,3.7855484,0.5,-0.4978751
2.7219281,2.6412778,2.2531173,0.5,-0.490261
2.1154687,2.2528913,2.46319,0.329796,0.24143158
2.3282018,2.1550503,0.84848726,0.4312277,-0.7314389
3.0357687,2.6650808,2.6891985,0.49619824,0.032174557
0.8935739,0.6092121,1.7087816,0.006542433,0.7322319
1.723772,1.9820731,1.7022634,0.17563653,-0.36201346
0.8571477,0.6066501,1.2497947,0.010095732,0.69907516
1.961647,2.0965967,2.0045388,0.28922004,-0.095912196
2.798268,2.4966311,3.1754189,0.5,0.6821303
0.7932541,1.4058803,1.7455616,0.0035245856,0.5858163
2.4101207,2.9470227,2.7508433,0.47498605,-0.27195108
2.268522,3.215517,2.3051157,0.4227731,-0.692353
3.5016494,4.4110847,3.0608873,0.5,-0.6891332
2.910084,2.5509465,3.445423,0.4998634,0.6760143
3.376043,3.111839,3.7489774,0.4881674,0.76168346
4.3345685,0.8902272,4.639493,0.5,0.6904881
2.6298218,2.3928773,2.7642903,0.5,0.43276745
3.446216,3.799638,4.2444444,0.5,0.56030333
2.1282227,2.2247918,2.2040706,0.3640185,0.022465881
3.4184136,4.0272827,3.864469,0.5,-0.18102011
2.1005242,2.792927,3.2163584,0.33741975,0.4882463
2.5237436,2.6485152,2.8129542,0.5,0.23937309
2.946905,2.239519,3.0523999,0.5,0.70565313
3.0601764,3.7365139,2.957642,0.47702733,-0.72485226
1.8918519,1.7255373,1.7396774,0.24437709,-0.009954548
2.0800407,2.272077,2.2801359,0.32792348,0.073592305
2.9731948,3.109219,3.9578686,0.49014404,0.74384075
2.383558,2.7469423,2.7627811,0.4400891,0.02416708
0.78342193,0.41857147,1.0603546,0.0198409,0.67621684
0.65043336,0.3164897,0.9613814,0.0,0.68804264
2.4711077,2.8246946,1.9941729,0.49198085,-0.72846407
2.6810327,0.95419997,2.882824,0.49515694,0.6753534
2.9098792,3.0540407,2.6167262,0.49281678,-0.5251966
0.795938,1.0021538,1.8070781,0.0,0.70999676
0.62907386,0.27781117,0.44375312,0.0,0.28565583
2.3254256,0.8758274,1.8828071,0.41853404,0.74828845
3.1785133,3.7023242,2.4762905,0.49104497,-0.6814557
2.2554991,0.25996527,2.0302563,0.39402026,0.69282573
0.66763866,0.4185497,0.2,0.0052970727,-0.41615477
0.5154092,0.5797779,0.83231163,0.0021161963,0.5344014
2.585662,0.9505386,2.866063,0.5,0.6786823
2.798114,2.9782794,2.4201899,0.5,-0.6522637
1.3965389,0.70974284,2.0149064,0.0835712,0.6692314
2.017465,2.1885686,2.1440074,0.28199884,-0.038427766
1.2109274,1.5130928,1.3905631,0.0715519,-0.20358053
3.067685,0.3789123,3.7198842,0.5,0.7050063
1.4383045,1.565145,2.2494538,0.08335273,0.67717105
2.5670598,3.4053566,2.300883,0.5,-0.6513276
3.0590894,3.249624,2.5016284,0.49379602,-0.6980468
0.94723797,1.8238064,0.6931756,0.020597883,-0.6999728
2.3299198,2.6468081,3.3199022,0.4396273,0.70064175
0.8585343,0.50368154,0.6750768,0.014920036,0.29927376
3.2212934,3.8309765,3.927598,0.5,0.20730186
2.4928,2.5149148,0.26058623,0.49545968,-0.6889211
1.2779977,0.5735575,1.3914279,0.06541213,0.69576085
3.3379886,3.96952,3.1967392,0.49481395,-0.7197387
2.9495754,2.429797,3.1969252,0.47909942,0.702051
2.6001318,1.9338784,2.8613408,0.49661303,0.7488298
1.3583046,0.27006537,1.1589935,0.062234644,0.64301896
2.4651966,2.758423,2.3550036,0.48346764,-0.46468008
2.0732415,2.7008662,1.7309594,0.30752516,-0.67100114
1.8785344,2.1587782,2.204416,0.25028875,0.008661759
1.2700279,0.36204475,0.963632,0.06873114,0.66924644
0.8050445,0.49725828,1.0317025,0.030476393,0.6942056
2.298607,1.9225385,2.6872458,0.39487806,0.6627357
1.1723636,0.4476958,1.7103841,0.03305905,0.71383333
2.7160625,0.5189692,3.3278308,0.5,0.64618844
1.2695202,1.8051322,1.6173537,0.046011496,-0.2535997
2.2415187,2.9081717,1.910174,0.39664203,-0.6963285
2.347417,2.7810411,2.0853958,0.42796966,-0.70081186
2.4640682,2.353411,2.2327623,0.48148903,-0.13175888
0.5570466,1.2771364,0.7952416,0.002673787,-0.71374327
1.9275235,2.0104058,2.7127745,0.26794177,0.69438696
3.494549,3.7030468,0.5578892,0.5,-0.72645646
3.0229344,2.7698815,2.9420307,0.49867305,0.21078648
0.9380379,0.97962314,1.7687147,0.024427285,0.64680254
0.7669415,0.7374378,0.23348598,0.0,-0.6683044
3.2206285,2.738532,4.1940613,0.5,0.6745225
2.8539853,3.3413353,3.3562303,0.5,-0.010769912
2.356431,2.664733,2.171589,0.44352525,-0.6282616
2.5679867,3.1428778,2.647892,0.4876612,-0.53570837
2.6902504,2.5623927,3.6911185,0.5,0.6945048
0.53065515,1.1057873,0.43877497,0.0,-0.6908246
0.75980264,0.2,1.3358034,0.0,0.7010286
2.210814,2.6926773,3.4824357,0.38333014,0.6806395
3.6046422,4.11202,3.7523527,0.5,-0.40889934
2.6076577,2.2962546,2.8422706,0.5,0.63378775
3.6049752,4.2485757,4.8308864,0.4896179,0.6924843
4.419306,5.451125,4.002445,0.49944204,-0.7117788
2.3324778,0.62177795,2.5360737,0.43581775,0.7076677
1.8730128,2.8150647,2.289945,0.24219146,-0.62736905
2.459519,1.7574774,1.8750246,0.46800086,0.13586625
3.2760522,3.4602165,2.8485732,0.5,-0.69050926
0.9747415,0.22865587,0.4421296,0.02856943,0.3818199
3.9723518,0.7423916,4.374123,0.49276853,0.6396671
2.642604,2.008266,2.5666277,0.49602762,0.69385064
0.75744075,0.21735388,0.9868308,0.0,0.7193684
2.2219527,2.5346932,2.7526476,0.3774449,0.2370898
1.1358836,1.7655851,1.6051039,0.04681586,-0.21794043
2.5397422,2.5778484,1.719027,0.49861905,-0.6655909
1.8809474,2.1796746,2.1590648,0.23949014,-0.027355842
3.00921,4.08687,3.4429588,0.5,-0.68711156
1.4099342,1.2189587,1.6568804,0.07098257,0.55994374
2.1681507,1.8585564,2.6324086,0.35637975,0.7270588
2.7892652,3.468534,3.3083642,0.5,-0.17872596
2.8487055,3.0603743,3.1800177,0.4936541,0.14399621
2.5600498,3.4910455,2.72226,0.5,-0.7158592
3.7257195,3.2739959,4.0079484,0.5,0.704152
3.5498097,0.442216,2.5350974,0.5,0.73685247
0.692246,0.2,1.6394767,0.020212147,0.7050307
3.5706804,4.1761565,4.435337,0.4953024,0.3080355
3.7041612,4.4223323,4.483742,0.49138707,0.012900496
2.5095885,0.8744,2.7631955,0.49135166,0.70580447
2.6791239,3.1119623,3.0707796,0.5,-0.06976293
1.2741385,2.0186253,1.4306886,0.08323097,-0.7004061
2.184393,2.137056,2.628931,0.36195454,0.5545039
2.2501738,1.4794048,3.1221347,0.3974811,0.6619252
0.7877036,0.35928962,0.2,0.0,-0.26999134
2.8106608,0.4973819,3.2146204,0.5,0.7286586
2.2390487,1.4839268,2.0658708,0.37333295,0.71568847
2.0262616,1.5901182,1.6972324,0.29819486,0.1450473
2.15609,1.8867264,2.3001993,0.3791293,0.48733807
2.4784465,3.016307,2.1321669,0.48471415,-0.66445166
3.1323063,3.5590057,2.7771792,0.48229432,-0.74711484
2.1372952,3.0771503,1.3836627,0.34927902,-0.67165273
0.9398752,0.74226874,0.8566092,0.029426783,0.2000599
2.727868,3.0761225,3.1731267,0.49499005,0.16801335
2.7524502,3.5164754,3.2621255,0.5,-0.29686064
3.2040958,3.141514,4.3949714,0.49585718,0.66680235
3.0934985,3.0406146,3.1081417,0.49370122,0.07471774
1.7821298,2.6429477,2.3956707,0.18860342,-0.24169417
1.0830208,1.0600318,1.3250637,0.035288885,0.45987728
2.467506,3.377381,2.7253737,0.48343545,-0.7507928
2.7940605,2.2879982,3.152211,0.4914956,0.69824076
3.4169235,4.4323096,3.9881566,0.49007165,-0.5457099
2.6464667,3.430694,3.1027062,0.48082405,-0.37663358
3.5926676,3.3362992,0.7985711,0.48692265,-0.72835165
0.9231458,0.22929703,1.4476016,0.033555083,0.7152659
2.25774,1.8444672,2.1437213,0.41613993,0.3659338
2.4000974,2.356536,2.9014661,0.44689685,0.61486644
0.69161844,0.2,0.89862,0.0,0.7254968
3.2845318,2.6201122,2.5956938,0.5,-0.02566724
1.0994525,0.7184911,1.268256,0.043302204,0.68281794
2.2802858,2.9983218,2.9436095,0.4008072,-0.089643724
3.3035288,2.5907414,0.8477553,0.5,-0.6953547
0.8800806,1.6835643,0.21161173,0.0,-0.7249938
3.2497962,3.8494225,3.2432003,0.5,-0.70775175
3.9022264,4.844217,0.78651625,0.48055193,-0.74933815
2.629213,3.0440686,3.2864587,0.5,0.28500828
3.2706258,4.3138905,3.2706656,0.5,-0.66789365
4.054212,3.5396116,3.656402,0.49958366,0.16840602
2.8595736,3.7009873,1.9380401,0.49632916,-0.6715342
2.613481,4.3356676,2.4205234,0.5,-0.7231545
3.167291,3.2394428,2.7688868,0.5,-0.5718946
3.335713,3.4558105,2.7471154,0.49803966,-0.735699
2.585198,2.3172622,0.81891894,0.49218658,-0.69348854
2.3219512,0.59847444,2.0416682,0.4198486,0.6778828
3.62012,3.9347975,3.2539072,0.5,-0.70932484
2.4077291,1.4219635,3.313625,0.45845646,0.7066705
3.3393393,3.8166056,2.6930795,0.5,-0.7111776
2.8132293,3.4860153,3.283045,0.5,-0.22653073
3.679666,3.4923463,4.140225,0.492605,0.7038171
2.0823855,0.41894263,2.6545064,0.3258443,0.72807556
2.0900934,2.6712213,2.2609394,0.34002075,-0.5057394
0.87027586,0.53765565,1.6199645,0.02048756,0.68857366
0.96204364,1.5019523,1.163859,0.021836901,-0.5272676
2.6868458,3.013029,0.7982735,0.4956901,-0.7303611
0.7133892,0.72645456,1.4515579,0.0,0.7093698
0.49150345,0.6568666,0.6288263,0.0074276035,-0.06449851
2.8499901,2.8112984,2.256932,0.49817452,-0.71463615
3.2939992,3.6731784,3.77664,0.5,0.09436874
2.642263,2.8355114,3.3089757,0.5,0.5876859
2.0704339,3.0831325,2.3486323,0.3362629,-0.6968659
2.4900951,3.3726888,2.4944935,0.49042627,-0.686456
2.1059372,1.9095637,2.4463325,0.3337124,0.67401344
2.6352537,2.6795413,3.1290362,0.5,0.56642574
0.5506886,0.42435864,0.26527074,0.008030128,-0.29329777
2.2814507,2.010557,1.4262565,0.40319672,-0.7450502
2.8808239,1.4535503,3.026727,0.48891556,0.70400095
3.5317888,4.5478134,4.276641,0.4865636,-0.30656216
2.778507,2.6631222,2.3701403,0.5,-0.33919346
0.49836466,0.50450027,0.21335723,0.002017657,-0.57133776
0.863973,0.63587767,1.1364948,0.022005055,0.7224785
2.2192945,2.1285663,2.3301737,0.38421884,0.22584265
2.7779815,2.871899,2.602147,0.5,-0.3245627
2.342784,2.6333902,0.9459511,0.4394138,-0.70401907
1.6803899,2.1796737,1.559137,0.15905215,-0.746605
0.8855662,0.72460276,1.2309912,0.017220195,0.7054236
1.9895674,2.7648234,2.610083,0.28697094,-0.14461479
2.8711486,3.1877892,2.9822946,0.5,-0.3066149
1.6271584,1.9160191,2.3196313,0.14013596,0.4823519
2.7142487,2.543585,3.2122657,0.5,0.6891153
1.6838624,1.7894272,1.9649622,0.15799452,0.21802151
2.9955451,3.7013004,3.0601463,0.49644092,-0.7178653
2.3895175,2.9993138,3.2591965,0.46365008,0.31667334
2.3041418,2.308904,2.942186,0.4084171,0.66502094
1.1950771,0.9636471,0.27520806,0.05556016,-0.69748485
2.429483,3.089542,2.591868,0.46897033,-0.6064524
2.6154864,3.0556273,2.6250422,0.4996994,-0.5417136
2.4778037,3.102212,1.716798,0.48226973,-0.7340913
2.852195,2.5797427,3.3704386,0.5,0.7623917
3.2230337,3.3666928,3.281367,0.5,-0.0604277
3.047585,3.7473407,3.4341571,0.4753595,-0.3796101
2.338151,2.162835,3.7728052,0.4319169,0.69809395
3.2789507,0.93689054,4.1486235,0.48702583,0.73137695
2.0398784,3.0397315,2.4701498,0.29511422,-0.6435852
2.1575208,2.2240815,0.24134184,0.35296467,-0.6975213
2.4896092,2.5938804,3.121675,0.48926404,0.6149437
3.244531,3.6025252,3.8540063,0.5,0.26753664
1.9094384,2.15191,1.8859657,0.2704255,-0.31719464
3.1252785,3.9553273,3.178238,0.5,-0.70626783
0.5233909,0.2527943,0.79718494,0.020685926,0.7121893
0.9867862,0.7115221,0.7843087,0.029668424,0.12524357
3.2604887,3.6216712,3.0900953,0.49963087,-0.63338655
2.1220539,2.5999393,1.7986,0.32968432,-0.71909314
3.9218507,0.3844252,5.0023036,0.49580756,0.69615746
2.4934669,0.53059465,2.0635107,0.4799628,0.69502366
2.6962538,3.6093361,2.265407,0.5,-0.6753003
1.1325766,0.63345295,0.21650325,0.030457024,-0.7010162
2.6661403,3.0812564,3.2465,0.495133,0.2655747
3.324306,3.4432821,2.9966788,0.49190497,-0.4927172
1.4103811,1.6673336,2.052372,0.07382713,0.47367746
2.3567553,1.8303925,2.5203228,0.42987636,0.65761656
1.1950599,0.85773116,2.0421472,0.039546896,0.74501926
3.2939703,4.0628233,3.034773,0.5,-0.6950246
3.0568314,0.64751554,3.2428641,0.48845154,0.7499777
2.9539826,2.5434864,3.758625,0.5,0.6888305
3.2381065,3.708098,4.0552998,0.5,0.393946
2.9079857,2.2942774,0.7895473,0.4795693,-0.6682038
1.2689433,2.346375,1.7988955,0.07808637,-0.71573347
3.4616122,3.6209137,3.6933203,0.4933982,0.057851855
2.0310948,3.5203533,2.573008,0.30522782,-0.7037829
0.6135114,0.48012957,0.22259015,0.0,-0.5974638
2.7103472,2.6268048,2.7268484,0.5,0.095733315
2.6631966,3.0820816,0.5632235,0.5,-0.6770248
0.5003945,0.36780724,1.1059762,0.0,0.7187124
1.376477,2.059412,1.1258976,0.07135384,-0.74442995
1.9671667,2.639476,2.3448622,0.28513774,-0.30010414
0.89920634,0.9603514,1.0543047,0.01654458,0.1980781
1.7155249,2.4894803,1.7939274,0.18237522,-0.71177816
2.075796,3.4285188,2.9957893,0.31109452,-0.515682
2.822015,3.5024464,2.1297712,0.4996578,-0.7053901
1.9874991,1.7627358,1.4984558,0.28579518,-0.29096565
2.2913864,2.698099,0.6314608,0.40687042,-0.7083422
0.45004806,0.6685147,0.91191816,0.010878325,0.48818365
2.7493367,3.324574,2.8317213,0.5,-0.5267095
0.68558943,0.24066561,1.3549829,0.0146255465,0.70421356
2.7042909,3.2782137,2.8041778,0.48387012,-0.55112314
2.8246486,3.02852,3.1601062,0.49417552,0.15897559
1.868761,0.62250596,2.045219,0.2232379,0.72799057
2.7142742,2.9927678,2.8018832,0.48510668,-0.2073539
2.1801941,3.034813,2.7637925,0.38081625,-0.3036599
2.6286378,3.1434028,2.4416244,0.5,-0.61951715
3.0537703,3.767563,3.920303,0.5,0.20450102
2.492638,2.4729593,3.2208443,0.49536276,0.64229673
3.1509407,3.1516678,3.8465238,0.48135063,0.7028071
3.059902,2.5633438,4.437161,0.49736217,0.7494141
3.1921368,2.7637932,3.5551252,0.47934088,0.7114314
2.869728,3.0594835,3.1098938,0.5,0.03645791
3.2390444,3.498161,3.7055607,0.5,0.23202127
2.8129895,3.238754,2.8348825,0.5,-0.54677504
1.6072551,1.4472492,1.7565562,0.13148676,0.38932303
2.0880613,2.4097688,1.8922479,0.3049401,-0.6617065
2.4706812,3.3589897,3.357262,0.49785337,-0.0256555
2.543195,2.971805,2.316479,0.5,-0.7121439
2.820364,3.0503972,2.6159368,0.49566436,-0.44626087
2.0978231,2.4149904,2.2301953,0.3281032,-0.20778017
1.1474065,1.9388236,0.8054241,0.0492834,-0.7614995
1.3737228,1.6705793,1.2489474,0.071463704,-0.5266388
2.605097,2.5072937,2.6148,0.49389544,0.11958308
2.1975133,2.121552,2.7808769,0.3675635,0.72317016
1.9952346,1.8665392,1.4899672,0.2891655,-0.52691656
0.8315494,0.80271107,0.8170208,0.014034831,0.042823143
2.5697849,3.2157254,2.918823,0.4953272,-0.33117625
2.5244343,3.5860765,2.9983845,0.5,-0.700764
3.579893,3.6238122,5.0761533,0.5,0.6955142
2.5301046,2.3062012,3.4643936,0.5,0.6356926
2.5454314,2.1119802,3.5358174,0.5,0.6875148
3.1134164,4.1683545,2.5294878,0.5,-0.66994554
2.5871751,3.165596,2.8639846,0.49783692,-0.3830297
2.9171605,2.8111458,3.500058,0.5,0.75381064
0.88544357,0.7146942,0.5017437,0.007716557,-0.3623614
1.3707448,2.2390754,1.4228898,0.0513994,-0.734167
2.7661974,2.8405442,3.2889004,0.5,0.48315826
2.4617567,3.0552797,3.0866444,0.47677782,0.051874388
2.0648856,2.2442057,2.9081907,0.30422762,0.6432236
1.0584929,1.102524,1.3025916,0.047464263,0.31749672
2.6549828,1.599338,2.6772344,0.49011028,0.6999789
2.1530979,2.1710544,2.6517045,0.3400879,0.54793185
0.7397554,0.68975556,1.0381773,0.012119145,0.65791416
2.7161975,3.1828249,3.1921966,0.4951041,-0.020717928
2.054859,2.3082132,1.2152158,0.316173,-0.71162206
2.3009155,2.5371628,2.485991,0.4096111,-0.04153787
2.935037,3.6096737,3.3341026,0.49627066,-0.3246966
2.6439748,1.6280957,2.8065283,0.5,0.71986187
2.3286633,2.5026572,2.4498122,0.42099154,-0.10150687
0.8731573,0.39543775,0.9582699,0.010201367,0.7140236
1.9636084,1.5334728,0.62583536,0.26790667,-0.6282538
1.1717054,1.2615668,1.7873499,0.027548645,0.6798685
3.8337498,4.021643,3.8926365,0.5,-0.14385942
2.9935288,3.4144855,1.9131846,0.5,-0.70122766
0.6526938,0.62748885,0.5087315,0.0059095845,-0.22401355
3.0026157,2.786131,2.8541596,0.5,0.08529673
2.1639686,2.1820202,2.2270823,0.34618607,0.094696656
2.5857701,3.4579158,2.4934688,0.5,-0.65599966
2.2606735,0.82475954,2.4167237,0.39984262,0.6975881
0.8429914,0.9192005,1.1503127,0.024732081,0.3798333
1.9399034,2.197084,1.7111495,0.26190677,-0.56503594
2.8077307,2.5813892,3.0343268,0.49470162,0.55767477
2.1863167,2.9008727,2.734654,0.36365792,-0.18381232
3.0414557,0.46820506,3.0732534,0.49748465,0.7202031
2.8027577,2.720423,3.2619622,0.5,0.7113992
3.290516,4.142108,4.2098236,0.49730462,0.09987552
1.0153651,1.5833448,0.78794116,0.027048925,-0.702621
2.1563082,2.290728,2.5122623,0.36590093,0.30656284
0.65376717,0.44511035,1.892815,0.00577713,0.703738
2.9363546,4.3949924,0.38215595,0.5,-0.7451454
2.283514,2.9008124,2.0306253,0.40726674,-0.7122099
2.7111638,3.3848763,3.1572409,0.4824815,-0.22716817
2.9950202,3.0899012,3.0683644,0.49605367,-0.06681881
2.9102929,3.1697257,2.5176027,0.49511614,-0.7713194
2.9353487,2.5375774,3.0439258,0.49567154,0.6336351
3.13113,3.7948225,2.8568063,0.49812415,-0.7072051
0.9380031,0.904255,0.26303452,0.020682512,-0.7046438
2.0161846,1.7770325,2.753201,0.29234177,0.71737057
3.838142,0.7182774,2.9014,0.4943959,0.6813424
0.6108056,2.0909235,1.5475434,0.013265068,-0.73128
3.1205027,3.1183343,3.5776544,0.4887119,0.5475976
0.82905996,1.2087588,1.7180704,0.034345295,0.7179789
2.6053486,2.2751193,3.6814802,0.4868737,0.72940075
1.1421365,1.1773028,1.8693277,0.031127572,0.7188486
2.4645228,0.74415797,2.439625,0.4745932,0.66200006
1.3136382,1.6433764,1.1590585,0.055927705,-0.6742974
3.5023243,3.2879255,3.768748,0.5,0.55248773
3.3434498,3.9211032,4.024034,0.5,0.12589204
1.5828263,0.8839758,2.772798,0.108302645,0.6747325
0.8878781,0.7836261,0.5844825,0.022630403,-0.34038392
2.5524545,3.3511176,3.248863,0.5,-0.11841169
2.4635375,3.47629,2.6831806,0.47511086,-0.69224876
1.2948959,0.5579866,1.4551885,0.04920524,0.7130515
1.4890846,1.5914112,2.032128,0.08617619,0.47179762
2.5843303,2.8999202,1.4803779,0.5,-0.6640139
2.6651359,3.841388,2.8442802,0.49231622,-0.66796684
2.6892729,2.7479997,2.2716599,0.4995365,-0.58821875
1.7913463,1.9673852,2.3491864,0.18970169,0.4463649
2.8622959,2.549411,3.2215269,0.4904724,0.6653231
3.2691774,3.1192348,4.3052406,0.5,0.7619623
2.828476,3.2100387,3.738097,0.48137212,0.65428525
2.4586806,3.0485868,2.3707514,0.4816986,-0.65787685
4.2154226,4.5342684,4.5846634,0.49275076,0.1165048
2.0172713,2.7065005,3.0817866,0.29060936,0.48110414
3.063996,2.7478507,3.487489,0.47043428,0.7002277
2.7358096,0.9111006,3.3200881,0.5,0.7208651
3.7909298,4.4031935,4.803003,0.5,0.4908856
2.8179898,2.782721,3.7278311,0.4968766,0.75446224
3.0068648,2.6119063,3.2978418,0.4818432,0.73254055
0.76698655,1.0540726,1.5068115,0.01842715,0.71171004
1.9515718,2.2116306,2.5971034,0.26719806,0.46887332
2.0772922,2.1385653,3.1582043,0.3130656,0.6689142
2.4144392,3.4530423,0.6849204,0.4676821,-0.73568296
3.191117,4.295056,3.9474437,0.49596617,-0.40562487
0.6517812,1.3128071,0.7107838,0.0,-0.67084837
1.3370178,1.7590439,1.7483834,0.070072606,-0.0048813634
1.1659185,2.052753,1.8874136,0.052481372,-0.27633587
1.4815371,1.6796452,1.9452192,0.06701026,0.3207954
1.8098178,1.909148,2.2201025,0.19601211,0.3645524
1.0756786,1.0025343,1.3238128,0.0496957,0.50813764
3.3193138,3.1388958,3.9243238,0.5,0.71478987
2.5510705,3.1801302,3.068312,0.4859154,-0.14952368
3.1471815,2.673553,0.5318265,0.5,-0.6637677
2.518448,2.4659314,3.0908022,0.5,0.6878863
0.7256779,0.7405485,0.25453207,0.0,-0.74229276
2.5090723,1.9910966,2.962239,0.4884947,0.7154177
2.8474507,0.58999574,2.2833123,0.5,0.72386324
0.95481706,1.2385954,0.75075877,0.028886033,-0.7224643
2.8164206,0.9656775,3.1739178,0.5,0.7030203
3.5892785,3.575939,3.8625507,0.4999426,0.35286695
1.6524327,1.8349323,0.7153881,0.15927312,-0.6867748
2.516853,2.0033023,1.8402109,0.4987725,-0.17375413
2.741584,2.2876608,2.791494,0.48688054,0.6752429
2.5808158,1.8660039,1.9724027,0.49141318,0.12610999
2.3918264,3.038533,1.8834841,0.4601247,-0.69168663
2.309188,2.2927868,2.201859,0.409358,-0.113790855
3.5181482,0.6720878,4.208634,0.5,0.70515734
2.5450428,2.951248,2.2180188,0.49381214,-0.7120773
0.9897125,1.6120974,0.2,0.030016372,-0.7012245
2.8882287,4.1494007,3.774868,0.5,-0.50823265
2.447239,0.4536009,3.0331807,0.4763966,0.70181084
2.9703777,2.782187,3.3045647,0.48176876,0.61460257
0.5729815,1.137037,0.7729463,0.0,-0.7207281
3.3982003,4.7476263,4.622833,0.49727887,-0.1408672
1.8523592,1.8693242,2.2966747,0.22266713,0.43221352
1.5442709,1.3778623,1.7602539,0.09048583,0.4526025
2.8006322,0.66186684,2.9627798,0.5,0.7173931
3.1090918,2.233935,3.520498,0.4925481,0.74255866
2.773563,3.7092485,2.563139,0.5,-0.64589274
2.991302,3.1129732,3.725574,0.49823627,0.68455845
2.9267654,2.5250711,3.7476656,0.5,0.7118015
1.7425647,1.9526924,2.5489857,0.18313213,0.6409084
2.74607,4.262482,2.9578836,0.49216783,-0.6766679
3.4060748,3.5672545,3.7761824,0.4986174,0.24064109
2.6826193,3.8614972,0.47141865,0.5,-0.69568944
1.8777384,1.5315233,1.3862404,0.2331286,-0.14334495
0.7495397,1.6813585,1.349571,0.0,-0.59561646
0.7882489,0.6934638,1.3995712,0.018054865,0.6298353
0.96834564,0.8336959,0.31787616,0.033749662,-0.7217125
1.4148779,1.1403468,0.9868325,0.0697758,-0.19441418
2.834707,2.8676403,2.523602,0.48688245,-0.45984632
2.0043674,2.7519789,2.4235053,0.2983852,-0.36052203
2.9435906,2.8265555,2.8342938,0.4863423,0.03269013
2.943087,3.712973,2.5502217,0.48030698,-0.71638775
2.4330785,2.2764456,2.4717658,0.48618805,0.17251748
2.9419134,3.1614904,3.0678294,0.5,-0.0858008
3.3043752,3.2174613,3.952912,0.49312255,0.69568664
1.1315006,2.2500956,0.7400567,0.03329155,-0.68247294
1.8353353,2.2006423,2.7502184,0.23289059,0.6593085
3.4708426,3.8155103,2.6433647,0.5,-0.73959804
3.059271,3.1835232,3.4570396,0.5,0.32154304
2.92963,2.8558552,4.1856823,0.5,0.65517014
0.8190688,0.5433555,0.91349036,0.0042971927,0.64932257
3.191613,4.038012,3.2878335,0.49401435,-0.689065
0.93669534,0.32748738,0.7535914,0.034928225,0.6524113
0.7082182,0.7568896,0.2,0.02025164,-0.6906826
2.6493561,3.344732,3.399345,0.5,0.004622171
1.9503484,1.3130699,0.3867532,0.26916677,-0.6618981
2.1711717,2.4742649,2.8181117,0.34927484,0.3820184
1.9862586,1.7280213,2.36037,0.29443198,0.72332686
2.6706054,2.8479104,3.2328053,0.48593733,0.42790937
0.9412621,1.0153826,0.6274346,0.024458382,-0.6312207
2.8156404,1.8778834,3.21584,0.5,0.64339507
0.51867664,1.0566094,0.71320677,0.0010718503,-0.6685272
2.4877894,2.2518618,2.728257,0.49189615,0.55116796
0.9785913,0.89112985,0.2,0.015239005,-0.73695225
2.6873646,2.936583,3.1752396,0.5,0.26803315
1.6129081,1.9953358,2.994182,0.13632011,0.6955061
2.7170274,3.1438475,2.256782,0.49483427,-0.7210098
2.4201052,0.5597973,3.1620371,0.46909755,0.73338836
1.228657,0.22210532,1.3163551,0.05626207,0.7153125
1.5945499,2.0484645,1.2548372,0.13339636,-0.6577966
2.9894505,0.6427277,2.8318217,0.4896463,0.66967475
2.4116945,2.2994983,3.353153,0.48578963,0.7095321
2.7089422,3.080641,3.1004221,0.49374744,0.033594504
1.4664273,2.1196089,1.6250523,0.09751432,-0.60422736
1.8135625,1.6238807,0.33220103,0.21044993,-0.764334
2.3276618,3.276331,2.903784,0.42741585,-0.45850185
3.3884895,4.245741,4.1078167,0.5,-0.2312191
2.9590302,3.3283777,3.2838607,0.5,-0.10610197
1.2107744,0.77068734,0.7927886,0.03281376,0.066120155
2.036764,3.3377495,2.5419972,0.32046854,-0.7172596
1.9643669,2.2467072,3.076394,0.26392582,0.72162306
2.7445393,3.0408008,2.8778317,0.5,-0.20586948
2.9502828,3.2511804,0.30346665,0.5,-0.66844475
2.756943,3.236535,2.8247755,0.49731517,-0.46942183
3.6105099,4.2720284,3.7442625,0.48994267,-0.63701916
2.1697123,2.3940394,2.4408236,0.37664935,0.04982414
2.7009184,2.2765517,2.7525227,0.5,0.5604365
1.6291488,2.3046105,1.492594,0.13248233,-0.6594639
0.86664134,0.7055766,1.0947051,0.009704285,0.7083472
3.5471318,3.1611416,4.180555,0.5,0.70044476
1.9697236,2.155578,2.2047043,0.26916632,0.06335882
3.0603,3.0738695,3.3176203,0.49840677,0.30636805
3.5126772,3.8600607,3.7797463,0.4921303,-0.13201967
2.157324,2.6684575,3.178178,0.3640045,0.5954502
2.8817863,2.8540406,2.6237628,0.5,-0.25281748
3.5130754,3.8687766,4.03842,0.5,0.22169676
2.7267144,0.2,3.3570666,0.5,0.6965368
3.0532725,3.6374025,3.1499188,0.49767527,-0.61956435
0.9183208,1.350616,1.710923,0.012791234,0.67941695
2.9702497,3.5476258,3.61661,0.4896931,0.08412288
0.652918,0.84439,1.2957675,0.0,0.736745
1.7984043,2.11044,1.3695718,0.20138943,-0.6773054
0.756098,1.2787516,0.6897046,0.0,-0.6933284
2.9720027,3.4891918,2.8337927,0.4807418,-0.64661664
2.4468691,2.9263315,2.9828224,0.48630482,0.07804856
0.9881305,1.1498976,1.5610873,0.044326086,0.761989
2.8035035,2.366448,2.8048337,0.48870662,0.5434966
2.6218054,3.064908,0.6035909,0.4865161,-0.67725873
0.7473309,1.2380869,2.0389307,0.0,0.71783406
2.7360702,0.7489789,3.09519,0.5,0.7125102
3.111854,3.6516287,3.5520208,0.5,-0.092177466
2.9839556,3.1941497,3.0156968,0.5,-0.1931475
1.051791,1.2332008,1.9736686,0.03686841,0.7377068
1.3091248,1.6123598,1.7284975,0.05292962,0.13469465
3.0156898,3.6569388,3.2373288,0.488479,-0.513839
2.8258982,3.7685263,3.148664,0.47814363,-0.70481294
2.675802,2.8272333,2.6105983,0.49308714,-0.25048083
2.8802426,2.977824,2.662372,0.5,-0.3062765
1.0826187,1.5625306,1.2585247,0.02231749,-0.4695009
2.7369773,2.3216634,3.697721,0.5,0.7027112
3.5889816,4.207463,3.6143367,0.5,-0.6962416
2.7563336,2.2561858,3.4489448,0.5,0.7361795
2.7137237,2.1656177,2.6800742,0.5,0.6338148
1.0973748,2.046054,0.34807473,0.05430441,-0.74292994
2.8441,2.0988665,2.8573842,0.5,0.6464882
2.467136,3.327466,1.868706,0.4919319,-0.68390083
0.409005,1.4039094,0.9912463,0.0,-0.7490322
0.2706994,0.65887356,0.2,0.008307752,-0.6672476
2.3012307,2.8378537,2.6077921,0.41279137,-0.2697075
1.0271391,0.37413704,0.83565027,0.021596974,0.68713486
3.7042496,3.592703,3.6394289,0.5,0.095259115
1.3216361,1.6293714,1.9368153,0.049571782,0.4707048
2.3074808,2.627081,0.5623605,0.40080518,-0.6890253
1.363641,1.7817496,1.5108882,0.07773876,-0.37428084
2.017078,2.4450965,2.2330766,0.30338678,-0.24292988
2.9111671,3.0737696,2.910929,0.49263716,-0.20517762
2.9010785,2.564925,2.6495652,0.4946698,0.1153402
2.1827033,2.614716,1.5495685,0.3594046,-0.7400427
2.2798471,1.8631562,2.621332,0.4092746,0.69884115
3.726809,3.7366104,4.0666456,0.48882595,0.38026807
4.1542087,5.0522676,5.0527787,0.5,0.013198291
3.263465,2.7179852,3.6696281,0.49074316,0.69695866
0.76215345,0.8946415,0.7477157,0.014753652,-0.32054058
0.973661,1.6220204,1.1397738,0.021974023,-0.6829042
3.967892,4.436001,4.475404,0.5,0.06072823
2.4123669,2.7373297,3.157032,0.46397066,0.5044823
1.9875342,1.902563,2.026957,0.2962853,0.15430382
3.795033,4.560376,4.5028386,0.48556262,-0.10926274
1.2823448,0.8662363,1.4515215,0.06261088,0.7224466
2.0129187,2.5096762,1.8507136,0.30366272,-0.7140111
1.996347,2.2658498,1.872132,0.30604643,-0.49672434
2.5049617,2.3444319,2.5282545,0.5,0.20868948
1.3994157,1.4073378,1.6348361,0.07601489,0.30682957
0.85963523,1.9005507,1.6264366,0.012486158,-0.5114864
2.2372556,1.8146267,3.3536518,0.38809827,0.72299874
1.8420991,1.1812296,1.9730847,0.214546,0.726213
3.2709727,3.058952,0.3361777,0.5,-0.6875229
0.9210666,1.3278655,0.8578716,0.0082334895,-0.6902498
2.939824,3.800853,3.0132124,0.5,-0.6871315
1.2002827,1.3674914,1.529563,0.052048773,0.27007306
1.243715,0.5507032,0.4698379,0.04226366,-0.07721413
3.1926239,3.4534917,3.8996809,0.5,0.50864214
1.0379617,1.6263592,0.7372642,0.018353388,-0.64752054
2.3990314,2.7801728,2.7920616,0.45499378,0.01624524
1.5899335,1.9706877,1.7730074,0.11074338,-0.23521262
2.927725,2.201984,2.7675853,0.5,0.6994861
1.8607897,1.3501595,2.736342,0.22725229,0.66662353
2.8293633,2.9427893,2.829677,0.4928511,-0.115495905
2.6650357,3.3815057,2.3815868,0.5,-0.69120467
1.77725,1.6200714,2.2747219,0.19204263,0.70970595
2.734206,3.0530508,3.3879807,0.5,0.384179
2.7398996,2.9923515,2.7883444,0.4935938,-0.23430428
2.7165403,2.331062,3.0027723,0.5,0.7345088
2.6757565,2.470162,3.371192,0.49537358,0.7024556
0.8259318,0.96906865,0.9234643,0.01991106,-0.07807695
0.88878506,0.9467306,0.94541603,0.03171174,-0.015481062
2.187155,2.7900083,2.7798984,0.37057197,-0.0037976336
1.9087398,1.9150349,2.0524695,0.25160635,0.11683624
2.947655,3.6188426,2.8368988,0.5,-0.69995606
3.1818528,3.2267923,3.3661642,0.5,0.19208874
2.9560485,3.2588181,2.6507618,0.5,-0.6546738
2.4975648,3.0999136,2.6468022,0.4693695,-0.51289093
1.4526975,1.586573,2.0777063,0.06782031,0.6432203
3.4447966,3.476806,3.0834644,0.5,-0.5120022
1.3427835,1.5984607,1.624677,0.072789915,0.040009294
2.9550433,3.6827643,3.4244847,0.5,-0.31388986
0.7734839,1.1597017,0.9570867,0.021289036,-0.36436996
2.7026799,0.51616627,3.5995698,0.5,0.7249873
2.8182447,2.6116626,3.041685,0.4910588,0.5161526
2.8146071,2.6848483,0.4171714,0.4934875,-0.6946151
2.6780024,3.1965287,3.6062932,0.49968517,0.4771316
3.9868088,3.2812417,4.4539475,0.49427554,0.6951229
2.1049984,2.416121,2.2535381,0.35039163,-0.19951831
2.0741339,2.4739938,1.9869137,0.30411494,-0.53376657
2.3735518,2.885126,0.2654174,0.43367353,-0.7124517
3.6362011,0.46799275,4.036776,0.5,0.72478235
2.2320108,1.638327,2.0351632,0.39594424,0.46770447
2.8459513,2.9557128,3.7010753,0.5,0.6882208
3.2757733,0.84783065,4.582614,0.49252743,0.71932244
0.6703176,0.6220675,0.8834851,0.0,0.5128869
3.2320466,4.480348,2.5809114,0.5,-0.68675745
3.445736,4.0585647,4.055413,0.48486564,-0.023232292
0.54030687,0.69861865,0.8039398,0.03707313,0.1395198
2.3684404,2.6403658,2.8545816,0.4370723,0.23010217
2.666637,3.0746684,2.8734097,0.49076796,-0.25037435
2.4268208,2.3406131,3.0409446,0.4659946,0.70939034
4.0905848,4.0601983,3.9863214,0.4897499,-0.106790654
2.311035,3.4757588,2.7283747,0.42407253,-0.69691795
0.848371,0.39805266,1.2743564,0.00849031,0.6363134
0.4670104,0.49918556,0.85846573,0.001036539,0.7270093
2.6535091,2.4669125,3.2277718,0.5,0.66899866
2.3826969,1.8831989,3.025328,0.44436502,0.7019489
0.80493903,0.7010113,0.4102327,0.008906123,-0.53747123
3.0091977,3.7312784,3.6304533,0.4958563,-0.14572927
3.4202137,4.309575,3.7398205,0.5,-0.6424651
3.4692068,3.3344898,3.4617283,0.5,0.16923179
2.5274384,2.4500585,2.9063838,0.5,0.53142744
1.9788967,1.7347724,2.383991,0.2694299,0.737061
2.1096857,0.5898055,2.3281505,0.3143352,0.68268245
2.7867198,2.5843682,0.6583398,0.5,-0.638766
2.7247477,3.0969822,2.9207492,0.5,-0.20508845
1.1024392,1.348736,1.1807854,0.03314399,-0.24917154
2.2712333,2.2073808,2.6584432,0.41497874,0.5599732
3.4760208,4.0195537,3.6735754,0.49202758,-0.47167733
1.7228584,1.5883794,3.00179,0.17082931,0.65060127
2.210225,2.8286638,2.3710325,0.36969444,-0.53855264
0.7666946,1.2937031,0.20103024,0.00906213,-0.66823876
1.0379809,1.6275299,1.1385033,0.038900316,-0.67297494
3.3756742,3.5827,3.3561902,0.49011746,-0.2554392
2.412015,2.2059295,2.7295976,0.4723689,0.656211
2.671669,2.207507,2.6206582,0.5,0.46971098
3.0241747,2.1030858,3.5203621,0.5,0.71596855
2.3650196,2.98246,2.5956562,0.4354326,-0.47763398
2.8344066,2.2040472,3.1731868,0.49407834,0.60288405
2.7097235,2.9131002,3.6784306,0.5,0.631745
1.8691525,2.2364895,2.119294,0.21431391,-0.1037383
2.2989483,1.9775456,1.8988228,0.39535475,-0.056202825
2.7524254,2.9453623,2.6879842,0.5,-0.3228806
3.3628638,3.6919847,2.84814,0.49845585,-0.7408485
3.3656595,3.4102173,3.3100915,0.49542576,-0.10795567
3.838265,4.260695,2.298137,0.49661452,-0.67370856
2.9189744,2.8737688,3.4917,0.4876182,0.6750041
2.3654501,2.4505258,1.8566946,0.44228223,-0.70979387
2.5675294,2.3296475,3.0933485,0.5,0.6974826
0.9849556,1.070775,0.862444,0.042019825,-0.35125557
1.0762924,1.2970668,1.2516693,0.038266934,-0.06087778
2.8348718,2.5388443,3.8546114,0.4921718,0.71166974
2.8277843,3.2715569,2.8828259,0.4939635,-0.51513714
1.8508816,0.9055392,1.5931412,0.21209536,0.7405876
3.2389016,4.0273166,3.2314527,0.5,-0.7132111
1.440705,0.9760292,0.62573195,0.074270114,-0.4591324
2.4178474,3.241224,3.0496871,0.466427,-0.24986371
3.3057966,3.7918785,3.8034925,0.48541608,0.018139675
2.9631524,3.6044846,3.066865,0.5,-0.66598564
2.3496134,2.0069265,2.9591725,0.44503453,0.6730251
3.7993627,3.886476,4.3082943,0.49040073,0.52320606
2.3398979,2.6446097,2.40396,0.43375823,-0.32870468
1.3525349,1.8352401,1.7474502,0.06763157,-0.0947532
2.8519173,3.4413912,3.011155,0.5,-0.45132715
1.5472996,2.0177507,0.7723689,0.09213788,-0.6805333
2.1210659,2.533567,1.0454457,0.3335063,-0.6675182
2.991637,3.4090948,2.9920897,0.5,-0.5088889
2.3182817,2.9149702,2.4990695,0.4309505,-0.4711894
1.2605107,1.4762249,0.7172239,0.056242723,-0.65706575
1.9029887,2.6335795,2.4445128,0.25757235,-0.23867336
3.1492295,3.2622547,0.53326285,0.49887046,-0.6838919
1.633086,0.9079412,2.0290818,0.14579189,0.69500536
1.2618136,0.71855223,1.5948493,0.053224184,0.66073084
0.89110214,1.3331506,0.98075825,0.019129267,-0.60051453
1.3211828,0.2,1.2444392,0.076810375,0.72407395
2.0663824,2.3669991,1.889139,0.30575174,-0.5462514
3.8146565,4.7512074,3.1259534,0.5,-0.7221073
2.0365233,2.3447082,2.8908832,0.308228,0.68701756
1.5267512,2.4869545,1.9000548,0.09905736,-0.66537523
2.665216,3.0855813,2.3378823,0.5,-0.6804031
3.3825803,3.3762574,3.8303235,0.5,0.5610211
3.0694335,2.6662836,0.8285623,0.5,-0.7490937
0.47535184,0.70615244,0.9135836,0.005017487,0.38955218
3.0303946,3.975796,3.5098329,0.49757105,-0.5621093
2.1367216,2.0325766,0.8894,0.36271518,-0.72863597
3.0772212,3.419197,2.4500868,0.5,-0.6796009
0.5016195,1.4973491,0.4549019,0.0,-0.7098825
0.2,0.20467523,0.3682843,0.0,0.31757894
2.7669592,3.152508,2.1326132,0.49544337,-0.6708276
0.663004,1.0965711,0.4650747,0.002840275,-0.6794648
1.0695868,1.4561309,1.9380918,0.055290468,0.6730067
0.8504152,0.2,1.0334655,0.011947703,0.7129686
0.95777327,0.7565494,2.4219134,0.038743176,0.720113
2.1793296,1.3191493,2.6044824,0.34799507,0.64060193
0.7913436,0.37176394,0.96568924,0.0,0.7060152
2.2140348,2.866185,1.943006,0.37066427,-0.7504193
3.3640683,0.2739355,3.018375,0.5,0.69859153
1.9743547,2.5381103,2.24268,0.27019832,-0.3123753
2.9240332,3.483306,2.8860197,0.5,-0.7026428
0.8753121,0.4239606,0.85765547,0.042559914,0.7248764
3.3204615,3.62772,3.622272,0.5,0.00094904983
0.95648396,0.40219522,0.8343384,0.03248894,0.7437133
2.67297,2.9959044,3.2684011,0.49319255,0.34294426
2.3021123,0.5554257,2.6321082,0.42495397,0.6971904
3.5999987,3.65369,0.92801386,0.5,-0.6791494
1.3180447,0.58179945,1.5506188,0.051016446,0.7488818
1.2012154,0.6818708,0.58874255,0.0399607,-0.16632064
1.4948828,3.0288808,0.8961845,0.07361668,-0.72525245
1.6130794,1.0193577,2.0486233,0.11465832,0.7032515
2.9261162,3.0024154,2.1105628,0.5,-0.68529636
3.9515376,4.6245565,3.1927538,0.5,-0.6418469
0.69140065,1.6704408,0.7712059,0.0,-0.7152122
2.116558,2.8979123,1.9802246,0.33138412,-0.73710185
0.6066164,0.67520374,0.8085055,0.008891968,0.28889647
3.4953237,0.39960858,3.7844856,0.5,0.6903017
1.6199771,2.155767,2.557385,0.14415887,0.54398555
2.9730616,3.0429392,0.5649771,0.48765635,-0.6724537
2.4410164,3.2508128,2.939325,0.46170226,-0.3871866
4.159434,4.4023423,4.096641,0.5,-0.39737508
2.7160711,3.2424045,3.0679107,0.49730942,-0.2549233
2.7839725,3.5359006,2.7698302,0.49116114,-0.6653701
2.6091774,2.158483,2.1448193,0.5,0.045991104
2.3601413,2.5856369,2.2388341,0.4337426,-0.40663424
3.1937752,3.9062304,3.553366,0.49786514,-0.3990241
1.9075986,1.6710075,0.48679054,0.22788797,-0.7193183
0.62608993,0.54656565,0.82252455,0.0035530513,0.5097552
2.5811038,3.3208423,2.9033887,0.49215657,-0.49625883
3.0613487,4.040797,3.4802444,0.49509612,-0.6606612
2.2405348,0.709097,2.8098557,0.3947245,0.7096612
2.7192926,3.5097582,3.9471512,0.47833505,0.50526536
1.8544664,0.89377123,1.4722204,0.21366423,0.6883373
3.2629395,3.4456553,3.2104821,0.4946065,-0.31883258
3.0261004,2.4630194,3.1243832,0.48452216,0.6600033
2.6013367,2.5288136,2.5734076,0.5,0.037065435
2.625485,2.9202394,3.4972477,0.49987537,0.65720636
1.7654787,2.237829,2.605559,0.18735853,0.4507994
0.93369615,1.7921784,2.196026,0.008246904,0.7216666
2.5429764,2.0942326,2.6637678,0.5,0.6785867
2.926799,3.6525393,0.4615262,0.4904646,-0.6913239
2.9202604,2.999673,2.989706,0.5,0.00045413285
2.4169092,2.434687,2.0836477,0.47074604,-0.4849058
0.930535,1.987162,1.5058782,0.03470637,-0.74351645
3.46669,4.103789,3.9602606,0.4852789,-0.11045418
2.5776901,1.9252919,3.1096544,0.5,0.6928005
2.7990396,2.962671,3.9885375,0.48183882,0.65192276
2.494724,2.2615614,2.6615734,0.493689,0.4911406
0.92136055,0.84910154,0.8184218,0.02383411,-0.038286485
2.6857061,0.7640296,2.8475375,0.5,0.7362558
3.6162305,4.0691023,3.3367646,0.49456248,-0.6887563
0.63336086,0.2,0.46313447,0.010204769,0.5258823
3.0325427,3.1731656,3.3497977,0.5,0.17669828
2.3125248,2.3726265,2.7534344,0.42814875,0.4389949
2.021737,2.4626968,1.8881993,0.28931352,-0.6574145
2.845546,2.9790533,2.3847973,0.5,-0.6950173
0.49133298,1.199289,1.0480529,0.006574368,-0.3017573
3.6007528,3.9576828,3.4177527,0.5,-0.6084203
1.1047393,1.6762824,1.398048,0.023510791,-0.4356223
1.0218967,1.2962002,1.836171,0.024306035,0.7270726
2.8677344,2.5184078,3.504112,0.5,0.7312365
3.1274393,3.178173,3.6252704,0.5,0.5338955
1.5513636,1.3929229,2.3000479,0.10313675,0.69589365
0.73962975,1.2735014,0.9636268,0.0,-0.55741286
3.0803957,3.7493463,2.693651,0.4888569,-0.7653493
1.9112762,2.0288258,3.3443074,0.2456819,0.6858003
0.92450947,1.110915,1.2627633,0.022668457,0.27005965
2.8099277,2.2315953,3.245995,0.4921927,0.70997703
2.5897386,2.5288944,2.8586323,0.48040158,0.35296726
3.5040343,2.432236,2.8020575,0.49598068,0.4154445
2.590345,3.1183822,2.2387269,0.49070635,-0.7380681
0.810507,2.0516503,1.7787236,0.0069711925,-0.45860296
0.7982476,0.6859912,0.20356624,0.02206694,-0.68907624
3.1881683,3.5481367,0.78187126,0.5,-0.7288313
2.2124028,2.6413355,2.505324,0.38343376,-0.17510027
1.6866032,1.2799376,1.6768068,0.16010603,0.46275985
0.9774749,1.028828,2.1376445,0.020707572,0.7191965
2.647213,3.014701,2.0533264,0.4920506,-0.729956
3.0128946,3.3004348,2.8217318,0.5,-0.5790763
3.0954123,3.3609962,3.4642634,0.5,0.08883716
0.821397,0.93659717,1.2441704,0.0071025067,0.58799744
1.9578677,1.7795376,2.162473,0.2730564,0.43602443
1.4425355,0.6760915,1.8310703,0.08332211,0.6944348
2.492987,3.5471394,2.4091032,0.5,-0.71318597
1.0199374,0.28507707,1.0779966,0.0077302707,0.77544403
1.1950649,0.33832273,0.8873984,0.071392536,0.6801852
1.0646499,0.68794173,1.5492294,0.041753042,0.7395089
2.6326215,0.59698194,1.9975421,0.48763582,0.7101417
1.1991473,1.2517861,0.75519204,0.04999496,-0.67990094
0.8763366,1.2282361,1.5197679,0.008196954,0.5381749
3.0533907,0.3964866,2.9985085,0.5,0.71889335
3.1111426,3.2607598,4.5149746,0.4979583,0.6950083
1.1998241,2.04212,1.2232503,0.07024139,-0.73494166
2.8731773,2.6328275,2.8255184,0.49237537,0.2093846
1.566116,2.2166734,2.431356,0.104622655,0.2904909
2.684452,3.9073336,3.3958187,0.5,-0.5944327
2.5360754,1.9785442,2.6064935,0.49814454,0.68838876
3.3031,2.5802426,3.4986305,0.5,0.6778297
2.5366437,2.8152742,3.2202733,0.488507,0.5193037
3.130745,3.665651,3.458598,0.49632457,-0.23687145
0.8819482,1.1142546,0.8530984,0.034095228,-0.4358034
1.3128499,0.37742767,1.3302639,0.065283276,0.6908705
2.4679365,1.8356627,3.6943426,0.47954756,0.6923446
0.972719,0.3992723,1.0040406,0.037799638,0.6910396
2.69785,3.1661813,2.6941419,0.5,-0.55254006
2.730168,2.7014616,2.8793142,0.4757123,0.20184752
0.9589561,0.3515532,1.1890861,0.020849684,0.6651302
2.3832543,0.43346158,2.2395084,0.47500023,0.703826
1.9154919,2.5868795,2.954366,0.2390785,0.40324256
1.4015409,1.0532753,0.67898047,0.077850655,-0.45135245
1.1453907,1.4045731,1.6112825,0.044576954,0.2804851
2.131426,3.107406,3.1588862,0.3518903,0.060456976
3.2461917,3.06842,3.2992966,0.5,0.2791607
1.1800407,1.0854977,1.6289723,0.050188687,0.70096654
2.8091767,2.9820228,2.3586946,0.5,-0.6538246
3.8934054,3.51751,3.736304,0.5,0.2954854
2.5759726,0.2,2.7376006,0.48211667,0.6982096
2.585163,2.607536,0.6055009,0.5,-0.65690255
2.8281891,2.9456594,3.4229007,0.49419776,0.6014492
2.906118,3.3978686,2.844668,0.49822497,-0.64163786
2.3708532,2.0959816,2.420665,0.45037723,0.40717596
1.9656713,2.2496443,1.9483117,0.2619779,-0.37307915
3.0133822,3.7998486,3.7935786,0.5,0.02099264
1.4266546,2.3385441,1.6115508,0.066559084,-0.7016495
3.1092877,3.24239,3.0233724,0.48706916,-0.2962852
2.3610578,2.6536024,2.1596441,0.4548304,-0.59766597
2.6595466,0.6383297,2.2288485,0.48876208,0.71323127
2.2746966,2.5993192,2.7973714,0.4074203,0.2738091
3.4674778,4.3794274,3.675152,0.49966225,-0.6926816
2.7021,3.6293037,4.4189286,0.5,0.66530323
1.2451909,1.4583515,1.2155004,0.039373044,-0.3609079
2.3902822,2.7769012,1.8431739,0.43993956,-0.6593018
0.8030299,0.61973,0.9397385,0.02207981,0.52540815
4.032157,3.7212312,5.387576,0.49161336,0.7006557
1.8382957,1.8292379,2.1795263,0.21658501,0.41375342
3.217369,3.6501787,3.4551969,0.5,-0.25242844
2.946733,3.4819582,2.863777,0.48870525,-0.68862647
3.5170126,0.56143993,3.569794,0.48700586,0.7134087
0.6231967,1.0455282,1.4208248,0.014804133,0.71932083
2.600914,1.4893498,2.3773656,0.5,0.68632203
3.240552,3.5385058,3.4511538,0.5,-0.11646922
2.7102938,2.5994828,3.0660472,0.5,0.5478517
3.019144,0.45243955,3.260183,0.49043813,0.6871894
1.4661918,1.9316318,1.5387671,0.06920365,-0.514363
2.6415403,3.58426,2.1094024,0.49003866,-0.7085597
1.2333128,0.40109736,1.5508163,0.04288523,0.70210075
2.2671103,2.9047158,2.2509062,0.41007566,-0.7341624
1.0889019,1.1472116,1.8743367,0.036762413,0.67322147
0.75457186,1.8914071,0.77233416,0.0048562754,-0.7068565
0.92631197,0.3344639,1.1291416,0.02548119,0.6701568
2.0404358,2.1878905,2.2815723,0.3017703,0.14237364
2.9095035,3.4879582,3.3587503,0.5,-0.16946074
2.1259391,2.3085694,1.4449892,0.3263709,-0.64242905
1.8133494,2.7483094,2.1985648,0.20003459,-0.6102877
1.9611142,1.1177638,1.290671,0.2659522,0.24075897
2.1994863,2.3812199,2.299093,0.37697902,-0.05330354
2.3078055,2.3972049,0.762564,0.442661,-0.71003276
1.032859,1.1999444,2.3017128,0.013954651,0.6794741
2.5305843,1.89359,2.1934028,0.49467942,0.37892854
0.82303125,0.98548245,0.67786777,0.0066878917,-0.58563584
2.8216596,2.856825,2.2178552,0.5,-0.71114135
3.039863,3.3608503,2.9058962,0.5,-0.5095531
1.1647276,1.9725772,0.38191056,0.061341476,-0.7159134
0.8431776,1.1097271,0.23237409,0.008560732,-0.73509425
2.9218442,3.357907,1.583164,0.5,-0.71750593
1.1009305,1.961731,1.8302696,0.03979059,-0.19396938
3.089991,3.950203,3.8173258,0.49191248,-0.1303738
0.86719906,0.2,1.0969616,0.022361122,0.7101903
2.3860052,2.9487698,2.5987384,0.4355992,-0.42911482
2.374467,3.0254312,3.0043597,0.4443189,-0.04037845
2.7666829,2.7203748,3.317683,0.5,0.7022035
2.6101565,2.5720732,2.3228285,0.48770508,-0.2844994
2.8620827,2.498768,2.4935908,0.5,-0.01850294
2.5391,1.751103,0.6716865,0.5,-0.7148036
3.434812,3.9913,0.5170514,0.4806456,-0.746781
1.2751446,1.8564543,1.8410538,0.04936006,-0.04271043
1.9048581,2.0703979,2.651197,0.2556705,0.64757913
2.6248863,3.1906447,2.6826684,0.4906264,-0.568463
3.0613396,3.7541056,3.4141507,0.5,-0.43905267
2.954574,2.2770462,3.0959961,0.5,0.6924492
2.3325973,0.9598358,2.1687434,0.4143278,0.7263367
2.7878258,2.8627322,2.490975,0.4939295,-0.4142126
1.6185516,0.5966169,1.8756686,0.13532475,0.684875
2.540631,2.8818038,3.101494,0.48263952,0.19523703
1.743202,0.2999663,2.118437,0.20047027,0.69966364
2.941236,2.2707484,2.9885764,0.5,0.69711924
1.0031809,1.8541703,1.8880352,0.012832612,0.053754367
0.8931014,0.8855419,1.9030398,0.02092274,0.66479564
2.766211,2.9153757,2.2202826,0.5,-0.7173623
2.62075,2.018191,2.2474256,0.4942342,0.32135656
2.2405617,2.3421364,1.7112803,0.3921864,-0.6632546
2.514205,2.638689,0.28791013,0.49509767,-0.7359299
3.3117723,3.4799347,0.77586037,0.5,-0.7302593
0.683846,0.53642327,0.9274932,0.0031120419,0.653961
2.586903,2.1961894,0.2,0.5,-0.730846
2.2463753,2.7686841,2.4089122,0.41613698,-0.43556973
3.2115848,2.529406,0.5393372,0.5,-0.72383934
2.632298,3.2378023,2.3073823,0.47445554,-0.6809453
2.12635,3.2352145,2.2097373,0.34960508,-0.6747642
2.5717041,3.9548507,3.215981,0.5,-0.7007621
0.70181906,0.4234555,0.22766282,0.0038123815,-0.38605055
3.4595335,3.9751487,3.4127991,0.5,-0.6653184
2.5652604,2.4556699,1.8247552,0.5,-0.73308676
1.7692713,2.6410844,2.4367719,0.21155208,-0.16098137
2.9436553,3.3321838,2.2719767,0.4937416,-0.6531539
0.86098695,0.95002174,0.3574441,0.014677825,-0.6943729
0.9002766,0.7159109,1.5253397,0.011595501,0.7718647
0.6129995,0.68774813,0.5237665,0.0,-0.34352636
2.4477348,2.325023,1.645934,0.4757905,-0.65080976
2.5270388,2.718661,3.0293598,0.4918953,0.29735482
2.6407576,2.807599,2.8643763,0.48383904,0.066784106
2.7786295,2.7593806,3.9914193,0.48904508,0.69348377
2.4013891,2.273239,1.9962394,0.46772683,-0.31859177
2.0227385,2.598009,1.7818325,0.3029646,-0.7177137
3.2126052,3.722319,3.0255852,0.49455294,-0.7199415
0.9463607,0.70290375,1.6103473,0.02656962,0.7126901
2.089802,2.30242,0.39591902,0.32806227,-0.70114243
0.8711159,0.634817,0.85062563,0.038388893,0.35762852
3.0078363,4.4744844,3.273163,0.5,-0.7252566
2.6617723,2.3556879,3.4605968,0.5,0.6926703
3.073975,3.4275658,2.8609173,0.4969959,-0.6671743
2.1479228,2.5079777,0.41220564,0.36414656,-0.67166984
1.8860329,1.6814185,1.7115937,0.24448322,0.08882416
2.2981508,2.1471202,1.8536999,0.41550067,-0.39372703
2.4850135,2.5608277,2.640715,0.49022233,0.050823733
0.7238954,0.48882374,0.8059863,0.0058060167,0.6107862
1.5562351,1.9057745,2.048984,0.101951346,0.16109571
2.874282,2.6994529,4.0327272,0.5,0.72386026
1.9934703,2.3186913,2.4834723,0.29318815,0.19899751
1.2596724,0.42792815,1.4503886,0.05092479,0.7008469
3.2867775,3.0838978,3.7768252,0.49114746,0.6894389
1.2406347,1.2831603,1.0816714,0.043698657,-0.27569854
2.8051803,3.4620965,3.3643005,0.5,-0.09456121
2.8333542,2.0865889,0.7200518,0.5,-0.7589942
2.1719048,2.8147414,2.434069,0.35533246,-0.5159841
2.3384573,2.8751328,2.3801792,0.41429034,-0.5578962
0.81254274,0.21644488,0.87314695,0.010392219,0.656482
3.7959774,4.2527184,4.7372675,0.5,0.55538696
3.264434,2.9838605,2.992744,0.5,0.065103926
3.7154655,4.1910515,4.1431456,0.5,-0.04649629
2.2142785,2.705364,2.1164148,0.37640598,-0.6785236
1.6211778,2.277802,2.2436547,0.1224561,-0.09296307
2.550072,2.4593322,2.0908415,0.48738322,-0.4134747
3.0445805,0.7439222,3.0214837,0.4906567,0.72007316
1.4776788,2.4684072,1.21327,0.0643661,-0.70374566
2.0557687,2.1515138,2.9869432,0.32943106,0.6929814
0.94796133,1.0763649,0.6580133,0.032307524,-0.6981237
2.842127,3.3816411,0.27322963,0.49867457,-0.72816026
2.722581,1.5616169,2.2635567,0.48962817,0.7158285
0.8960333,0.52537376,0.772543,0.02084709,0.47079664
1.0089699,1.6205542,1.6007859,0.02423555,0.038056366
1.9240751,2.1955023,2.2416732,0.2730318,0.11160953
0.771502,0.85947454,0.7560949,0.0036964673,-0.18973966
1.9274164,1.5728599,2.5985508,0.25103542,0.73446435
2.5128937,2.694168,2.8717089,0.49315074,0.25693476
0.81724435,0.7388419,0.60308313,0.024608362,-0.24772194
1.3274978,0.63610554,0.43353617,0.06924306,-0.29604962
2.5575428,3.4323552,3.752163,0.4965958,0.37283972
2.444992,2.317839,2.524889,0.46734625,0.26683104
3.6542373,3.69784,2.6557422,0.49617973,-0.7018623
2.828378,2.160123,3.1620824,0.5,0.7013981
0.5773422,0.49661005,0.7658401,0.02402985,0.51508814
2.2802846,2.930283,3.1000173,0.404263,0.17635491
1.9232765,2.568062,2.6931684,0.2558552,0.14322287
2.6302326,2.7503343,2.621103,0.5,-0.106102444
2.7346346,2.7019095,2.4738753,0.5,-0.354578
1.4589636,1.63078,1.8998252,0.084644996,0.30133814
0.8910318,1.3367342,1.6392654,0.02285549,0.5002962
2.2737036,1.7179289,2.4677265,0.3883439,0.67775667
1.9257205,0.39921173,1.947906,0.2649406,0.6888726
2.6733735,0.52134275,2.436188,0.48532885,0.69328326
2.7610307,2.8818007,0.8406104,0.5,-0.70489526
2.5250125,2.6732411,2.6828191,0.4924761,-0.007849024
2.925854,2.7638998,0.35227895,0.5,-0.6942126
2.2654297,2.594073,1.9797186,0.40647954,-0.68986297
2.5367649,3.5463994,0.6026542,0.5,-0.7331795
0.9625626,1.8587213,1.035434,0.033409722,-0.68122214
2.7138138,0.39599693,2.7347248,0.5,0.6635518
2.6085994,2.6696682,2.9425602,0.48470238,0.36362424
1.8512424,2.739547,2.1990387,0.21698354,-0.64041567
2.5241334,3.062773,2.6869729,0.5,-0.38046053
0.63204885,1.1157545,0.26082832,0.0,-0.7020153
2.771236,2.0187118,2.9774468,0.49954033,0.70772856
2.797416,3.4772637,0.32393932,0.5,-0.71693563
2.1949227,2.2405746,2.5286756,0.37807047,0.39541453
0.7541086,1.0379971,1.0914751,0.0029065693,0.11508756
2.943746,2.7465272,3.219366,0.49101093,0.6253192
2.1847966,3.1850874,1.8472339,0.3624794,-0.7416431
1.8714175,0.9121122,3.382882,0.23275305,0.6999095
2.234096,3.3972394,2.6528609,0.386635,-0.7433652
0.96847844,1.252273,0.5177519,0.022816246,-0.68406415
2.7272167,2.8685095,3.293715,0.5,0.4904494
3.2738106,3.0194407,3.4802077,0.48119324,0.5374688
3.4558463,0.5087459,3.1062765,0.5,0.66779923
1.0223811,1.1356018,1.1315598,0.033460114,-0.0061584073
3.060501,3.3188872,2.7994194,0.49895048,-0.5429064
2.6549547,3.145769,0.53685427,0.5,-0.7147792
1.1252713,1.2233644,2.378635,0.06285693,0.70668113
2.3949003,2.870708,2.9691412,0.45311376,0.13887869
1.1409101,1.9171156,1.370658,0.058963146,-0.7374236
0.38033623,1.0250804,0.5550303,0.0025611215,-0.73963165
2.04494,2.5720425,0.7986053,0.30156362,-0.6931694
2.9209726,3.442307,3.047098,0.48762408,-0.4695119
2.562303,2.2232766,2.380822,0.5,0.19514109
1.733091,2.0429487,0.38470227,0.18355691,-0.730552
2.3186903,1.9431171,2.0595915,0.43431357,0.14932796
0.942492,1.6471211,1.7582386,0.026190115,0.21597157
2.4745638,0.8766287,2.717388,0.48017457,0.63749063
3.1179945,3.907823,3.4443152,0.5,-0.55265874
3.142857,3.9018738,3.118752,0.49624,-0.71386456
2.3499293,2.8123443,1.9363432,0.44141456,-0.70227575
1.7849529,1.634197,1.6293578,0.19979553,0.0084392065
0.8079658,0.21292314,1.1762202,0.019825174,0.6718334
3.479684,3.919387,3.2448084,0.48700953,-0.7070481
2.688849,2.8095307,2.417029,0.48357806,-0.5142598
1.5835614,2.1634917,2.0840807,0.11957785,-0.13502553
3.0373812,3.6120813,3.5141866,0.5,-0.07213878
1.0830663,1.5713371,0.68546,0.027000327,-0.69750315
2.0502565,2.4386048,2.8789732,0.32886449,0.4782159
2.66625,2.0259223,3.5119538,0.5,0.743039
4.1452813,4.922366,4.1602798,0.5,-0.78661585
3.0798473,2.6653435,2.3711247,0.5,-0.35161355
2.2813473,2.193704,1.8257912,0.41709548,-0.49552378
0.76790386,0.82646924,0.67718476,0.0,-0.3044649
0.99594176,1.174523,1.751444,0.022741394,0.6860542
3.4432685,3.4770458,3.71601,0.48833257,0.3479868
2.4288924,2.3984947,1.9905986,0.4739795,-0.489273
2.485205,2.9790008,3.3727841,0.5,0.4180331
2.1219535,1.6525415,2.2939956,0.3308616,0.7002303
2.9844017,0.49688923,3.6219347,0.5,0.6902663
3.2489092,2.31628,3.2221065,0.5,0.69705874
1.4315246,1.0879202,0.6816319,0.07866349,-0.5106856
2.297622,1.7531353,1.6880317,0.42939332,-0.09757503
1.8546574,2.4472969,1.586757,0.23876853,-0.7347792
2.6701376,0.39851007,3.0483615,0.4893577,0.69161814
1.8175373,1.6425354,2.251996,0.21745493,0.712332
1.8261559,0.41455102,2.9481752,0.2450692,0.70380616
3.2365012,0.84138626,3.4680429,0.5,0.7407252
0.55600697,0.23616655,0.6905329,0.014572037,0.72198915
2.478015,0.6577363,2.2558548,0.4907617,0.6891638
2.8471181,3.4588008,3.5518312,0.5,0.11903654
3.1735623,2.7009199,4.066464,0.4997061,0.67765915
2.365067,1.8284303,2.2044125,0.43315306,0.48891288
2.3876386,1.7214473,0.2,0.44868952,-0.7005789
2.340892,2.5951424,2.7448323,0.43307304,0.16079548
3.279596,2.4137452,3.04365,0.5,0.73450774
2.516642,1.861161,1.8576844,0.5,0.031225322
2.4250283,2.8065102,2.6739388,0.4643192,-0.18940914
0.584503,1.5149807,1.0579723,0.015325742,-0.6587376
3.690295,0.96380305,3.4795349,0.5,0.6737386
2.6157422,2.660207,2.8741739,0.5,0.22673467
2.416463,3.7142966,3.6310413,0.48145002,-0.11268909
3.796919,3.6690736,4.5158367,0.4866856,0.663898
3.4007628,3.3166528,3.8277912,0.48914567,0.6199153
3.3121445,3.2586663,3.2484093,0.49614465,-0.039886177
2.3097234,3.1954992,0.4183629,0.41712126,-0.6958803
2.2517,2.684348,1.6463617,0.4231405,-0.6832652
1.4717109,0.7085888,1.6975104,0.057766892,0.7567125
3.164327,3.530713,0.69545466,0.5,-0.72834474
2.6501431,2.6345608,3.2196474,0.5,0.7522866
1.5439655,1.523722,0.57816,0.08527698,-0.707789
3.3369021,3.032435,4.7910876,0.5,0.68806684
0.88607144,0.87364995,0.8904949,0.020957503,0.07850479
0.8705347,1.2096064,1.9189132,0.008449504,0.7180878
1.7341797,1.7815336,2.2981496,0.16147915,0.6709448
2.8655007,3.4723163,3.2568955,0.5,-0.2589461
2.9622905,3.2281454,3.196299,0.5,-0.026035475
2.6069105,2.8771555,2.777947,0.4774403,-0.15979777
2.3079371,2.144789,2.3431036,0.4256653,0.23376116
4.156283,3.793522,0.4434813,0.5,-0.7115671
1.863349,1.5608771,1.9611503,0.2383037,0.5099829
1.1319522,1.801489,0.7148782,0.052542903,-0.71747154
2.990271,2.3931332,3.500125,0.49237546,0.6864041
2.0532298,2.2896628,2.0052571,0.30425873,-0.2955113
1.9591978,0.40071416,1.903679,0.26648617,0.6928071
3.2469573,3.1373525,3.6259882,0.5,0.5748992
2.9451866,3.1394703,3.3542027,0.4850862,0.28271294
0.94218206,1.2458717,0.9070809,0.03793792,-0.6013945
0.9984497,0.6187848,0.65470093,0.030165292,0.04057362
2.1359572,2.049205,2.5170448,0.3386307,0.55753094
2.5215163,2.603315,2.9158673,0.5,0.4274028
2.4916668,2.678165,2.7908752,0.49870542,0.14195356
3.0627182,2.6212504,3.2780247,0.5,0.74638516
2.8820944,3.0506701,3.521345,0.5,0.5354765
2.041201,2.2810242,0.5775219,0.29469627,-0.67447865
3.0779383,3.7608204,2.8366466,0.4885467,-0.71008056
1.5954206,1.7414005,1.508867,0.12714578,-0.28717506
2.365756,2.3332639,2.5225198,0.4372232,0.22669363
0.9998577,1.5863279,0.9517387,0.028471945,-0.64224476
2.0995555,2.8071153,1.986147,0.34107333,-0.728926
1.4344351,0.45133328,2.1300807,0.08967514,0.6458871
1.6910645,1.6758413,1.8812562,0.16044754,0.23355561
0.7018115,0.2146088,1.271532,0.0,0.71445346
2.9035926,2.5877562,3.0955963,0.48161384,0.6115789
2.3212779,3.1948562,2.227732,0.41701487,-0.69613487
2.6592224,2.3135574,3.446343,0.5,0.6977005
1.0812258,1.4139078,0.9743578,0.046936262,-0.6672778
3.018252,3.3635523,3.364738,0.5,0.0372309
2.2852292,2.2079625,2.9071805,0.3960809,0.74610674
0.834644,0.76770455,0.94690484,0.03414797,0.30635744
2.9016461,3.6544545,3.0422847,0.48966154,-0.7524624
0.87269616,0.82982796,0.59726477,0.018020887,-0.45530885
2.6524453,3.875588,2.8219655,0.5,-0.73412275
2.8303354,1.6542697,2.625761,0.5,0.6852291
2.8744345,3.2161558,2.8450394,0.49788928,-0.47007835
2.5231235,1.4766347,2.6007028,0.4933015,0.6951534
2.2552197,2.343005,2.1588814,0.39944652,-0.17228536
2.989796,3.0918908,3.3461747,0.4909075,0.3268959
2.792228,2.3280842,3.5739102,0.5,0.66561437
0.9162561,0.87672377,1.6071625,0.027392602,0.68719894
0.6946191,0.74728066,0.31064415,0.005965124,-0.78939766
2.353193,2.6569765,2.4964888,0.43127114,-0.19709839
2.5163746,2.1047132,3.7653513,0.5,0.6864948
3.3087,3.0940096,3.536348,0.496677,0.5601666
0.98768955,0.5724578,1.0316832,0.03262375,0.7316899
1.1288261,1.6325682,1.9842557,0.04626809,0.51697755
2.769972,4.265853,2.9802117,0.49904066,-0.69661826
2.6239238,2.8631365,3.4117258,0.5,0.65171665
0.8142761,1.3059443,0.97851914,0.008770795,-0.554324
1.1020192,1.1436182,1.5268178,0.035461318,0.5877951
2.684193,3.5699332,2.547132,0.5,-0.69098026
1.1902877,0.8375285,1.8144155,0.047985043,0.75001293
2.6230052,2.720171,2.817949,0.5,0.13299964
2.9147556,3.155292,3.2088308,0.4947514,0.054671995
1.3775449,1.7511246,2.0611053,0.04674831,0.38744375
2.7116852,3.346732,3.1684504,0.49069723,-0.21587037
2.286128,2.301585,2.3722908,0.39618373,0.09525868
1.1211759,1.7685771,0.6230938,0.038810577,-0.7180704
1.555406,0.9826213,1.6714652,0.12518165,0.7190909
3.074956,3.373499,3.073528,0.5,-0.36651233
2.2632742,1.4966936,2.4904253,0.393984,0.73374975
0.90719026,0.9999113,1.0218877,0.035970405,0.0226888
2.6776052,4.080056,3.4835436,0.5,-0.6689769
1.0338515,1.3539811,1.4952159,0.023656143,0.24070196
2.1909227,2.0743268,2.21512,0.36861804,0.22029756
2.1609156,2.591657,2.6956217,0.36433953,0.15327916
2.2122822,2.397471,3.2039695,0.37556234,0.7235643
0.77877766,0.362107,0.6400083,0.006955559,0.45663312
1.0088218,0.28256768,1.1248515,0.03536278,0.642886
3.458245,3.5786989,3.302832,0.5,-0.3800126
2.712415,2.741375,3.029487,0.4988152,0.3528922
0.52816206,0.5890506,1.7584827,0.0,0.7213952
1.9880459,2.523109,2.74332,0.27857852,0.24424587
2.393389,3.2327652,2.4012938,0.48112503,-0.6693898
0.884952,1.3877513,1.4249992,0.0,0.06995011
0.61496496,0.61152947,1.4033833,0.012446353,0.68578213
0.95173186,1.0481642,0.31827635,0.023670215,-0.6335889
2.2434623,2.9101994,1.967896,0.39362064,-0.70997286
2.6171494,3.2652292,3.319342,0.5,0.08885119
0.691783,1.0649562,0.2,0.008571201,-0.7060548
2.1964903,2.168494,2.5037997,0.3671077,0.43533555
2.7315571,3.4632103,3.316157,0.5,-0.22482169
1.0099329,1.8375443,1.3375823,0.05041592,-0.7047988
2.1453629,2.735595,2.3047385,0.3390178,-0.48642838
0.75973123,2.4227521,1.6332734,0.024819508,-0.718373
2.6185875,3.2398438,3.2761972,0.48923567,-0.00999209
0.8832359,1.7062781,2.155827,0.0,0.7074275
3.0409074,0.87382054,2.6724288,0.48534462,0.65927935
3.546596,3.649119,3.3949642,0.5,-0.3209189
1.1699355,0.83104753,1.3933157,0.049199596,0.6391303
3.1505241,2.9355927,3.9261384,0.5,0.6604525
1.9635218,0.59524006,2.5397794,0.28378773,0.69061106
3.0642557,2.6516767,3.0538855,0.5,0.47788414
0.8150367,0.8416398,0.55940944,0.024026437,-0.50601447
0.77747786,1.0962723,0.4653005,0.006939744,-0.68454343
3.620741,4.365753,4.6676536,0.5,0.3575598
2.2948816,1.8479242,2.4229681,0.40442312,0.69202125
2.5414925,3.174893,0.6904038,0.49510464,-0.6769785
0.8403739,1.2759081,0.56734157,0.008284005,-0.70742095
0.93360925,1.291535,1.1337721,0.0100490395,-0.27720755
0.8305416,0.6282701,0.6461937,0.0,0.050497517
2.6259387,0.5981856,2.9292557,0.49556884,0.67827946
2.3099086,0.7500052,2.3414552,0.4312471,0.68720573
0.8794703,0.8017604,0.75446343,0.018709114,-0.08952427
0.8623559,1.1193161,1.6469686,0.0017280618,0.7085213
2.4871447,2.8561075,3.3857214,0.494899,0.6410257
1.8595351,2.25309,2.3805518,0.21427901,0.16003245
1.4486635,1.6471924,0.70722634,0.07921176,-0.73520136
2.26311,2.6765888,1.8924923,0.39825472,-0.644958
1.7557209,2.230274,1.4885079,0.19031881,-0.7415849
2.1180801,2.2909522,3.2552705,0.35091057,0.7118584
2.3430874,3.4866674,3.0985754,0.44033143,-0.43643895
1.0393302,1.409274,1.92697,0.034917288,0.72354764
2.1840532,2.2410486,2.062885,0.37181592,-0.21573079
0.9961468,1.7405744,0.3369855,0.020266112,-0.7140367
1.8305558,1.012172,2.5542352,0.23427087,0.69480044
3.3377836,2.9846332,2.3661108,0.4972066,-0.6822383
2.497129,2.6234589,2.7490032,0.4963162,0.16804078
2.2004046,1.8052849,2.6804132,0.39124405,0.6816877
2.9241793,3.5526452,2.585801,0.49687153,-0.69239634
2.281126,2.8832867,3.309049,0.40871587,0.5162009
1.4585104,2.4388871,0.2,0.08392413,-0.7309072
1.1115745,1.029147,1.4931257,0.0488064,0.77787393
1.2151995,1.7446615,1.7637961,0.060527083,0.04337785
2.4303243,3.3371382,2.7555215,0.46357942,-0.7161116
2.6821742,3.0265784,2.658741,0.49180385,-0.37027162
3.4823775,4.119351,3.2191987,0.5,-0.74167997
2.3746047,2.5262458,2.721597,0.44857386,0.23674658
4.179523,0.46949443,4.732368,0.5,0.7105109
3.087116,2.9042032,3.7574193,0.4971847,0.7109682
1.1849158,0.6098988,0.5262994,0.05425852,-0.12659405
0.88325095,0.87962765,1.1209927,0.01891402,0.42788455
0.9955698,1.1506139,0.7137253,0.03763864,-0.67328686
1.9391311,2.3544688,2.667491,0.2604881,0.33972436
0.6514886,1.0780509,0.3823517,0.007723936,-0.67756784
2.2972987,2.1295404,2.789923,0.411442,0.6604847
1.893306,1.6308635,2.5882485,0.25531277,0.727874
1.3555369,2.3424835,1.9815671,0.08484543,-0.47929955
0.86582226,0.9299754,0.32547006,0.02336116,-0.6690578
1.4709334,0.69184244,0.92598957,0.067857556,0.2928523
3.2360282,3.5615823,2.9198835,0.4983822,-0.680496
1.2056602,0.9015644,0.85350484,0.050844546,-0.04408925
2.412444,2.228784,3.6480677,0.47453046,0.70143306
1.777428,2.3931499,2.1957507,0.17921674,-0.19853349
2.9253287,2.5942512,2.5297935,0.49754888,-0.09702002
0.71397734,0.32467756,0.49687195,0.0,0.25975072
1.7319708,1.7059495,0.29616833,0.16691886,-0.7067246
3.6915033,4.0550447,4.5734177,0.5,0.62992996
1.063074,2.0563993,0.68183553,0.042446066,-0.6779453
1.6944991,2.067439,2.3072286,0.15748927,0.2753665
2.7825625,3.180772,2.8197155,0.48022255,-0.41668457
2.5904822,0.83063745,2.662484,0.5,0.7094869
3.5135956,3.7627578,3.002202,0.5,-0.6819516
0.78171426,0.47876453,0.83066744,0.011288865,0.6069243
2.366028,3.02585,2.064382,0.4489371,-0.6848636
2.7768188,3.062363,3.5957265,0.4914496,0.60696983
2.746103,0.9933937,2.423293,0.5,0.69848514
2.7653334,3.1705177,0.83943003,0.5,-0.6960785
0.8103912,0.8157868,0.861044,0.008262284,0.07770899
2.7014885,0.67066973,2.011002,0.5,0.7111971
0.8113787,0.53095376,0.67898643,0.0105725415,0.24382056
3.0623443,4.13268,2.7224262,0.48693603,-0.67158353
2.4089735,2.4737144,0.705807,0.45764938,-0.7193766
3.0837831,3.1251023,2.6532238,0.5,-0.5376745
3.4421504,3.980131,3.329369,0.5,-0.6744546
2.2126625,2.41857,2.5133128,0.37994266,0.15224889
1.1252168,0.2083327,0.66789114,0.049119182,0.680069
2.1751733,3.3784533,3.0130663,0.36823982,-0.41987446
2.180955,2.1728458,2.4032283,0.357263,0.2756446
2.9181356,2.6901937,3.1297538,0.5,0.51097876
2.8261576,2.9563375,2.2778947,0.49171174,-0.6843247
2.6092544,2.5846286,2.6085124,0.5,-0.011889627
1.1393579,0.9375857,1.1338671,0.04807676,0.27161658
2.7251167,3.046923,2.267534,0.5,-0.76241916
3.8025875,3.0915675,4.425465,0.5,0.7529762
2.6096828,3.134904,2.7266505,0.49372187,-0.5195379
2.085377,2.7813215,1.8070084,0.34755597,-0.7208701
2.257507,1.6314759,2.2665114,0.40157273,0.7253734
2.8728304,3.2955272,3.0281804,0.49329853,-0.33589268
2.9114716,2.6572,4.0167937,0.49738708,0.6587141
1.2620192,1.2188097,1.5856239,0.06288222,0.49516323
2.136197,2.4407816,1.8052171,0.35361212,-0.65160024
3.226441,3.8915305,3.0370328,0.49865946,-0.7041251
3.8078308,0.3388564,3.6266391,0.49466997,0.7040458
2.5833566,2.1340926,3.086646,0.5,0.7063588
3.6735113,3.894646,4.077815,0.49243173,0.20352057
3.1232598,3.5355775,3.510461,0.49285406,-0.03113639
0.9346707,0.73083717,0.5340669,0.015366062,-0.31975567
2.9193368,2.5957382,2.2195773,0.49294576,-0.49797997
2.6944,2.872994,3.1131701,0.48909035,0.28062412
3.0698707,3.5715637,2.852918,0.49287462,-0.7352898
2.2867696,2.298203,2.7287195,0.40389875,0.55005103
2.8853667,3.183391,2.356787,0.49988073,-0.6962943
3.4314842,3.003315,3.518548,0.4917932,0.567426
3.049986,3.4725366,3.583796,0.5,0.11545961
2.5603776,1.832861,3.676209,0.49626905,0.7018649
0.8149582,1.0922595,0.7098576,0.0,-0.7194018
0.959457,1.6347233,1.8464211,0.026838472,0.36185235
3.0181322,3.1401212,3.7076838,0.5,0.755565
3.0524998,3.5202212,3.0399427,0.4947608,-0.56772333
0.899967,1.2579794,1.0823913,0.022618275,-0.3363501
0.70470816,0.47932738,0.57292074,0.0067618126,0.14784376
0.9055506,0.41826445,0.43290097,0.029122509,0.047117233
2.8707564,2.866126,2.3040736,0.499197,-0.6803187
3.0472577,0.4792516,2.77035,0.5,0.66578746
3.040618,2.8450375,1.9244965,0.5,-0.7094465
1.4347208,1.0083427,1.6718645,0.07257866,0.7450681
2.4640725,1.282585,3.445596,0.48669508,0.7504916
1.847045,2.9314601,2.1718488,0.23803705,-0.71618116
1.7948321,0.45643678,1.9519867,0.20954563,0.6765656
2.6356983,0.6285321,2.5016303,0.47852737,0.7056802
3.413611,2.8733752,4.5599155,0.493909,0.681557
2.6534066,3.6182742,3.284324,0.48946044,-0.4057502
3.7579508,2.8811042,3.2816892,0.5,0.50126296
2.488438,3.2679572,3.738661,0.4951544,0.5492578
2.596033,3.1345317,3.525825,0.48911119,0.421439
2.0014389,2.0218256,1.6876538,0.2979799,-0.40455598
0.7638685,1.679975,1.3811344,0.027513718,-0.5290495
1.9396336,1.7416312,1.9716951,0.2636879,0.27056548
1.6980163,2.2632506,0.9435111,0.15930596,-0.63835716
1.9336975,0.8371198,1.5926218,0.26146543,0.6981052
2.642535,2.2044938,3.226433,0.49689853,0.74308735
2.163829,3.4003055,2.6610498,0.35983747,-0.6939417
2.3224857,2.1927335,3.8452687,0.41644868,0.68465686
2.8767874,2.8538733,3.1199782,0.49183393,0.35003132
1.6376624,2.2757332,1.0169575,0.15145093,-0.80793303
2.673782,3.4366362,2.3342433,0.49797887,-0.6583967
3.1090484,2.6392865,3.056562,0.4990734,0.4988305
3.2590194,4.1205196,0.377503,0.5,-0.69172806
2.893747,3.084681,2.9294033,0.4893968,-0.16029081
2.5977685,2.7046933,2.8923423,0.48560113,0.1881489
2.189901,2.3921602,0.54219806,0.3846913,-0.6806427
2.5544682,2.6967616,2.9077742,0.5,0.28403106
0.9069014,0.35226387,0.23362367,0.022084558,-0.23743819
1.3761348,1.7580025,1.6160091,0.07050063,-0.23554571
2.5595465,2.8053544,1.811096,0.4915427,-0.652724
2.9104064,2.9424286,2.7313068,0.49577808,-0.24851531
2.6473966,2.9294827,3.621152,0.5,0.67912936
2.7464666,2.844725,1.8649048,0.5,-0.65779257
0.8125881,0.37024432,1.9230251,0.009684591,0.68861175
2.3325858,0.6868039,2.8287861,0.42999607,0.7055333
1.23622,1.3547481,1.5643355,0.038156576,0.3044003
1.40734,1.2669663,0.9282904,0.07227756,-0.4229222
2.8356044,3.520911,3.105608,0.49095663,-0.45526695
0.91214323,0.59088916,0.8075404,0.030471856,0.38450387
1.4415677,2.1466763,1.2180042,0.0844937,-0.6532235
0.9877055,1.0477754,0.79042876,0.024825973,-0.4351984
2.5796466,3.2663772,3.933389,0.4990173,0.68470323
0.5530683,1.3963262,1.0343529,0.016381055,-0.65083593
3.0594983,3.2131486,3.0691655,0.49178708,-0.1767133
3.0647993,3.644038,3.4908233,0.5,-0.18048015
1.264845,1.7751157,1.2485085,0.071160235,-0.7017785
2.8238878,3.119684,0.6202249,0.4946517,-0.7041089
3.0285501,3.5218847,2.6068633,0.5,-0.6724006
0.3692239,0.396046,0.9609596,0.0,0.68509257
2.9063087,3.917244,2.2607362,0.49266994,-0.6345735
1.2050655,0.38310748,1.2181921,0.0494541,0.7049224
2.0489159,1.8067995,2.7817876,0.30664006,0.74636924
3.4546576,3.4050243,4.5086527,0.48975238,0.68901867
2.410725,3.1106236,1.4270281,0.4629737,-0.69337046
3.9070513,3.6468942,0.9045972,0.5,-0.726815
0.43420982,1.5824677,0.6110478,0.0,-0.69841146
3.544247,4.3871207,4.0432377,0.48364758,-0.43311667
2.2327201,1.8339487,2.0797029,0.39901364,0.2816706
3.0841641,3.666036,3.240316,0.49835235,-0.55739397
2.4087126,2.1265075,2.6114872,0.44643655,0.62133557
2.6901772,2.4613407,2.7810483,0.4997732,0.41124094
1.1044259,1.0120373,1.2651498,0.044405196,0.39403436
0.8884639,0.7940044,1.139775,0.011767301,0.6276533
0.8545234,1.5180099,1.898176,0.012724668,0.6261724
2.4449463,2.7100625,2.5463,0.5,-0.18655817
2.6897948,3.0826154,3.4998052,0.49327752,0.48063827
1.0634753,1.2103479,1.2450807,0.031594962,0.11266607
2.3816228,0.8928239,2.207398,0.43737376,0.7303667
3.3752246,3.3794813,3.3625147,0.48032334,-0.056025952
3.008679,3.8051133,2.356856,0.49409753,-0.7303989
3.151031,3.1149507,2.8314936,0.48978248,-0.404881
1.0060725,0.37402666,0.7519249,0.030888658,0.5705738
1.0857676,0.47715756,1.3142895,0.049562655,0.65831214
0.605713,0.81943715,1.5828317,0.0,0.63701963
2.1829958,2.600456,2.1664677,0.38058904,-0.48566473
0.7440563,1.5023006,0.43217486,0.0,-0.68194795
3.167794,3.8602386,3.8497562,0.48875397,-0.016008185
2.9926646,3.3429654,3.2826688,0.5,-0.075502634
2.3645551,2.6099412,0.2855453,0.43710268,-0.64838046
2.7794266,2.4736912,3.4714406,0.5,0.67706794
3.4690828,3.5439718,3.9107046,0.5,0.4228188
2.8808167,4.1862483,3.2289712,0.5,-0.6640625
1.7220988,1.5210512,2.4218886,0.17864758,0.7089711
2.2200844,2.1387954,2.943915,0.37741262,0.7303813
0.8804438,0.3725974,1.5602454,0.030623684,0.6522544
2.152799,1.957534,2.7977545,0.36165768,0.67593914
1.3089036,0.9310166,1.4844337,0.062071048,0.7140448
3.7447598,3.3175063,3.5267103,0.49606425,0.23729034
1.3219545,1.6704311,1.5182198,0.054589845,-0.22298592
2.104216,2.708007,2.1428242,0.34114125,-0.63618654
1.4558637,1.8482863,0.5198182,0.080493964,-0.6846661
3.1300242,0.6020605,4.1319146,0.47425866,0.6892923
2.5754747,1.8910205,2.7063339,0.49311554,0.6782698
2.3618202,1.5704595,2.099177,0.4402449,0.61026806
2.476867,2.0287879,3.2842205,0.5,0.71199626
2.9339178,2.621851,3.2398882,0.4835743,0.71335596
2.3021424,2.2365856,0.5734786,0.41182023,-0.7052831
1.3871204,1.7192233,1.3818258,0.074853666,-0.4232633
1.8113863,1.8726088,2.2971988,0.21983601,0.5548541
1.7645496,2.7836428,2.3505495,0.19556753,-0.49439088
2.717013,4.1153,2.9991446,0.5,-0.72839653
3.1553411,3.2843945,3.030539,0.49736497,-0.26794103
3.5301163,2.7351336,0.51090616,0.5,-0.7543346
1.6456709,1.5160924,2.0751882,0.14595695,0.6177027
2.9632883,3.0057774,2.5954776,0.49270535,-0.47983125
2.260988,0.91892713,3.6599836,0.40356606,0.6771764
4.3388762,3.8810377,5.3416348,0.5,0.71507734
3.3956573,2.8129098,3.684619,0.48085767,0.6961742
3.677208,3.987494,4.274971,0.5,0.36074695
3.1168706,3.0016415,3.2802114,0.5,0.35373583
2.8961172,2.727325,2.7431033,0.5,-0.06690177
0.58069855,0.3921849,1.3125724,0.0,0.68374705
2.2486527,2.2952123,2.013958,0.40584046,-0.3137531
2.1684742,0.42487928,2.51351,0.36400688,0.69333
0.6474182,0.2,0.51632893,0.0,0.6327368
3.5374835,3.7733486,3.3229237,0.48831806,-0.54882526
2.3886435,2.933016,2.668811,0.47365832,-0.37231684
2.1762683,2.6156645,2.9188206,0.3729695,0.37590906
0.8577816,2.140533,1.1874352,0.025646754,-0.71135515
1.094878,0.9814364,1.2419004,0.040761624,0.35769564
3.3683648,3.4323575,2.6517906,0.49498117,-0.67512
1.0070009,1.7677946,0.32462156,0.03755837,-0.6846801
3.4253411,3.6469934,2.8580399,0.5,-0.73129195
2.8631816,3.7990198,3.0577638,0.498927,-0.7508802
2.6035323,3.2670407,2.8972754,0.48713225,-0.4077964
3.3687356,3.6675637,3.5573025,0.49958813,-0.10560389
1.9515918,2.190253,2.1626961,0.26895863,-0.040187597
0.7633284,0.85662705,0.36383262,0.017423853,-0.71885955
3.5913634,3.7632396,4.1465373,0.5,0.45063758
1.938836,1.756577,0.54575586,0.26136753,-0.7058897
2.5939422,3.1207778,3.2303436,0.49481073,0.17553394
2.972652,4.1663756,1.9473778,0.4869929,-0.668334
2.72849,1.9840672,2.3259623,0.5,0.39600396
0.9824046,1.7280548,1.3789912,0.022245213,-0.646629
3.5088203,3.814417,3.757826,0.49972716,-0.016627884
2.8684802,0.44461203,2.6452503,0.49509743,0.6560491
3.392532,3.3561378,3.8382318,0.5,0.5213073
0.7046146,0.7889535,1.2894505,0.006099811,0.7073964
0.49904865,1.2963603,0.31938562,0.0,-0.680491
4.077734,4.1928945,3.926453,0.49169424,-0.30502898
3.7762656,4.40421,3.1504505,0.5,-0.7345533
1.7763468,1.7319669,1.9726641,0.20005485,0.31147328
0.9565483,1.0921836,1.1332499,0.004208632,0.09656974
1.1793311,1.6277617,0.77632934,0.040515114,-0.7189253
0.98015475,1.4192019,0.959846,0.018721145,-0.7489698
3.3451328,3.9038854,3.5228765,0.5,-0.47382578
3.722931,3.731998,4.343021,0.495616,0.7032348
2.64349,2.7822604,2.6343944,0.5,-0.17904352
3.271273,3.9872026,3.0238376,0.5,-0.7635755
3.0295012,3.9295657,3.9796133,0.5,-0.011869364
2.5784333,2.319396,3.168685,0.4923239,0.67552155
1.6201981,2.3865685,1.090824,0.13094044,-0.70204014
0.7317896,0.5493,1.2848738,0.0,0.7392236
1.041723,1.0552316,0.98294544,0.045630854,-0.17353676
1.0494617,1.4459435,1.8101871,0.032867927,0.5337082
0.8022357,0.696436,0.7872365,0.0,0.16914764
3.793526,3.9025662,3.070451,0.5,-0.6737532
2.7262008,2.0049798,2.5578535,0.49772456,0.6708442
1.9562933,0.6594935,1.6832763,0.28437296,0.6630167
1.7768419,1.8441855,1.6547688,0.20184708,-0.21743426
2.9792325,3.1699293,2.0187266,0.4988334,-0.7119965
3.006992,2.9535549,3.163438,0.5,0.3003353
0.7090679,1.3192875,0.2,0.011936816,-0.65880215
2.8515656,3.153857,3.0014083,0.49763015,-0.21421523
0.8842146,0.5858872,0.5805831,0.026884967,0.059418928
0.70592123,0.9377352,0.38484138,0.011284532,-0.7174851
0.8532292,0.5015359,1.3141366,0.0047725174,0.65602493
3.206299,3.395315,3.6815681,0.49761036,0.33181334
1.0819297,0.2281489,0.81930625,0.028990285,0.6502589
0.37782997,0.64765614,0.83539164,0.018844163,0.38191393
0.7054328,1.1728554,0.2,0.009682441,-0.7148244
1.7400535,2.5123434,0.48611024,0.18653248,-0.66612303
2.6387258,2.4395063,3.4058404,0.4966212,0.681917
0.91160315,0.9529744,1.0241482,0.017080154,0.09412759
3.2117102,2.516973,3.1344578,0.48103476,0.65347326
2.9667583,2.9329045,2.0037835,0.5,-0.66982204
2.3010678,2.2192733,2.488523,0.40967807,0.311788
2.15729,2.679022,2.646678,0.36335054,-0.025560882
2.6582167,3.0336645,2.940059,0.5,-0.11798222
0.951803,1.8262044,1.0893401,0.03141178,-0.69805574
0.70826274,0.67996776,0.21831784,0.0,-0.71376276
1.0607276,0.79079366,1.246297,0.039209187,0.7024596
2.381791,2.946998,2.1632671,0.46317276,-0.6860806
3.8254972,5.177894,4.69895,0.5,-0.56540257
3.5164042,3.977344,4.0258574,0.5,0.093510516
2.0543242,0.30634898,2.4386513,0.3092603,0.65464365
3.4511817,3.767697,0.6324212,0.49808076,-0.66408676
0.995426,1.424783,0.7030966,0.024426796,-0.73630536
0.5181494,1.3607467,0.2878241,0.0,-0.6952057
2.3983858,2.4047742,3.5814033,0.44130784,0.6979413
2.5639372,2.473147,2.3144736,0.5,-0.14432113
2.9980016,4.448205,3.197015,0.49948618,-0.6951271
2.6601517,2.307559,2.8898277,0.48141602,0.6724034
2.956001,3.6205947,3.177747,0.48786893,-0.453853
2.363775,0.9620827,2.666477,0.43907365,0.6636974
2.8529391,3.1763098,0.5156573,0.5,-0.66209346
2.6392348,2.2366378,2.972141,0.5,0.7184095
1.185537,2.7229059,1.6120411,0.047244094,-0.70529467
2.9022608,3.1821084,2.881547,0.5,-0.3515567
2.6785104,2.6581101,2.78899,0.49918735,0.15923129
2.1793165,1.7141895,2.6002645,0.36160102,0.71142036
2.3503742,1.5697486,3.2660499,0.45643422,0.68059516
2.3506525,2.8643265,3.2241144,0.43432587,0.48232424
1.2074351,0.99795294,0.72496957,0.048776396,-0.34856462
0.8280528,0.8566601,0.23593475,0.022637758,-0.72135013
3.8519218,3.7752085,5.0666738,0.5,0.728499
0.9242245,1.3819958,0.9414422,0.029363915,-0.7454399
2.939277,3.2857227,2.8524992,0.4979,-0.5077525
3.1601639,3.694599,3.1044574,0.5,-0.70898366
2.4631917,0.44609785,2.0255318,0.48053566,0.7179534
0.72032523,0.5947076,0.5813402,0.0035997175,-0.015972277
3.5993505,3.1287935,3.4897857,0.4922057,0.44946188
1.8075272,1.948686,1.7310953,0.19436575,-0.2957437
2.6580274,3.1565182,0.60989064,0.4736709,-0.6798294
3.7690468,3.9875503,4.407408,0.4817282,0.51054925
1.0531648,0.31978908,1.2097086,0.032003354,0.773323
2.5535758,0.6867223,2.853249,0.5,0.6827742
2.2994723,2.0136428,2.6285305,0.42383152,0.67631966
3.2669005,3.4637613,3.1712446,0.5,-0.3311939
0.5209022,1.1960644,0.30717364,0.0014983556,-0.6850913
2.7051811,1.7076101,2.132129,0.5,0.47391543
2.5974226,3.4905298,3.1425571,0.4970872,-0.3971329
1.5544752,1.2932538,1.7521478,0.11792339,0.5249756
3.4541836,4.107176,4.262178,0.5,0.21488214
0.9188189,1.5171956,1.278631,0.012625464,-0.44364193
2.541797,2.554541,3.508276,0.48020688,0.7466706
3.223715,3.5526793,3.1625993,0.49367887,-0.45990735
2.7470474,2.5902276,2.42066,0.5,-0.2490164
3.1814435,2.5457098,4.33231,0.47922006,0.6785978
3.0152216,3.7177227,3.7096517,0.4955643,-0.01539212
1.0459797,0.92794114,0.24095231,0.031407833,-0.7189518
2.7819617,3.8434432,3.2241688,0.47863936,-0.69824165
1.9055599,2.5594428,2.5123258,0.24437115,-0.036641233
2.490703,0.41485593,2.5659332,0.49169588,0.6798135
3.2798672,3.739396,2.8420107,0.49046078,-0.6797436
2.0799415,2.5134819,2.1408584,0.32753244,-0.42033416
2.1584153,3.246688,2.4727933,0.3937895,-0.66609377
2.0929422,2.0127337,1.9258481,0.33614257,-0.1381165
2.6757436,2.844382,3.2078524,0.5,0.44699448
0.9602849,1.3696432,0.3301264,0.02080307,-0.71681714
2.983373,3.1088467,3.195664,0.49772713,0.09163995
1.2685244,0.81221545,2.4528403,0.075537875,0.7079153
2.9943254,3.7180536,3.509679,0.5,-0.24209122
2.3462644,3.3253887,3.286071,0.43107527,-0.09343269
2.8937259,3.2032948,3.0100925,0.5,-0.24187112
2.5292747,2.0641997,2.8672483,0.49620214,0.6856277
2.009311,2.2153096,2.02756,0.3018251,-0.22062083
1.2511795,1.0520301,1.2330754,0.051930193,0.27829283
0.84743583,0.8855619,1.2704208,0.01831935,0.7014599
2.762002,3.0632186,2.5667334,0.5,-0.60268545
1.1093997,1.6663442,1.6867778,0.0486957,0.0017452021
0.47295704,1.4292462,0.87568235,0.011233802,-0.6908666
3.0530024,3.5420353,2.6190407,0.4978228,-0.69042325
3.2381957,2.9731796,3.9771292,0.497374,0.68706405
2.9240212,3.4989989,4.227114,0.4760397,0.63630956
2.1861427,2.2650774,2.8318343,0.3770598,0.6701178
2.1217465,0.473881,1.3728474,0.33264327,0.6453247
2.164586,2.3803442,3.603002,0.35460225,0.66330576
0.935067,1.2217963,0.21469878,0.024091225,-0.6721323
2.1279151,2.8207407,1.4495845,0.35704938,-0.7208868
1.1203167,1.5697086,0.42196426,0.045222104,-0.7178418
3.0139515,2.549257,3.0320148,0.48828232,0.56206155
3.387163,2.752101,2.5691085,0.5,-0.17263572
1.0089225,1.543173,0.2140741,0.02309741,-0.69270164
2.920658,3.4069843,2.7626562,0.5,-0.72682655
1.6864256,2.566642,0.7947276,0.15137585,-0.68463767
3.0260754,3.089855,3.021836,0.5,-0.10281149
2.6466763,2.9866557,0.5919866,0.5,-0.63900256
2.3664813,0.20918679,3.2856312,0.46283257,0.67212975
3.3553734,2.9035037,3.557215,0.5,0.7271836
2.544152,1.8686477,2.8951943,0.5,0.7296737
2.2635999,2.8619876,2.2794836,0.42804077,-0.7024231
3.21551,3.6222212,4.0315886,0.5,0.5175238
2.3392348,3.181846,3.3073595,0.44100356,0.15732409
2.271967,3.3976257,2.1421802,0.40857375,-0.7026588
1.9314404,1.9954116,1.5017886,0.25054142,-0.6029413
2.110226,2.077197,2.0142183,0.33082113,-0.10563538
2.1788228,1.6999646,2.1136272,0.36471388,0.49657932
2.981421,3.428286,3.0503786,0.49088135,-0.39751267
2.0221553,0.6093775,2.2133198,0.28414845,0.73137474
1.516035,1.2307414,1.6053736,0.078209125,0.4891357
0.80634594,1.1776273,0.2761072,0.0127395475,-0.69459784
2.252163,2.09219,2.3516543,0.391847,0.30419222
2.5806465,2.804599,2.9342456,0.5,0.09916069
3.379515,0.3553694,4.3305235,0.5,0.70814687
2.636167,2.234717,2.5825233,0.5,0.43151888
3.5595117,2.6495981,3.6789346,0.4865299,0.6875509
2.5200858,3.0969336,2.6601105,0.4873367,-0.55000037
3.220955,3.350165,0.7873828,0.48246542,-0.7291703
2.2821527,2.5986023,2.2334678,0.4071157,-0.43795672
2.6707122,2.8088107,1.9545655,0.5,-0.6916036
0.9427686,1.1316599,1.4070144,0.014531,0.4526642
2.0763078,2.362028,2.659165,0.3334616,0.37193763
1.0699735,1.1946801,0.7127014,0.03170304,-0.6916699
1.7708728,1.7801497,2.2626681,0.21089494,0.589769
0.8854329,0.478777,0.22003126,0.031523943,-0.35310018
2.4318163,3.8448014,3.3073685,0.4644367,-0.63871074
2.770598,3.4224687,2.542447,0.489366,-0.67751956
1.7811573,2.7435396,1.886387,0.19614023,-0.6977782
3.0469782,3.8610823,3.6469603,0.49905562,-0.2535857
3.6736798,3.6907036,3.0745745,0.5,-0.73101276
3.5010111,3.6138453,3.3860998,0.48955825,-0.26747268
3.7673821,3.9209151,3.5571687,0.5,-0.4232047
2.6288748,2.6612504,3.1076603,0.5,0.5100926
0.79967767,1.4497168,0.60836834,0.0061514485,-0.7131931
2.8977032,0.41435337,3.4360445,0.5,0.70695615
2.4866958,2.1446903,2.7555237,0.4803378,0.70417166
1.542786,1.1276824,1.0282496,0.09788816,-0.120108016
3.1306453,3.1532626,3.761141,0.48617098,0.7107161
0.9274582,0.88543135,2.1170614,0.02239474,0.7629519
1.7193832,1.5851226,1.4188988,0.18448299,-0.16500384
2.3042338,2.5312412,0.44807044,0.4037835,-0.7709701
2.4422424,2.1301436,2.0293765,0.47530207,-0.10150751
2.5623837,3.1467645,2.8135798,0.5,-0.39160624
2.6279342,2.2943573,3.3465264,0.5,0.7374548
1.0235202,0.5957521,0.87893337,0.030913226,0.38684914
1.8127201,1.7022741,1.5609833,0.20080894,-0.18055092
2.5164568,2.6401863,3.3614042,0.49043462,0.6549521
2.0228977,2.6575928,1.8653201,0.3031173,-0.68651265
3.31071,3.4840825,3.2363853,0.5,-0.28343597
0.56410545,0.22274393,0.6798424,0.0,0.72064817
2.3860397,2.8503997,1.6808248,0.4549273,-0.7349567
3.2215986,3.6500292,3.0053656,0.49526775,-0.71748793
3.4088686,3.29772,4.4454994,0.49541435,0.6888908
3.45181,3.7920108,4.037252,0.4996644,0.26993132
1.6814761,2.5815895,2.119624,0.16156572,-0.5612239
2.8879588,2.685779,3.398171,0.5,0.6995387
0.73991174,1.4061264,1.2867168,0.02290761,-0.22728221
2.6324773,3.4443374,2.5503812,0.48114312,-0.7299258
2.6295938,2.9513144,2.8071268,0.4816348,-0.17356673
3.3319073,2.9462736,3.807231,0.47587925,0.7543046
3.1812959,4.043145,3.2164314,0.48984313,-0.71289223
3.1982143,3.7288802,4.0201235,0.5,0.39729428
2.7062724,3.2008498,2.0564303,0.49305448,-0.69532037
3.9400754,4.105726,4.056398,0.4887853,-0.082877986
0.6908722,1.4513007,1.4272562,0.0,-0.07577612
1.6428269,1.3689198,0.5491924,0.14986141,-0.69321173
2.4963894,3.0462432,2.4139948,0.5,-0.7123778
2.6288228,2.7069194,3.0205667,0.5,0.36904228
3.3990777,2.7631123,3.7627323,0.5,0.6710745
2.2826374,2.0616152,3.5871747,0.3918466,0.67093056
0.37906238,0.7080721,0.58271366,0.01456222,-0.24093758
1.7239165,2.0230193,2.015885,0.18018459,-0.058733463
3.2536347,3.6841977,3.251035,0.49720347,-0.5302042
0.459252,0.4462868,1.34173,0.004173683,0.7564311
2.4794261,2.732341,2.5637908,0.484599,-0.17621794
3.8475184,4.388049,3.7393775,0.5,-0.688469
3.2368543,4.6401286,3.8141158,0.5,-0.6593312
1.9494331,1.9641867,1.7819054,0.2633123,-0.2507112
2.5849311,3.2274232,2.8204298,0.5,-0.54152983
4.214903,4.7783766,4.735352,0.4955324,-0.038894136
3.8262196,4.0250564,0.5648937,0.5,-0.72513056
3.1969335,2.7241583,2.9308987,0.49384603,0.2433379
1.4564452,2.346005,2.6600425,0.0805179,0.37658107
0.5334407,0.8927642,0.90107286,0.017125476,0.013039051
2.1602366,2.1128576,1.8356271,0.3628517,-0.40308118
3.4245918,0.87097985,3.6452758,0.5,0.6789517
2.1878347,2.509012,1.3845557,0.35055512,-0.7358292
2.9096706,2.668558,3.204598,0.5,0.65547264
2.2532618,2.1779027,0.41261876,0.4048316,-0.6868899
2.3635435,2.3347912,2.552147,0.42830122,0.26024577
2.9692538,3.1947372,2.7803357,0.5,-0.46789798
1.8832178,2.3056312,2.9294677,0.24409324,0.71180004
4.039463,4.0278697,4.0290337,0.5,0.07639971
1.9327694,2.0588877,1.2060924,0.254102,-0.70453024
1.9790051,2.1768394,0.6915118,0.2721374,-0.67894113
3.0280347,2.757233,3.7352371,0.5,0.7098194
3.3505573,0.6670956,4.3544,0.5,0.7052688
2.448108,2.4322784,0.58305496,0.4768086,-0.6801767
1.9595959,2.3363385,1.6775222,0.26491424,-0.70556915
2.0345428,3.081848,2.074629,0.28587788,-0.6315381
1.968373,0.70867413,2.2489743,0.2804021,0.690045
2.796322,3.1577528,2.2943103,0.4908691,-0.65905386
2.5350869,2.5925646,3.0999348,0.4947515,0.6545733
2.8467994,2.9440176,3.561721,0.4996947,0.6615473
0.8998965,0.78389454,0.6230877,0.0290004,-0.28615117
3.108044,3.9100208,3.2990043,0.5,-0.71953875
0.89828646,0.2281476,1.4749976,0.01644267,0.6983418
2.1380556,1.7694241,3.2517586,0.3517212,0.7372526
2.6893842,3.4729888,3.379025,0.489708,-0.13045214
2.5872564,3.3383405,2.4792664,0.5,-0.7247772
2.7615027,3.8125646,3.1488907,0.4955989,-0.7140251
2.2008758,2.543035,2.2547328,0.37747163,-0.31210354
1.1061063,1.4751474,0.98380154,0.054209914,-0.66152567
1.8574239,1.1730053,2.350676,0.2194728,0.6734831
2.3499308,2.5224776,2.7312696,0.4207925,0.25010148
3.239721,3.7541382,3.4752557,0.4950638,-0.28583634
1.9196827,1.8966154,0.4150124,0.26757824,-0.7159009
1.3176868,1.4337472,1.301591,0.046205044,-0.20931537
1.7460861,2.5526638,1.9002616,0.17478473,-0.6891692
1.6206313,2.5739226,1.9588761,0.13917994,-0.7593248
0.6786861,0.5543772,1.0959878,0.014179272,0.6679304
1.0412253,1.1776347,0.7689744,0.022987332,-0.6144383
3.020564,3.555602,4.170824,0.4921099,0.61974245
3.384513,3.4006357,3.9239411,0.49435794,0.67267704
0.8303674,1.5709633,1.0614463,0.01942586,-0.69963264
3.0683806,3.1011345,3.3414984,0.5,0.28933957
2.1103997,2.6792576,2.2703602,0.33027485,-0.52059203
2.0962052,2.2727346,3.0176585,0.3333405,0.6683622
1.0014256,0.8579112,1.7154733,0.039000925,0.6469916
1.1549572,1.4322134,1.6032697,0.050168812,0.2614711
2.0392513,2.0261889,3.4295805,0.29830635,0.7370316
3.347008,4.0988326,3.7921598,0.5,-0.36034232
1.4726582,1.079076,1.2342621,0.067335844,0.16757436
2.7729251,3.1284177,3.4206886,0.5,0.33252087
1.193503,1.0219122,1.7298892,0.054001626,0.7253561
2.4863474,3.2933087,0.92865926,0.4929907,-0.6724869
2.5537844,3.1885474,3.18582,0.5,-0.043779105
2.0788798,1.0357838,2.3846345,0.3214789,0.6769428
2.8566053,3.0772452,3.5695739,0.5,0.615511
1.1610627,2.1163688,0.46804544,0.03558607,-0.7176191
3.1076953,3.7237933,3.575179,0.4929446,-0.25469175
1.0847939,0.9331805,1.5968763,0.04657147,0.689024
2.6707036,3.331727,2.2405312,0.47593135,-0.7015421
2.0770893,2.0137882,2.3566184,0.33924496,0.38151094
1.8973056,2.202435,1.7836972,0.25310713,-0.49382564
3.615931,0.37838653,3.6001918,0.49665827,0.7656663
3.5972564,4.1364384,4.261221,0.48071843,0.13013698
3.1062102,3.026056,2.8259108,0.5,-0.24744715
2.6239924,2.7466114,2.7021823,0.5,-0.060349252
3.143755,2.6002731,2.8303504,0.5,0.24747021
3.3874426,3.6913748,3.678306,0.49008137,-0.04406038
2.2204034,2.4502697,2.6003191,0.3715275,0.22302128
2.6611102,2.1701787,2.156569,0.4991774,-0.032035157
1.8963808,2.1274424,1.9067365,0.2409575,-0.29276073
1.5224495,1.5671812,1.6263831,0.086398184,0.08731528
3.4602575,4.2955966,3.7934942,0.49366868,-0.5704595
3.2033257,3.101328,3.837857,0.5,0.67752254
2.698021,3.1142476,2.4299726,0.49855593,-0.6641527
0.2909328,0.20707877,0.3069071,0.010482302,0.18903147
2.1935852,2.4211984,3.0670435,0.3708387,0.73234147
2.6360192,0.46115142,3.2975054,0.5,0.72838783
0.38199264,0.77385485,0.2,0.0059784595,-0.7137713
2.6771624,2.7689006,2.773383,0.5,-0.030180413
0.82089555,1.9891163,1.298292,0.011462191,-0.71574944
2.2528367,2.3521507,2.9344022,0.4006545,0.6586124
0.6600864,0.30052647,1.0224049,0.01645745,0.7346743
1.211138,1.2748692,1.6296862,0.049045444,0.5294908
0.20963669,0.20420706,0.3915876,0.0,0.3222235
3.7361207,3.322061,0.5141588,0.48251745,-0.6877868
1.1694864,0.8972811,0.60678166,0.039864726,-0.4850847
0.8586269,1.4067483,0.8736254,0.02666057,-0.72737914
3.7057986,4.5218344,4.464303,0.5,-0.055349715
2.1119947,2.6062512,2.7243907,0.34736177,0.13197505
0.69168574,0.6709077,0.51117826,0.0,-0.29203862
2.195254,2.122552,2.282117,0.36711913,0.12512085
2.9783497,3.2462945,2.7990613,0.5,-0.47981298
2.548847,2.2468958,2.3670723,0.49914292,0.13246705
3.2177722,3.863254,3.8737469,0.49893582,-0.009093467
2.5105233,2.8659806,2.5592215,0.499479,-0.34771454
2.2320817,1.916518,2.5424984,0.3929938,0.64803
2.7809317,3.6871784,4.1835895,0.48388502,0.5491969
0.9836936,0.5924146,1.2277317,0.024744205,0.73236865
1.4469938,1.6940893,1.2661552,0.06133983,-0.4919856
2.1869457,2.8990934,2.9196002,0.34742913,0.031069547
4.306422,4.8595734,5.038375,0.5,0.22946116
0.9551551,0.683947,0.2,0.033512373,-0.7389727
1.0801781,1.09835,0.75692844,0.049756113,-0.5958425
2.4748049,2.1676462,2.1991475,0.5,0.040829334
3.7141593,4.006031,4.7238917,0.5,0.7376538
1.9314964,2.4953716,2.7630088,0.2547005,0.30531803
2.6195686,1.9145333,2.925871,0.5,0.6936804
3.0076795,3.4335957,2.796304,0.5,-0.6543383
2.4921496,2.493007,3.2854805,0.49161947,0.7195991
2.0700562,2.2683125,2.5745437,0.3279282,0.35225695
2.6365664,2.271035,2.4022667,0.5,0.1913249
2.4625003,2.3074677,2.8927217,0.4922939,0.6692502
0.9263717,2.156908,0.5353382,0.021017184,-0.6830673
3.168974,0.930665,3.5564027,0.49236298,0.67852485
2.8656468,3.008365,3.2013988,0.5,0.2263252
2.9665792,2.735045,3.395578,0.5,0.6800025
0.61873627,2.0054333,1.3690977,0.0,-0.6730687
3.2231662,3.6261702,3.166505,0.48700628,-0.5519197
3.3946588,3.547105,3.2343373,0.49239677,-0.4097489
2.4210737,3.0449085,2.6430576,0.46784723,-0.5347771
3.1252055,3.4679458,3.6958184,0.49689925,0.21089537
1.0758282,1.1956227,1.2045093,0.04859013,0.0064761555
1.2454276,1.349581,0.6438912,0.05405935,-0.7006133
3.628321,3.1298943,3.7515588,0.5,0.68373924
2.3685458,2.3960407,2.6463869,0.4422314,0.32318583
2.8028264,2.7009432,2.5638537,0.5,-0.20667593
1.87575,2.2778292,0.8692193,0.24988195,-0.70718586
1.8330868,1.9289827,2.1658587,0.19912614,0.3644091
2.1525612,2.7576678,1.7181146,0.35217088,-0.7740076
2.990364,3.1986196,3.636714,0.5,0.49451038
0.77619344,0.5666789,2.092848,0.007893104,0.647553
0.6593527,1.5783485,0.3689253,0.0,-0.6656383
0.57285285,0.6446907,1.0256941,0.0,0.6691813
3.2843256,3.8056567,3.6753817,0.4816682,-0.11823769
3.073298,2.6575747,2.54081,0.5,-0.1630357
2.2911973,2.919641,1.3109206,0.41949564,-0.6896036
0.9316984,0.34682524,0.551571,0.018893138,0.37898532
2.4387853,3.6019204,2.5350182,0.4615498,-0.7047862
2.4289167,2.9222846,0.47167504,0.47102204,-0.7092024
2.5511537,2.6461494,0.25053015,0.5,-0.6715853
0.7964385,1.2688106,0.5029777,0.0028950712,-0.7267449
1.1008657,0.67329556,0.8646505,0.0563806,0.30116615
0.99607384,1.0964277,0.81669027,0.018034205,-0.3715785
4.08344,4.7194448,3.3521588,0.5,-0.70953375
2.7016833,0.5379157,2.4585652,0.5,0.68802524
2.6414852,2.7797914,3.010007,0.5,0.2604476
2.5280726,2.9471962,0.6967152,0.5,-0.7126713
0.8953766,0.6697234,0.8266921,0.0142546985,0.24902572
1.6360066,2.1436787,2.2341602,0.13919249,0.18753009
3.6297565,2.9031606,3.235801,0.48967832,0.40391088
3.1813135,3.3395905,3.560138,0.48461348,0.24973376
2.2351773,2.386106,1.8532102,0.38278115,-0.6529426
2.6610472,2.2128844,0.69775033,0.49237496,-0.73667705
2.3017538,1.9865785,2.4756732,0.41494337,0.5674152
1.1869655,2.195611,1.4564772,0.037891526,-0.73505354
2.6757014,2.4548936,2.7661421,0.5,0.36200443
2.7063327,2.7317703,3.227721,0.49414316,0.5647106
1.9659588,1.8022636,1.7696784,0.27025774,-0.079900905
2.3303406,2.7163515,3.012118,0.4254522,0.31694698
3.3414042,3.5973568,3.3477294,0.48613572,-0.2928286
1.0312163,2.1708887,1.5164437,0.022098523,-0.7167363
0.99990606,0.9293317,1.560862,0.022274695,0.6806593
0.7384805,1.2154765,0.53491044,0.0,-0.7013742
4.1013627,3.2888823,4.5236588,0.5,0.65528506
3.0850787,2.6599636,2.8933172,0.49988788,0.27470523
2.2471101,3.12928,1.676522,0.39475384,-0.76141614
2.6020234,3.34555,2.8718119,0.48789117,-0.5273163
0.6696452,1.1107445,1.9757466,0.018164039,0.77299935
1.5672314,2.3389297,1.4399377,0.111685924,-0.67252403
2.1340616,1.7695965,2.5456555,0.35077032,0.7276877
2.7704678,3.8599842,3.4397516,0.49412578,-0.51144224
1.1895838,0.7970183,0.8266609,0.053821914,0.036186423
2.3987145,0.7908023,2.2928483,0.45442164,0.69391197
1.0742701,2.6718318,1.82926,0.05210699,-0.62885547
2.1445932,1.8246807,2.6833885,0.331619,0.63583624
0.8780824,1.7889905,1.121721,0.019804131,-0.69425684
2.9979575,3.6957164,2.433723,0.4987968,-0.66016245
2.9715033,2.856113,0.86317366,0.5,-0.6947171
1.0302835,2.3410983,1.5045644,0.04845727,-0.71282166
3.046864,2.7903447,1.6146909,0.5,-0.67528796
2.7513213,2.9286036,3.3202064,0.5,0.42190117
2.4357092,2.9609392,0.54145104,0.47551063,-0.6274201
2.4498215,2.6572516,3.6223934,0.45673713,0.693449
2.3415296,4.0530987,3.249013,0.43379965,-0.6910268
2.4119225,1.9164875,2.790455,0.4802375,0.725849
0.5731619,1.5368272,1.0952755,0.0,-0.7507327
0.65816456,0.2,0.6892352,0.0,0.7173818
2.4845366,1.3027545,2.4150035,0.48300374,0.6383564
1.2842019,1.4941992,1.6738205,0.055481136,0.21545836
0.6755369,1.2529911,0.41938865,0.0,-0.6770856
2.370296,3.3821504,2.3476534,0.43189123,-0.7344891
2.5572903,3.6046748,0.91016906,0.5,-0.6728196
2.4041197,2.6703446,0.8667628,0.46363267,-0.73268884
1.184011,1.5803876,1.544627,0.044060275,-0.06243231
3.4916637,3.8379083,0.73565805,0.5,-0.7150561
1.7464468,2.7244935,1.5409333,0.1848287,-0.64306563
1.0299636,0.6150366,0.8359266,0.02862051,0.36871493
1.8338293,1.8042637,1.9831643,0.23403637,0.23431815
3.370168,4.0214667,3.1513581,0.49510643,-0.7001101
2.8286905,3.5808983,2.8797915,0.49900535,-0.7065363
2.330881,0.55288535,2.2198272,0.42060328,0.7324848
0.8301994,1.018753,0.50404465,0.0,-0.72941107
2.7150948,2.6682065,2.0652928,0.47581506,-0.66920006
0.26112077,0.8016365,0.3477061,0.0034716032,-0.6574803
2.8453104,2.4866805,3.4208248,0.5,0.7277476
2.2518673,3.3577936,0.66435695,0.3897704,-0.7344462
2.887962,2.8437827,0.7792566,0.5,-0.733269
2.88484,2.978405,3.2574844,0.5,0.36086148
0.9234581,1.4750429,1.1742773,0.016558833,-0.5581287
1.3500217,1.1626664,0.91994685,0.051144853,-0.3699949
2.4850564,2.0669205,1.606026,0.49168488,-0.53880656
1.7207633,2.480605,1.7008761,0.17028585,-0.7077319
2.6257448,2.338127,0.53591365,0.49768654,-0.6642249
0.8604123,1.1869636,1.7576293,0.029152608,0.68891376
2.2254822,2.473564,3.3854048,0.38637236,0.71377134
1.7934067,1.0786101,2.159295,0.20871112,0.7277459
3.3266847,2.9840927,3.4502163,0.49766546,0.59245944
2.3505528,2.6921065,2.4827511,0.42042375,-0.27989575
3.9969926,4.845862,4.1627407,0.5,-0.6932116
2.6197684,2.485832,2.501735,0.5,0.055598117
2.7759027,0.29407358,3.7021935,0.48578748,0.79002726
2.5791965,3.147319,2.5538137,0.49975872,-0.65374047
2.7687058,3.430419,3.2020323,0.5,-0.29826576
0.6543375,1.303357,1.0397291,0.0,-0.5765613
3.2078974,3.594041,2.316542,0.5,-0.7167441
1.5649487,1.4663165,1.2266268,0.10349196,-0.3023178
3.1040971,3.6879168,3.491201,0.4989538,-0.27302316
2.944775,3.0148406,3.7143261,0.4989639,0.6571804
0.9720246,1.5474813,1.3167686,0.03369756,-0.3561715
3.595933,3.5651047,4.17264,0.4993303,0.7516177
3.7206194,3.757817,0.64099425,0.5,-0.69110537
0.813829,1.3465148,0.78848296,0.010957108,-0.69377357
1.0037299,0.2,0.6129335,0.02922477,0.61759806
0.97050524,1.8386419,1.5329944,0.028930502,-0.5298051
3.0387406,3.23451,3.260884,0.48938596,0.031049186
3.396416,2.1940236,0.535566,0.5,-0.64883465
1.376676,1.6469178,1.5957971,0.0686685,-0.05560471
3.264283,3.2726326,2.6924725,0.5,-0.7159273
2.4304152,2.1140733,2.7685676,0.4526435,0.7358904
1.0604203,2.1748002,0.9879764,0.02261367,-0.6347367
2.866446,3.537476,3.5143301,0.4879931,-0.03184031
3.129261,3.2608175,2.9693305,0.5,-0.3578578
2.3974748,2.562551,3.180576,0.46642128,0.7159732
1.9779348,2.284492,1.4821031,0.28008792,-0.70787877
3.6400306,3.015745,4.536978,0.49236774,0.71917313
2.2026489,3.747975,1.7020507,0.36873308,-0.7206946
3.256696,3.502405,3.0557423,0.49406418,-0.5595652
1.6732134,2.7785745,2.1983938,0.1582004,-0.70959294
2.8575673,2.6574397,4.105535,0.4957942,0.71829915
2.800808,3.3109906,3.0824609,0.49806422,-0.2925836
3.1654913,2.7109556,2.633837,0.4747755,-0.082921706
3.5379944,2.214507,2.5554323,0.4961303,0.38578728
2.0754948,2.7379751,2.799036,0.31514573,0.024155015
2.8901694,3.2408235,3.9527345,0.48690987,0.7157183
1.7648791,0.81756717,2.550639,0.20012796,0.6951519
0.94023395,0.2,1.2186675,0.014214164,0.7469745
2.230329,2.2532585,2.1167939,0.39086953,-0.18262184
2.8667026,3.1728814,3.3077948,0.48917386,0.19045323
1.1138958,0.71238965,1.4516534,0.044683613,0.6629816
1.0818136,1.394329,2.3121343,0.026472483,0.65767986
2.3610342,2.243002,2.888195,0.44020998,0.69407576
2.7730372,2.4203289,3.5033586,0.5,0.68041277
0.97351503,1.0895913,1.0542185,0.03962013,-0.014335411
3.059172,2.1716712,2.7996519,0.48222902,0.6638784
2.4790514,2.9535494,2.682642,0.5,-0.3214951
2.6435153,2.8531024,1.7003195,0.49922916,-0.71654385
1.0694002,1.5480924,1.2100078,0.043846566,-0.5139014
2.5194345,3.2412531,0.72758955,0.49844378,-0.72263217
2.3931792,2.4437964,2.3113356,0.45314854,-0.1873082
2.5579193,1.3874233,0.53881407,0.49058187,-0.75599986
0.97324854,1.0181845,1.7063068,0.027846118,0.72373444
1.9264467,1.5243796,2.0973601,0.26222762,0.68300587
1.1759534,2.0760746,0.5961514,0.044124536,-0.6970921
2.9016385,2.9560518,2.9077497,0.5,-0.041548237
0.97459304,0.2780861,1.0365337,0.018070733,0.6679938
0.8500154,1.7753295,2.0594144,0.005027744,0.45359328
2.3748417,0.57965416,2.1487665,0.4615677,0.6668774
2.204214,2.4804964,2.07205,0.38354105,-0.49520773
2.633617,2.859872,3.3193107,0.5,0.53144085
1.2500838,2.492272,1.0194441,0.073965065,-0.71613926
2.4687772,3.2755222,3.1541958,0.4908817,-0.18157321
1.6958624,1.3700013,1.4472299,0.157273,0.115031496
0.6486802,0.5266722,0.88879025,0.0055633974,0.6981665
2.5803308,2.5460277,3.2720897,0.5,0.68289423
0.6747692,0.42719766,0.29645684,0.0,-0.29717007
1.7417116,1.7889214,2.2841256,0.19363503,0.55387896
2.7783241,0.77936286,3.4027102,0.5,0.65422213
2.759362,2.9696963,0.65821093,0.4870275,-0.7394114
2.3494034,2.4473817,3.169622,0.43356138,0.63799477
2.2161415,2.9435594,2.3655112,0.37826774,-0.66608775
1.023136,0.8242066,1.1402307,0.029174658,0.50334716
2.6382706,2.0265162,3.2530432,0.5,0.76951355
3.2572844,0.8799357,4.070466,0.48633942,0.66999626
0.89866805,0.8315705,0.56710136,0.017751247,-0.42887673
0.9555356,1.892087,0.20364626,0.02570428,-0.7169474
2.5096912,3.0943727,2.0504162,0.5,-0.6941279
1.1045276,1.9210374,0.7461088,0.031413235,-0.6998633
2.6610944,3.345979,2.9659452,0.5,-0.49654955
2.9324684,2.199864,2.2848704,0.5,0.111003354
3.4731834,3.303782,4.673833,0.5,0.7324098
0.9056815,0.33892408,1.449885,0.032354552,0.67498666
1.9642159,2.9129937,0.35207447,0.27434915,-0.6434621
2.7305038,3.3013332,3.1800325,0.4952663,-0.185406
0.78491575,1.1803144,0.8071895,0.02416877,-0.6918117
2.7551653,2.6032834,3.395646,0.5,0.7351878
2.9660227,2.9556491,3.8134103,0.49419653,0.6893302
1.8031633,1.6368132,2.814437,0.1891953,0.6868443
2.6942275,3.202637,0.6837861,0.5,-0.7595917
1.920946,2.1034372,2.1197412,0.24876203,0.048611827
3.4309387,3.9700773,4.129163,0.48094434,0.18570742
0.90042734,1.3175439,1.9147097,0.013113502,0.723353
2.1991374,2.867956,2.2882001,0.36938363,-0.72605044
1.8664654,2.31221,2.8085349,0.23859628,0.60244256
2.8469722,3.5680234,2.760112,0.4898807,-0.6371389
3.4093611,3.9498298,3.2548854,0.4922004,-0.7522999
1.1872491,1.2202162,1.6375418,0.038727924,0.6547659
2.3114095,2.7877004,2.1202486,0.42882216,-0.6731887
2.1379833,2.4770422,1.4019053,0.35262895,-0.65632623
3.5332727,3.6091506,3.6072743,0.4916127,-0.0061125024
1.4634643,1.6837381,2.8788936,0.08893052,0.67766255
3.342065,0.5440131,2.6642194,0.5,0.6865596
0.89660156,1.3568158,1.5407891,0.017062178,0.27044407
2.527247,0.92631674,2.654137,0.5,0.6894225
2.3709266,2.6072416,2.2523763,0.44625887,-0.41815707
2.7303567,3.5201552,2.5736415,0.4928201,-0.7197292
2.179601,2.7719827,2.3977573,0.3571195,-0.4810002
3.282346,3.0634484,3.281944,0.5,0.31426775
3.2302842,3.27333,0.589177,0.5,-0.64763665
2.0373237,1.7818907,0.4416666,0.29551995,-0.70188713
2.9731903,2.675682,3.300474,0.5,0.70080924
1.021546,2.5563667,0.94529206,0.03450738,-0.69690865
2.629505,3.6515076,3.0953412,0.4956992,-0.6980217
0.83005255,1.635601,0.75233245,0.0,-0.7173845
2.2334867,2.6334147,0.65698826,0.39132062,-0.6914846
3.1365547,3.0693996,3.0243342,0.5,-0.06518847
0.68750167,0.3870809,1.4017248,0.0,0.71579486
2.492252,0.80839604,3.1344268,0.49942166,0.7059528
2.8023088,2.6577144,2.889349,0.49451664,0.29456806
2.7415526,3.3090336,2.2394528,0.48742583,-0.69670665
1.89588,2.2109704,1.6887258,0.25824556,-0.6013933
0.8888175,1.4420825,1.0346421,0.023589207,-0.65124816
1.9207051,2.285289,2.8185587,0.27381042,0.6252757
0.7658209,0.42838213,0.2,0.0,-0.47149378
3.4198985,3.5039618,3.7398636,0.5,0.27469128
2.966827,3.346064,3.468791,0.49613607,0.18232383
1.7436042,2.0718224,2.289942,0.1960241,0.26755038
1.3978455,1.4140404,0.8589352,0.04974145,-0.6914347
2.7354417,2.7080097,3.458927,0.4907917,0.7108507
0.6466421,0.54032314,0.79717505,0.0,0.51594716
2.2728798,1.6249795,2.7981143,0.3911185,0.6924092
1.8687361,2.0078132,1.1367404,0.20910478,-0.69993067
2.5468798,3.134726,0.50096047,0.4895935,-0.7071295
2.9963875,0.40180996,3.3478699,0.49994653,0.7185896
0.84877783,0.29887912,0.7528164,0.00060408784,0.76618296
2.104732,2.7167246,1.7237508,0.3595572,-0.69455755
3.6872134,4.532709,3.5317295,0.5,-0.68315536
2.5258372,0.2831747,3.0790718,0.5,0.7046344
2.7432652,2.4485743,2.8867447,0.5,0.5307588
2.184136,2.3553026,2.4118996,0.37818772,0.086873494
1.1438794,1.4619262,1.5165693,0.048340887,0.054460324
2.953207,2.9084933,0.72520006,0.5,-0.75427777
2.8278208,2.206829,3.7746296,0.5,0.66499496
1.9225532,2.608616,2.7018986,0.26512727,0.08762485
3.2675922,3.5821784,0.4316757,0.4893802,-0.68515414
3.0284827,4.0375357,3.1350474,0.5,-0.7299687
3.1624615,3.4650218,4.0654144,0.5,0.72273433
2.5900238,3.5921516,3.6526396,0.5,0.05221462
0.8908831,1.0273275,0.44685376,0.030061785,-0.69152915
0.9113087,0.747286,1.1054056,0.038419753,0.6010902
0.8606911,0.3161358,1.0018874,0.012822282,0.73044044
0.7249798,1.8585248,1.2790043,0.0,-0.6646772
1.9331594,2.009019,1.8125021,0.2660485,-0.2166233
2.4084363,3.3509903,2.4378471,0.4673395,-0.7129541
2.2842147,2.1966896,2.984369,0.3994488,0.7082157
3.3745873,2.8699203,2.8761654,0.49450096,0.040414914
1.782039,2.3429358,2.1184087,0.21710521,-0.2766146
2.2880452,2.1279688,2.1220884,0.40208206,-0.027908105
1.2422912,1.6607655,2.089883,0.054359652,0.5496125
0.5618605,0.83654535,0.41809282,0.0,-0.69267184
3.0059836,3.2928245,3.7342925,0.5,0.53984237
3.6317277,4.616445,3.8439612,0.49696192,-0.70137966
2.7993448,3.1459863,2.2251728,0.4694637,-0.7110337
2.4381592,2.7429364,2.4414432,0.4762341,-0.37323564
1.2269812,1.3135675,2.333654,0.05494917,0.6961933
0.5718103,1.0174812,1.0351298,0.0,0.056000896
1.5830263,0.35093325,2.7865474,0.113466874,0.6936535
3.1551795,3.1933875,4.1955175,0.49725354,0.7462582
2.750686,3.4101121,2.7219603,0.5,-0.65718013
3.1840742,3.323398,2.7268662,0.5,-0.72578514
2.1110067,2.6229467,2.7853398,0.33537957,0.23574473
3.3503432,2.8681512,4.064532,0.4982458,0.7293449
2.9951885,3.6748075,3.2309167,0.49616686,-0.51491064
2.603274,2.3969948,2.0788996,0.5,-0.4123713
2.7847893,3.2544324,2.683831,0.5,-0.6736287
2.7815304,3.6341143,3.0923738,0.5,-0.60074043
2.076453,2.5279274,2.7992558,0.3280542,0.31094036
0.5823156,1.4611284,0.3612548,0.0,-0.6716485
2.8106027,2.4467056,0.25644377,0.4933379,-0.70439607
2.2894435,2.4772992,0.75762343,0.40780452,-0.7302385
1.6919372,1.5941786,2.357706,0.16250615,0.70385855
2.7749708,2.6139421,3.2421055,0.5,0.7195148
3.078012,2.5180435,2.2449732,0.49284533,-0.31733018
3.2593381,3.452101,3.6010897,0.5,0.18909949
2.94714,3.5908425,2.918321,0.49231824,-0.6794197
1.1253476,1.9565122,1.5630034,0.041289326,-0.5871213
3.1736145,2.8469882,2.595454,0.5,-0.30899382
2.601229,2.6140018,1.8409442,0.5,-0.7156523
0.99935424,0.81966764,1.5498539,0.006984763,0.67777586
3.2751005,3.046814,3.077718,0.5,0.04626981
2.0487285,2.1148458,1.2307302,0.31799683,-0.71868813
0.8812288,1.07412,0.5473325,0.011599408,-0.67748123
1.9180982,1.9737846,2.0187645,0.25460944,0.022126364
4.03586,3.6023371,4.8490753,0.5,0.69296336
2.8403704,3.5875585,3.0814517,0.49763647,-0.59102553
1.952038,2.2510688,1.9134239,0.25902706,-0.40351635
0.50762707,1.0041476,0.62247837,0.0018704977,-0.74456173
2.663796,3.0290847,3.1766665,0.5,0.16445969
2.8964388,0.486667,3.368924,0.5,0.7583356
2.7605252,3.0002463,3.3082879,0.49505535,0.34640142
2.0597155,1.821944,3.1345654,0.30812952,0.7347525
2.8275135,3.7095723,2.9932468,0.49293298,-0.688212
2.247807,2.7807121,2.8167818,0.37345654,0.06256036
1.3930429,1.0634054,0.4275229,0.06997097,-0.71364945
2.5956402,2.3835013,2.9111824,0.4950127,0.64455473
0.5327689,1.7372712,0.21152298,0.008509261,-0.69182646
3.0299191,3.1494792,2.9508832,0.5,-0.21433973
2.8116941,2.7005548,2.7993135,0.49921906,0.09398095
2.2828398,0.40374088,2.5251944,0.40057263,0.65651315
1.4511737,1.9322165,1.3867084,0.07199578,-0.664767
2.9546623,2.950912,0.53483236,0.5,-0.7438987
3.2923396,0.3328899,3.8261554,0.5,0.6618422
1.3530877,2.7225547,1.6270533,0.06708553,-0.7010681
2.4189374,1.8979417,2.6394737,0.45399332,0.7535243
1.5429602,1.5818088,1.7430862,0.10670426,0.1758382
2.7179174,2.965219,2.8292863,0.47990215,-0.14223018
2.7840414,2.0901132,3.5023816,0.49744216,0.65578514
2.6240313,3.076677,2.81162,0.48660418,-0.28709543
0.7686718,1.4099714,2.113895,0.003931064,0.7180443
1.0358593,0.56911707,1.4408575,0.038483694,0.6811645
2.018012,2.2080662,2.6201441,0.2926046,0.455668
2.990164,3.31193,3.0552492,0.5,-0.31086132
0.499059,0.97447175,0.96068275,0.0,-0.035469424
2.4675014,3.9570115,3.164645,0.47989997,-0.69886243
2.8731053,2.681679,3.155127,0.5,0.5671712
2.615983,3.0886471,2.6324263,0.4955923,-0.57742965
2.9193504,3.024209,3.6746168,0.5,0.68289834
2.6378307,2.7170599,3.83758,0.5,0.6901812
1.0130953,1.279006,0.53692126,0.026310544,-0.7363882
0.79894215,1.2322212,0.73232174,0.022993265,-0.75996345
3.5697956,3.7637608,3.8067605,0.49654827,0.08387509
2.8601942,3.2172887,2.8733387,0.5,-0.43212432
0.9170777,1.0338258,1.1116884,0.040326193,0.16289166
2.8668003,2.5419126,0.3458057,0.5,-0.6648332
1.0447998,1.6721716,1.7355369,0.02850087,0.09300149
2.0833108,2.7869997,2.2541673,0.3339066,-0.6091757
2.6582308,3.3311849,3.0468438,0.48575675,-0.35731584
1.1616582,1.6512305,1.1611499,0.04281643,-0.6298231
3.3568068,3.188832,3.1951942,0.49114954,0.027157987
4.2505608,3.9410074,4.0846868,0.48891717,0.16454273
1.4236267,2.1094096,2.425386,0.058292285,0.42182842
2.1670463,1.84176,1.9051886,0.355923,0.069373176
1.8988067,1.7074012,1.8887343,0.23642819,0.21156691
2.0764449,3.291573,1.3727041,0.31927964,-0.76189685
2.1872134,2.597875,0.34674582,0.36315042,-0.7773521
0.79047173,1.1281902,1.4833835,0.016914308,0.71007806
2.2134836,1.4552376,1.5196478,0.39137018,0.036704384
3.0322375,2.86981,2.9059155,0.5,0.056185246
0.91752815,1.4938858,0.7295767,0.036060516,-0.73684025
2.4079251,1.9549928,2.4621577,0.45347688,0.61643636
1.6488701,2.0209844,2.1146483,0.14807117,0.066957995
3.209352,2.7325363,0.64533246,0.5,-0.69621825
0.45138717,0.38562194,0.69413966,0.0,0.58795327
2.6350017,1.9806653,2.0578616,0.48719552,0.095968276
0.9866812,1.1983434,1.1157577,0.026348608,-0.17835848
2.3310528,1.6737804,2.98888,0.42232794,0.6931471
2.8209727,3.0323682,3.1189227,0.4982427,0.10600179
1.4476178,1.9381578,0.589288,0.06880685,-0.71177596
0.7534157,1.0407232,1.5871404,0.0,0.69087076
3.0243466,3.426392,3.8789513,0.5,0.5281945
2.665167,2.9740813,0.60921013,0.48499927,-0.7132174
3.0016885,3.1291554,0.5521742,0.5,-0.674178
2.1281543,2.2458832,2.5197134,0.3292015,0.3755542
1.1140203,1.5001034,1.666522,0.042241313,0.26046702
0.7099979,0.3106001,0.5917458,0.0033931185,0.49764785
3.0415306,2.9748125,3.6430311,0.5,0.6972386
2.8628716,4.1570625,2.0204048,0.5,-0.7169516
2.7134252,0.87302977,2.8168426,0.5,0.6613571
2.3721075,3.1892214,3.0253103,0.45623094,-0.17332573
2.764884,3.0778723,3.640263,0.5,0.66627586
2.875461,2.6210558,3.2393105,0.5,0.67623436
2.8371327,2.880137,0.67751443,0.49886456,-0.6425987
4.1817613,3.451837,4.3699017,0.49724686,0.6638835
0.67973906,1.5766666,1.1741899,0.0075689233,-0.70170844
4.5432982,5.2000694,5.13491,0.49549618,-0.023263555
1.8011241,1.6205491,0.82342803,0.20917,-0.6928228
2.7978392,3.4435706,3.423414,0.4954544,-0.00025713685
1.861879,2.4454277,2.2011456,0.22824356,-0.32825932
2.7524695,2.989608,3.0808232,0.5,0.1683242
3.1612847,3.5821743,0.9170316,0.5,-0.70145327
2.6190817,0.4943108,2.5468333,0.5,0.72719496
3.165219,3.6150482,3.371961,0.5,-0.27304187
0.682137,0.9699666,0.91681,0.0,-0.08889684
1.3762848,1.6344837,1.7434028,0.06454259,0.1038786
2.9733562,2.8799198,2.0517044,0.5,-0.69480884
2.5780659,3.3088205,3.2021065,0.4848792,-0.17123167
0.9289415,2.0564659,1.4692242,0.030999735,-0.72224224
2.322208,1.9652296,1.9305091,0.41298777,-0.008869457
0.9258562,1.1361175,0.76506203,0.02871861,-0.65488744
2.0492163,1.9919237,2.886109,0.31998906,0.7390178
2.7779098,3.3174946,2.544616,0.5,-0.70494694
3.2837012,3.7217672,4.235999,0.49075657,0.6128068
3.7983668,4.0950866,3.6165254,0.49891397,-0.6054934
3.4425638,3.3208318,4.1586337,0.49832273,0.75122035
2.7078373,0.5188624,2.468105,0.5,0.7238557
2.7808266,2.5327897,3.330567,0.49884015,0.6865334
2.3586507,1.7058885,2.7207413,0.42962942,0.6932436
2.2723923,3.1535702,2.6650352,0.39398175,-0.6510542
3.0876288,3.64342,2.883108,0.5,-0.7034658
0.8705384,1.7023933,1.0876848,0.023444634,-0.6501661
2.8365843,2.8178856,2.626982,0.49450272,-0.23656584
1.5561879,2.03429,1.3550737,0.11479662,-0.6798658
3.4005785,3.2156324,4.289498,0.48924658,0.7285069
0.89178926,0.77995235,2.5120888,0.018527271,0.7096123
0.73185134,0.23133413,0.5502523,0.02074326,0.62233067
2.1416698,2.151121,2.534019,0.34086028,0.49951646
0.6652666,1.323042,0.7870958,0.015312277,-0.75797814
3.3859162,3.6799114,3.3193989,0.484889,-0.36528835
2.2309406,1.6663729,0.3332046,0.39391935,-0.6916517
0.9808651,0.72821975,1.2110064,0.012099202,0.6966277
2.0036094,2.4436407,2.1926062,0.3104703,-0.2943212
3.091652,3.690563,2.0732539,0.4988254,-0.7181279
3.0441318,2.3601062,3.377248,0.49828953,0.74846727
2.1485803,1.8606875,2.7804663,0.35667667,0.7249885
2.2410843,2.594282,2.6790779,0.38963854,0.113305084
3.0131676,2.7327154,3.121758,0.5,0.4883814
3.385777,0.5747672,2.9129899,0.5,0.6715566
2.5406704,2.7127962,2.978977,0.49091816,0.29302663
2.9101627,3.369129,2.7420044,0.49786088,-0.688462
3.1646473,3.922463,3.1887689,0.5,-0.6593334
3.8508859,3.4840372,4.102212,0.5,0.6775904
1.905037,2.3383112,2.515391,0.24685885,0.21281461
2.1828194,2.5171208,2.866096,0.37177348,0.42875353
1.0117204,1.3690324,1.2884092,0.03743963,-0.10175584
0.92397547,1.0442873,1.2111589,0.031567276,0.29752246
2.4074953,2.7107527,3.083573,0.45471877,0.472306
2.8093026,1.5445685,2.54935,0.5,0.7346389
0.98714036,1.8393502,0.9131525,0.03315897,-0.6628575
1.0337158,0.55573124,1.9438981,0.035606068,0.71699065
2.6497297,3.7111552,0.5880876,0.4922864,-0.73167837
3.1927626,0.8700658,2.51825,0.5,0.72843105
2.0193584,1.7670709,1.9579864,0.29186302,0.23292378
2.554702,2.9103112,3.1652973,0.48967686,0.3451536
1.1338818,1.4704596,1.466638,0.048213694,0.035185527
2.7510662,3.163476,2.8142564,0.49589235,-0.4251532
2.5126238,2.8376276,2.0414708,0.4929127,-0.7485872
3.2763486,3.3806295,3.2143946,0.480117,-0.1731133
0.92956316,0.717296,0.72999126,0.023803556,0.033286024
2.3327277,2.851722,3.2599359,0.42084685,0.4586958
1.198633,1.0646256,1.0017271,0.04653,-0.05288906
3.6322877,3.8690672,3.9232867,0.5,0.03446925
1.6908262,0.9789449,2.0705194,0.15279615,0.68338436
2.2519472,2.560005,2.3552778,0.39347404,-0.24269938
2.6326854,2.8622298,2.7983558,0.5,-0.08138487
0.8147502,0.95459485,0.3564327,0.012559435,-0.675593
2.877489,3.9489772,2.8756351,0.49806908,-0.72668785
2.5665517,3.568139,2.6337388,0.5,-0.6750086
2.7524722,3.380754,2.6163223,0.4920731,-0.72948605
2.6842248,3.291859,3.5355074,0.4687818,0.3189745
2.5263932,0.8308447,3.6923823,0.48637164,0.67724043
1.8523161,2.1422753,2.519022,0.23811392,0.5071739
2.723671,3.1197002,3.6392531,0.5,0.56609255
1.5166597,2.0319061,1.4286933,0.0957406,-0.72472876
2.1836193,2.4653306,2.2877588,0.36419842,-0.1674559
2.9083283,3.3825903,2.6268332,0.4749457,-0.6945332
3.2772272,3.528882,3.5752368,0.5,0.0746999
4.019539,4.4298716,3.837584,0.5,-0.70956355
2.3149898,3.0122526,1.9886999,0.4144692,-0.7608797
2.0845938,1.9485841,0.93198264,0.32361397,-0.654181
1.1532607,1.3932977,1.4982266,0.06073424,0.13613172
1.0169579,1.2755389,1.8077374,0.033636298,0.70730203
3.5491297,3.2791996,4.2329226,0.4947249,0.64953315
1.9552621,2.889937,2.5576088,0.24731497,-0.36987963
2.5054243,2.3209152,3.135136,0.48107398,0.7143059
3.1422672,4.1081142,3.1543214,0.5,-0.69264203
3.098591,2.7294264,2.564781,0.5,-0.20890646
2.8835971,2.3848991,2.592044,0.5,0.23996642
1.3431802,1.4045027,1.3699822,0.06925327,0.038771935
2.910158,3.3291016,2.0690427,0.5,-0.7029183
3.1834254,3.5361993,3.6494205,0.5,0.15200183
2.0224607,2.9065447,2.4786584,0.295774,-0.53167534
3.3517115,3.1937516,3.9149928,0.5,0.73097295
3.1847992,3.8281868,3.8948843,0.49363586,0.06877284
2.1770463,1.518364,1.4271652,0.3735681,-0.09062646
3.1247218,2.8838105,2.9786985,0.5,0.13497435
0.4937357,0.66845965,0.2,0.0,-0.67019224
0.7337126,0.398596,0.6378022,0.0,0.51076454
3.5160801,3.975936,3.414767,0.5,-0.63424075
0.80617654,0.60860705,0.20284861,0.0102344025,-0.6989002
2.7927127,3.4959521,3.3672464,0.5,-0.15448171
0.57924104,1.2310566,1.4647907,0.0015309034,0.47515956
3.2470324,3.1500266,3.156593,0.5,0.021440435
3.2135243,3.214139,3.06176,0.5,-0.20787425
3.4641156,3.5989642,0.7421678,0.4988846,-0.6926633
2.077929,2.9245539,2.2292643,0.3147306,-0.686864
3.1734822,2.8504963,3.6218765,0.5,0.7468403
3.1716104,2.194931,2.914858,0.5,0.727838
2.205715,2.2574332,2.7135332,0.37312815,0.5523963
3.1602776,2.9833047,3.6591198,0.5,0.7209242
2.896794,2.3302102,2.849896,0.49803045,0.68033904
0.6965263,0.9394572,0.88688135,0.0,-0.07504491
2.9484751,2.5603848,2.115671,0.5,-0.53762525
0.7037604,1.0754186,0.77248746,0.007109998,-0.56613636
1.6225164,1.2178682,1.8028778,0.13987088,0.6313118
2.8213246,4.4737334,0.64331055,0.5,-0.72799486
2.5554407,3.2555983,2.3594768,0.5,-0.74180925
3.4854627,3.2504537,0.57977796,0.5,-0.70682174
2.7345014,2.523387,0.4398326,0.5,-0.7186226
0.96648943,1.0581198,1.2256372,0.03181561,0.25051263
2.9215388,3.4734008,3.2889876,0.49805942,-0.18090512
3.1997578,3.2015553,2.4449136,0.47849342,-0.70994264
2.0532346,1.7141294,1.7202835,0.2836381,0.04061467
2.692698,2.2162993,2.7036934,0.48781487,0.6615331
2.4883296,2.778518,2.224688,0.5,-0.6668187
0.38596064,0.2199082,1.1471549,0.0015837182,0.65572864
2.7244494,3.0872755,2.6157749,0.4983634,-0.57030654
2.2401083,1.3933641,1.7941349,0.39164084,0.5000078
2.37978,2.8542361,3.5675187,0.4528645,0.70677125
3.6076372,3.596424,4.7282524,0.5,0.7360098
0.4059447,0.20932487,1.0078934,0.0033378873,0.7202698
0.94682354,1.3236412,0.2,0.02641261,-0.7080715
3.3122718,3.8472435,4.2638083,0.5,0.49193865
0.79277635,0.69518447,1.7580911,0.0,0.7284272
3.786225,4.330201,3.0854857,0.49114823,-0.67480344
3.2039728,2.7130144,2.2144377,0.5,-0.56681705
2.8250213,1.8670279,2.7583628,0.5,0.6574668
2.3285174,2.4701726,2.6662664,0.4165449,0.25231716
2.8110616,0.5453689,3.757066,0.49011263,0.6916364
3.0411735,0.7631798,2.2803452,0.49475864,0.73312205
2.598213,3.075872,3.6873877,0.5,0.703965
1.1567395,1.4441375,0.51259816,0.047264166,-0.68305135
0.7406134,1.7853053,1.4033556,0.0,-0.65942043
2.6864023,3.0792954,2.9074118,0.5,-0.18606374
1.7053739,2.1530466,2.52212,0.16332422,0.45715627
2.2967176,2.0378542,2.732251,0.40386254,0.7228741
1.1670011,0.30776122,1.2710388,0.04786878,0.66555214
3.089887,4.3063073,3.684672,0.4890727,-0.6991886
3.298039,0.7766414,3.1562805,0.5,0.64818424
2.6836908,3.671233,2.7994223,0.49391776,-0.724958
3.7179449,3.3129387,3.2489588,0.5,-0.11932561
3.45263,4.13267,3.9523518,0.5,-0.21841985
2.8511293,3.269625,3.7182217,0.5,0.52690154
1.1583254,1.8610014,1.553319,0.044890307,-0.45428926
2.342156,2.900629,2.695498,0.4307392,-0.19882025
2.9095178,0.5775365,3.041574,0.4898806,0.7323409
2.5128133,2.8198266,3.9254441,0.4915644,0.7572369
2.9311075,2.9664555,3.1320307,0.4862574,0.18795227
2.980307,3.577481,2.3866131,0.48109165,-0.702929
2.4626415,2.2425048,0.57685775,0.4901032,-0.72065526
3.3244064,3.1306503,3.5103242,0.5,0.47178218
2.4452085,2.6057234,0.4367339,0.4706419,-0.6951785
2.583931,3.0882084,0.7990932,0.498894,-0.65327036
2.0874236,2.1980317,1.5162492,0.3288775,-0.7186051
2.4917128,2.455036,3.4607341,0.49846703,0.6898489
3.9187062,0.2,4.245408,0.49308324,0.77543944
2.0878243,2.594817,0.62483186,0.32356796,-0.7481965
2.8515017,2.814612,4.2566442,0.5,0.68973917
2.3218763,2.0051146,2.5423722,0.41924626,0.7230944
1.2846965,1.3906949,1.2134658,0.06825018,-0.26393712
2.944055,2.845245,3.5992272,0.5,0.70969594
2.2481897,2.044975,2.9716272,0.38895583,0.65874916
2.813199,0.7368452,3.4324398,0.49192613,0.67633784
3.2691853,3.995346,4.0868754,0.49671167,0.08196384
2.760798,2.9264114,1.985037,0.5,-0.6667669
1.0443392,1.1901387,1.5772803,0.030066963,0.59576696
1.3745027,1.1430213,1.6274083,0.06802857,0.617295
1.4421098,1.0822829,1.6686608,0.080283076,0.67909765
2.4965558,3.0858812,2.4720995,0.48969486,-0.68720984
1.4152632,1.0102625,1.3835877,0.074762546,0.517304
3.076097,2.9448643,3.2126217,0.5,0.2973157
3.2593098,3.118611,3.5352013,0.49319232,0.49321416
3.5036287,3.9087946,2.5502484,0.47587973,-0.6672193
3.932234,3.988264,4.449271,0.4973212,0.5356067
3.092279,3.0535042,3.7448833,0.5,0.69724995
2.9424562,3.7639558,3.340313,0.49532557,-0.5307834
3.2090664,4.3162837,3.8056128,0.49288857,-0.60779834
2.0732567,2.3972778,2.7297716,0.3227142,0.37491
0.61600226,0.8817694,0.9370028,0.0066003283,0.118150435
2.242345,0.3694632,3.5878406,0.3792948,0.6176185
3.375267,3.509744,3.5417862,0.49824536,0.027485564
0.55493456,0.2,1.2433561,0.0,0.7353145
2.8988483,3.4974873,2.6761007,0.5,-0.6306827
2.923677,3.0828173,1.1026878,0.49002647,-0.6901843
2.7809777,0.60495776,3.5110166,0.5,0.69714683
1.8467526,1.8685821,0.69055766,0.21829937,-0.7091026
2.8081071,3.402268,2.7305017,0.49782375,-0.6908916
1.1363643,1.2090856,1.5065525,0.063921876,0.45501357
3.616245,3.4212763,3.7724452,0.5,0.3939068
1.3156985,0.4403191,1.054136,0.07039444,0.68761563
1.1814859,1.386717,1.2202076,0.07087233,-0.22057797
3.666393,4.055839,4.0054765,0.49854842,-0.061600666
2.8070564,2.7471201,1.7456516,0.49884638,-0.66807204
1.5922583,1.422301,1.8768831,0.103413254,0.59565693
2.5338914,2.1683319,2.3367066,0.5,0.15580873
3.5952172,3.5741246,3.635691,0.5,0.13596445
2.1410136,1.7600057,1.704479,0.34676853,-0.094912924
0.41570786,0.2,0.2254603,0.0062458375,0.018970372
1.7955858,1.7062509,2.8723602,0.18421555,0.70818925
1.9052025,3.0166674,1.5978527,0.24132037,-0.7003669
2.0854955,3.4717848,1.94501,0.33252043,-0.6987169
1.8673712,2.6397939,1.879436,0.25089684,-0.6698656
0.5577545,1.0665137,0.2,0.012514058,-0.6995436
0.85659355,0.21686983,0.23353226,0.0,0.064483486
2.5411258,4.0914884,3.0321648,0.5,-0.7093275
3.051498,3.3992827,2.9465747,0.49138248,-0.5363514
3.2633007,2.933635,4.3557925,0.4946967,0.70408654
1.9603349,0.62067014,1.6563329,0.27327242,0.72805685
2.1284335,2.2240758,3.2054558,0.33978826,0.6826113
1.0564502,0.51209855,0.2903489,0.042853203,-0.36457863
2.2024558,2.2697308,2.3260062,0.37231764,0.048939317
0.8568818,1.3280798,0.56844324,0.026108567,-0.7041719
3.5769298,4.194052,4.188076,0.5,-0.009198401
1.7512187,2.4031231,1.5722791,0.19161828,-0.7264875
2.4062746,3.2638266,2.3046308,0.46561587,-0.6928146
2.505419,2.761,2.622987,0.5,-0.17443009
2.3088505,2.5982485,3.801224,0.41980842,0.71822494
2.2029586,2.4172704,3.06743,0.38321507,0.74033165
0.7004349,0.3329764,0.6603662,0.0,0.6611215
2.5297759,2.3589919,2.336864,0.5,-0.0016534827
2.686633,2.7516725,2.4850376,0.5,-0.37096092
3.1848433,3.9900577,2.8501365,0.5,-0.73130506
2.5888247,3.0437062,3.3043075,0.4804859,0.31704023
3.2346735,3.426778,3.1139615,0.49827164,-0.39688018
2.2607892,2.325331,3.045666,0.41186386,0.6678581
1.9482064,1.4736389,2.6761672,0.26645926,0.7139234
2.4253721,2.0779495,2.5312638,0.47466683,0.587955
1.1719683,1.4529955,0.6086457,0.056183103,-0.6442176
3.084409,3.2760243,3.7100973,0.5,0.50608784
3.439073,4.0992656,3.0992038,0.4963863,-0.6514996
2.743344,2.8536007,1.1613321,0.49093196,-0.72349375
1.4865587,1.9071021,2.411584,0.07795168,0.6741413
3.43733,2.8361974,2.416468,0.47980735,-0.52374333
1.3070824,0.998957,1.3407253,0.06290508,0.47127926
2.4761665,2.8378649,2.3307152,0.48701468,-0.6220679
4.250893,4.5079813,4.2118893,0.5,-0.34366798
3.0869505,3.6838505,0.5027307,0.5,-0.7244199
2.8594766,3.6750884,4.1384163,0.48956838,0.560707
3.1294394,3.9606955,3.4569588,0.5,-0.59940284
1.7813245,2.7775133,0.993731,0.1848012,-0.73521954
2.2682226,3.3587086,2.5609746,0.42128468,-0.6995314
1.2437657,1.2001722,1.9428859,0.0659526,0.7061055
2.823003,4.259909,2.9912608,0.5,-0.6540127
2.3754072,4.0332227,3.4026098,0.4375509,-0.7120014
2.5798233,2.1945696,1.8343699,0.49616185,-0.48514426
2.4202852,2.3472936,0.7095784,0.4721357,-0.76499933
1.6351378,2.021057,1.7216861,0.12893781,-0.33428156
3.1433582,3.4677043,2.930912,0.5,-0.666156
1.5646074,0.91189516,2.1175497,0.08886961,0.69875145
2.1651175,1.8983876,2.754216,0.3532742,0.6992363
1.8074617,2.1538632,2.7546127,0.21191637,0.6888719
2.0743446,2.1458561,2.994321,0.32566026,0.76927966
0.3762492,0.9478522,0.6010198,0.0,-0.6356118
3.3366916,4.5059576,2.7353182,0.4795864,-0.6631648
1.6849709,1.2608789,0.9757347,0.15287559,-0.34654245
0.7597834,2.175873,0.220688,0.0,-0.74392426
1.593339,2.7272105,1.5275764,0.117921434,-0.6801196
2.2324603,1.5699669,2.609294,0.3761483,0.6876472
0.87551093,0.44219738,1.3434497,0.027718201,0.7040887
3.0372617,3.0847242,3.5355902,0.5,0.5776048
0.6607185,0.36105075,0.4160253,0.010341638,0.10036857
2.9086027,3.4282093,3.8478966,0.4989443,0.45960167
1.1693732,1.6678104,0.9300934,0.04199549,-0.70341325
1.0980461,1.3759825,0.79490787,0.042037882,-0.67575884
2.7116396,3.004827,2.7056398,0.5,-0.37512842
1.1167328,0.52104515,1.6731595,0.034450416,0.69999164
2.5378609,0.65565985,3.4156532,0.49775094,0.6857256
1.9581326,3.1079469,2.4529552,0.26454413,-0.6955826
2.5537627,0.4542053,2.485604,0.48155513,0.7100124
2.1809266,2.352224,1.8311183,0.3941346,-0.626053
2.9974785,3.3911912,2.600014,0.5,-0.6635175
3.231091,3.4051704,3.2885756,0.49830726,-0.2139007
3.2080126,3.578848,3.176739,0.5,-0.46705943
2.6077936,3.3460755,0.5836081,0.49295852,-0.70991087
0.9917694,1.0032178,1.6067461,0.019992944,0.75884616
1.9695605,3.3157048,0.456975,0.27544045,-0.60998815
0.90329504,0.27899575,1.3489298,0.004072218,0.6879202
0.77507573,1.2751149,0.33879894,0.0034167012,-0.6986833
1.3777325,1.5967934,2.0885704,0.06507233,0.62880814
3.4312136,3.733545,4.051034,0.49193704,0.36717385
0.68035716,1.2871877,1.5045824,0.0,0.39508227
2.6440175,2.565624,2.8143775,0.5,0.33588222
1.9322714,2.6937435,2.070297,0.26311165,-0.6879514
0.6201412,1.8310826,1.1569939,0.0,-0.7147869
3.6789014,3.7491443,4.533521,0.5,0.65861636
3.5498552,0.7039894,3.7271938,0.49816537,0.71173584
0.46668825,1.2761949,0.2,0.009917379,-0.6993434
3.1785927,3.9006193,0.5782566,0.4926847,-0.7067087
1.4119396,0.8234915,2.2885118,0.06358826,0.7114096
3.2876244,3.7283685,3.8585703,0.5,0.20336105
2.3410468,2.9157505,2.7069454,0.43461996,-0.2766262
3.5637715,3.7443225,3.529282,0.5,-0.2562386
2.2910771,3.300542,3.3761544,0.42500106,0.08870785
1.3251004,0.7395505,0.9935878,0.08556126,0.35518584
2.337417,1.4299881,2.5677562,0.42725664,0.7270621
2.711448,3.432587,3.1374118,0.5,-0.27202153
2.3538413,2.243936,2.7832863,0.43543747,0.6891609
0.6785343,0.9177056,0.549301,0.0014162445,-0.71606857
2.3292615,1.9641194,2.9267757,0.44552192,0.6435202
3.0474384,3.712307,3.5881433,0.5,-0.1997584
3.4623442,3.9082484,3.826545,0.49274608,-0.121227264
2.6459892,2.7848966,3.0756934,0.49756196,0.36595
0.82742614,0.43525937,0.74586266,0.0050784633,0.581637
0.6851019,0.8043996,1.8187819,0.0,0.72906387
3.9025805,4.1897497,4.797516,0.4947242,0.6836403
2.5713813,2.4724483,2.446192,0.48068643,-0.06829723
1.6157454,1.4941622,1.7752618,0.11994253,0.33378807
2.225495,2.3506396,2.960045,0.3726893,0.67394906
2.244554,2.7760324,2.7929792,0.37328568,0.022485685
2.0365605,2.420775,2.3115864,0.28198403,-0.13235298
1.2650292,2.086615,0.70281184,0.06532247,-0.6816084
0.82102823,0.90622157,0.5738913,0.0,-0.63378257
1.4593503,2.2024062,1.7408235,0.078819096,-0.58045745
3.2119398,2.7602527,4.191928,0.4892073,0.67927223
3.8750045,4.2180486,4.69742,0.49212328,0.6356805
2.1186695,2.5605977,2.6669343,0.33972722,0.12257449
2.8574593,4.2001376,3.4031339,0.5,-0.70597696
2.394697,2.2067084,0.5661958,0.4541269,-0.6944147
3.0565066,2.6489544,0.2,0.48069182,-0.7009629
1.8912914,1.7138896,2.2300744,0.24724299,0.63938457
0.94330496,0.8337524,0.45903993,0.011455436,-0.63611597
1.051216,1.4184151,2.395147,0.031676233,0.6931765
2.5906086,2.127332,2.9580925,0.4934726,0.6960232
1.5952189,2.017191,2.1425045,0.12525643,0.1573724
3.3983917,3.5394053,3.169982,0.5,-0.3740873
1.7861613,2.5223,0.32895172,0.206938,-0.66311914
0.987709,1.5029168,1.234806,0.004888337,-0.48247486
0.9807927,1.5683248,2.0845294,0.029971596,0.70763993
2.7150197,3.0848265,3.38331,0.5,0.4127295
4.161589,4.9226294,4.4469237,0.5,-0.55712134
3.0790799,2.4543269,2.5221958,0.4985568,0.056249492
2.5232258,0.6871318,2.0380764,0.48165235,0.7077994
0.9593175,1.0965889,0.20085742,0.032845665,-0.6260665
2.711133,2.9984941,2.7335486,0.48448676,-0.34743848
2.6625552,2.3574727,3.081649,0.5,0.6838672
2.7760372,3.2042985,2.959632,0.5,-0.3099825
2.3622785,1.9213686,2.8572483,0.43026498,0.68352175
2.7273595,2.7529168,4.0590534,0.4985374,0.69301546
0.7760288,0.50632834,0.5506227,0.0010009473,0.07085306
1.5005462,1.9604068,1.2015805,0.073050685,-0.6842572
3.2984488,3.2368467,3.5180027,0.49773592,0.31431887
2.2880092,3.0621855,1.6597865,0.39217287,-0.732074
2.6741138,3.7423005,2.8578534,0.4952235,-0.63301533
2.1449742,3.136304,2.10275,0.34022656,-0.6825906
2.1456542,3.2657301,1.6917647,0.34257206,-0.6506571
1.9683228,2.7019603,1.5713341,0.27793884,-0.6985447
3.1763978,3.6463997,3.1034634,0.5,-0.6236769
1.2064824,0.2,0.9348842,0.06423109,0.71465975
2.5603714,0.29517338,2.6110585,0.4837926,0.7374195
0.72648984,1.4107052,1.6057165,0.0,0.38823193
1.6412071,0.8944591,2.360682,0.1412754,0.7441231
3.1110318,3.9731503,0.62020344,0.49205524,-0.6697772
2.2439399,2.038585,2.7387013,0.37331825,0.7084128
1.8814052,1.9044596,0.67654806,0.2354066,-0.74695975
2.5889106,3.1884258,3.1501114,0.49074098,-0.053226274
2.415501,2.7665086,2.0947664,0.47464517,-0.6942914
0.87820727,0.7871948,1.3175579,0.039722808,0.6955492
1.7616429,1.5319875,2.8464372,0.20122714,0.6815931
2.7672865,2.2482266,3.4823384,0.5,0.71939486
1.0325838,0.21180645,1.6965692,0.03952479,0.74212223
2.9270136,3.840368,2.6167655,0.48945248,-0.64264053
1.1394544,1.2670615,1.353399,0.05773708,0.18410805
0.96348625,0.3072912,1.310386,0.03099745,0.68472934
0.59816635,1.1731642,1.3006326,0.0,0.18898907
0.7976789,0.6323701,0.6936882,0.0051298775,0.05947963
3.0130634,2.7645624,3.1345317,0.5,0.43733284
2.1922657,3.0385501,3.2947068,0.35977232,0.32148924
0.8653789,0.42688888,1.1323549,0.030901086,0.67271006
1.6413773,1.8604333,0.5348881,0.14084023,-0.6890862
2.0539064,1.9690852,1.8099473,0.3057598,-0.15144208
1.5649284,0.44658485,1.4816306,0.10803496,0.655628
2.152743,2.6519217,1.8470247,0.34620383,-0.74300075
2.490273,2.8231075,2.8825262,0.47945717,0.11910916
3.1087127,3.9018056,3.9336467,0.49652576,0.055518355
1.1332164,0.8927523,2.087507,0.023909725,0.70592433
0.9809472,1.0429884,0.9386035,0.030309103,-0.18300559
1.6441067,2.1335044,1.5927794,0.14502983,-0.6455896
1.9169663,1.7913088,1.9855324,0.26052108,0.22543399
2.7756038,3.4779665,3.036622,0.5,-0.5102342
3.1714911,4.0116205,4.8224826,0.49419898,0.71607083
2.279712,2.6475651,2.7634375,0.40740994,0.14971976
3.3307707,3.7317543,3.5033793,0.49688175,-0.24500507
2.0638301,2.155852,1.8057986,0.30491394,-0.41046098
2.378955,2.3389754,3.1805532,0.43435937,0.6967361
2.4334826,3.3161206,2.0123649,0.4701917,-0.70235145
3.4853413,3.3357787,3.8696096,0.5,0.6755617
2.6752207,0.7756984,2.8147862,0.5,0.7310306
1.5438895,1.4347382,1.64974,0.09602802,0.26298827
3.1874704,2.9433637,4.4205117,0.5,0.6742542
3.745505,0.3982018,4.2384686,0.4850891,0.64840734
2.4598472,3.0212505,3.1776628,0.48776555,0.2183615
2.088566,1.9520279,1.7169747,0.33093378,-0.3101597
0.6968619,0.7328864,1.4486387,0.0,0.6725803
3.8082316,3.9226556,4.697927,0.5,0.689992
3.1020722,3.4509346,3.545146,0.5,0.047130443
1.6353575,1.5748012,1.6882612,0.13388675,0.126816
0.71213347,1.7477729,0.4876866,0.0,-0.67227405
1.0276442,0.67576426,1.2313348,0.018404044,0.7147042
2.0207748,1.4487619,2.1844733,0.29666507,0.7124067
3.3691723,3.4937174,3.308218,0.5,-0.2363601
2.830964,1.1550279,3.3303306,0.5,0.7297077
3.4101193,3.190368,3.7553103,0.4845735,0.7000241
1.9801432,1.873612,2.0026143,0.28600663,0.107463844
2.856064,3.0152085,2.871453,0.5,-0.15364715
1.027912,1.1226897,0.4016814,0.04848836,-0.7676083
0.92709273,1.194814,1.0483929,0.015713926,-0.26306888
3.5293353,0.6542649,3.0718665,0.5,0.71954083
0.64692813,0.63562286,0.6528396,0.011693752,0.060380973
1.7535908,2.280611,2.1833284,0.18888398,-0.15758479
3.1135082,2.238083,2.4059427,0.499585,0.18549155
0.52148134,0.95570964,0.6342722,0.0033262635,-0.58146083
3.3258522,2.4650009,3.6879432,0.5,0.72041297
2.0879493,2.3419375,1.5886908,0.33581766,-0.6791045
2.648131,3.1116676,2.544319,0.5,-0.60952777
2.9828174,3.363318,2.5869117,0.5,-0.7159062
2.6869314,2.6132846,3.3355753,0.48892307,0.73955506
1.5419885,1.8869255,1.4148198,0.095856726,-0.5710119
4.2897496,4.0643187,4.147846,0.49746755,0.10236268
2.7083428,3.610369,3.4213364,0.5,-0.19687898
1.8143141,2.3991492,1.8174735,0.20048667,-0.6776449
2.8393826,2.4750419,3.8918066,0.5,0.6732666
2.8396485,3.71497,3.3160367,0.5,-0.49128756
3.195208,3.5124788,0.71111137,0.49893734,-0.6970835
3.1409552,2.7399294,3.6489172,0.49348894,0.6965773
0.80903834,1.5960668,1.6593065,0.013769021,0.16391754
1.5719756,2.5798047,0.21505727,0.115543924,-0.65075475
0.9572633,1.0147352,1.4651337,0.022917405,0.6970086
1.6722971,1.9938387,0.55302674,0.15929902,-0.63670814
3.284045,3.4961393,2.9402695,0.49941736,-0.68896997
0.7811066,1.2264283,0.89644176,0.0019092566,-0.6969934
3.0010357,3.5721653,3.1069129,0.49554,-0.53276217
2.1951096,2.9231691,1.56262,0.36785066,-0.69846773
2.3189971,1.5714166,1.9374472,0.41684178,0.4220471
2.1302795,2.0183046,1.627671,0.34693757,-0.50108755
1.0009438,1.68193,0.73728275,0.04474066,-0.6863246
2.2622747,0.52969,2.6946213,0.39721236,0.73775977
0.9296356,1.3201174,0.9484518,0.030810703,-0.6842186
2.2730212,2.0355878,2.6053407,0.41573268,0.7399486
0.8441301,1.2733624,0.7189937,0.030709073,-0.6794405
1.0208685,1.1698046,1.9199817,0.03755507,0.6828059
2.6816065,3.2227266,2.6964905,0.4876527,-0.6342222
2.0312207,2.4913213,2.7099,0.2865963,0.2919814
3.0458393,2.5450537,3.24248,0.48612007,0.6683635
2.4147248,3.6937048,2.2531939,0.4510396,-0.72481614
2.9130747,2.527663,4.2618847,0.4934864,0.65771323
0.7292416,2.182334,1.6057006,0.0,-0.65856355
0.98283803,0.2,1.0609097,0.032513123,0.69584316
2.3531957,2.6511633,3.0061746,0.4442812,0.4663756
2.1545131,0.9212287,2.3350363,0.33172363,0.677391
2.8245366,3.8679228,2.9136937,0.48682103,-0.69800377
2.3153985,1.9494939,2.1454332,0.41629156,0.27861974
3.4957657,3.1643813,3.687999,0.4947094,0.6195871
2.6795678,2.8341157,0.47209305,0.5,-0.6554604
1.7789733,2.662407,2.1086044,0.20883544,-0.67058724
2.2467322,3.0220675,2.7622616,0.38094893,-0.2945999
1.9922811,2.0911095,2.1785355,0.31842673,0.06981272
3.2191293,3.261014,2.7663887,0.5,-0.6024342
3.1017144,3.4996245,3.4778414,0.48400044,0.06083357
2.5708804,2.7062235,2.3835492,0.49843663,-0.40180796
0.9115917,1.1393253,0.29404277,0.014087135,-0.6768107
0.7280279,0.8151643,0.8054432,0.0,-0.050946537
3.108014,3.6347766,3.067242,0.49609858,-0.6812887
2.8966072,3.3131702,2.6626432,0.5,-0.65892816
3.0154452,3.9532278,0.49867907,0.49745926,-0.700551
2.4617996,2.3195186,2.8288536,0.4916884,0.6176455
2.2156734,2.1523294,2.086654,0.36789012,-0.09367818
2.986708,3.145821,2.717133,0.5,-0.56911224
3.5266037,0.62725264,3.9482276,0.5,0.7008986
3.2195456,3.8670068,3.3330004,0.5,-0.64963514
3.586336,3.2622278,3.8931382,0.47564846,0.71115845
2.7000268,3.5419974,2.7766957,0.5,-0.7818839
2.0066755,2.1013994,2.3575525,0.29748568,0.3051031
2.0594506,2.8787997,1.549429,0.3284915,-0.72119194
3.4722342,4.9141517,4.303552,0.48483944,-0.7230684
1.4679625,2.1843514,0.8110619,0.07664303,-0.69454145
3.5383396,4.035046,4.125393,0.5,0.12547909
1.2826596,0.65483046,1.3863833,0.04704081,0.7048537
0.6877013,0.7453467,0.5689705,0.018210407,-0.37603638
2.5765831,2.911206,2.7177248,0.47907287,-0.2360661
1.2819,1.1051304,1.7665528,0.061581276,0.75557774
4.0390234,0.7161214,3.1372359,0.5,0.7327007
2.3932912,2.7732663,3.2021034,0.45601243,0.47274306
2.4278064,2.6533158,2.8288095,0.48564067,0.21887647
2.2060413,2.6018991,1.4412209,0.37243056,-0.7057505
1.94799,2.2940812,1.8673613,0.27324936,-0.5157319
0.66286176,0.6835363,0.6964875,0.0038294476,0.007613741
2.2432287,2.9012759,2.955161,0.40288195,0.052030433
1.870074,1.7113352,1.8506254,0.22779936,0.16399184
2.4755864,2.8137476,1.9686745,0.4960103,-0.6957313
2.7809868,3.6273575,2.8180208,0.49621838,-0.7160112
2.1107278,2.6687522,2.5410113,0.34808993,-0.13344981
2.5326655,2.69289,2.6415515,0.49493343,-0.017065857
3.4334416,2.723974,3.896957,0.5,0.7092177
1.111602,1.0347114,0.2,0.034479316,-0.67085457
3.7543373,5.0611815,4.83211,0.49308902,-0.31928396
2.1907754,2.2238755,2.320714,0.3609982,0.14134946
1.1591132,1.3698511,1.4910225,0.04073189,0.2069188
3.387006,3.667583,3.9787376,0.49602544,0.35709968
3.5671065,3.912892,4.34893,0.48270136,0.5082233
2.879543,2.7193758,3.6245067,0.5,0.7056901
2.1726327,2.7370076,0.28094447,0.36745024,-0.7584225
2.157368,2.5975938,0.5667244,0.34603202,-0.70791024
2.2372327,1.5928282,2.673767,0.38971975,0.6905268
3.7511206,2.67212,4.504648,0.48900285,0.7079786
2.3778799,2.352067,2.8406248,0.43783486,0.5961439
2.7305562,2.3790536,1.954935,0.5,-0.49747273
1.976973,2.2611794,3.1318154,0.2943825,0.6393734
1.8801795,1.8444297,1.833584,0.2508676,-0.021073453
2.6226869,3.0201986,3.259415,0.48606765,0.27378026
2.4164612,2.8661325,1.6682336,0.4647097,-0.6676541
2.4873505,2.1948085,3.3189745,0.5,0.6954676
1.0250001,0.5619621,1.6973736,0.0401248,0.74269253
2.5678756,2.4600077,2.550354,0.5,0.12142903
3.511226,4.1688256,4.353469,0.5,0.19877076
2.0770497,2.2579927,2.3615685,0.34337854,0.15088773
3.173019,4.04496,3.7605603,0.4936259,-0.3245476
0.50249326,1.3774474,0.692419,0.0,-0.72041434
1.099736,1.2664316,0.9704702,0.07425791,-0.52381676
1.449833,1.3626508,2.5695817,0.07216711,0.6821338
3.3909986,3.0958447,3.778671,0.49642757,0.7693685
3.1080115,3.682428,2.5766814,0.49734762,-0.7414673
1.1640571,0.62903225,1.3590506,0.06067874,0.67085046
2.8199575,2.5839953,3.3103073,0.49844494,0.6993448
3.3599472,3.9792464,4.030354,0.5,0.046589613
3.4011142,4.1117306,4.6879225,0.5,0.66642076
0.46940514,0.20141098,0.9688741,0.0,0.73775417
1.2642492,1.7379559,1.0308883,0.058745384,-0.7059507
1.0991833,1.5397105,1.1619405,0.031112926,-0.60716313
1.0679723,2.122876,1.9364749,0.046268098,-0.33536214
3.8631716,4.0049987,3.7344341,0.47997934,-0.37363625
0.92727816,1.1250514,1.2294996,0.020885047,0.14134547
2.256989,0.7600154,2.1943831,0.39598843,0.6743074
4.0432487,4.9403577,4.0458627,0.5,-0.72265935
2.8079987,3.2073753,0.6599626,0.5,-0.6981141
0.9150056,1.216724,1.2439779,0.017776756,0.032585207
2.505774,2.4060333,2.6477716,0.49668932,0.22524501
3.1581318,3.1952987,2.6216753,0.4976033,-0.68073124
2.4975524,2.7216256,3.34688,0.5,0.6910367
3.0363288,3.6511898,3.866831,0.5,0.2712283
1.0817201,1.4381565,0.27532354,0.03832366,-0.7456395
1.7061912,1.6186033,2.560485,0.16346608,0.70879287
2.1776829,2.734253,2.7278492,0.36754093,0.0023902273
0.803444,0.8602133,1.3463717,0.035728868,0.6800883
0.87628806,1.019974,1.2848587,0.024261216,0.48985928
2.9773514,3.5700557,3.5637686,0.4964062,-0.034531325
4.13574,4.714092,3.7186081,0.49192443,-0.6725347
2.1932745,2.511601,2.2307615,0.37289143,-0.3534262
2.4558244,3.5766106,1.897831,0.48695606,-0.67479527
2.160906,1.433596,1.7652457,0.35833204,0.39457217
3.275937,3.9435086,4.057404,0.49673697,0.17285736
0.81467015,0.5085234,1.2478526,0.0030080234,0.6903963
2.315295,2.4687788,2.3563533,0.42404714,-0.11106003
0.7438192,0.88133866,0.3485877,0.01623114,-0.75496536
1.2437636,0.4146222,0.7234067,0.041918024,0.42560536
3.262909,2.9590487,2.8158145,0.4987521,-0.19649225
3.4310286,3.0263233,3.2865927,0.5,0.28378236
1.7649138,1.0036778,0.54068583,0.18344086,-0.5201583
1.289129,1.4760588,1.9999312,0.06994433,0.71687675
0.96246684,1.2433785,1.3364499,0.016094014,0.18476045
3.151105,3.6641057,3.5081685,0.49731296,-0.17023627
1.9321948,2.7260084,2.4562554,0.26848906,-0.32916299
2.946378,3.5794373,3.1625056,0.5,-0.51186776
3.0693107,0.2907078,3.3915534,0.5,0.6872568
3.2748702,2.9550025,3.3970325,0.49219868,0.5024344
3.133919,3.8765647,0.88850486,0.5,-0.66710997
2.6187687,3.075769,2.40179,0.49545395,-0.6661545
0.53567654,0.2,1.210133,0.0,0.71031725
0.5217359,1.2924254,0.23762137,0.004916042,-0.6906102
0.7210991,0.51277214,0.32366055,0.0,-0.34779826
2.5152466,2.1282487,1.9016199,0.4882299,-0.29019222
2.4066803,3.4197848,0.780534,0.4617626,-0.73533607
2.1524715,2.45206,2.4343865,0.3694716,0.0031466119
1.5489478,1.2566855,1.2521507,0.12733519,0.00041121728
1.8380806,1.7724681,2.1803777,0.22406833,0.46514174
1.0597109,1.8077657,2.10821,0.03110297,0.45189047
2.4158897,1.9844402,2.4051654,0.46547246,0.5301762
2.8158774,2.9787443,3.1879709,0.5,0.2518877
0.7027292,0.7814021,1.3882345,0.001533026,0.73351806
2.7072992,4.335302,3.0918443,0.5,-0.7223498
2.4976304,1.9854457,2.7892954,0.49487472,0.7167886
1.0860212,0.59381354,1.08761,0.037477467,0.7176864
2.3136396,2.2923052,0.34945923,0.42103687,-0.664142
3.2285273,3.142019,3.705884,0.495757,0.6229352
1.9942776,2.2395184,3.1488717,0.3043206,0.6729409
0.7306655,0.71583754,0.7328056,0.0,0.0092706615
2.8077164,3.4379656,0.8475639,0.5,-0.6840622
2.1188734,2.354653,0.4961887,0.34044558,-0.7338973
3.1762254,2.9588823,3.8437777,0.48928937,0.71230346
2.8145473,2.9299264,2.6190693,0.49305868,-0.40883598
0.7367629,0.76596403,0.9643132,0.0,0.3421629
4.0648775,4.8431377,0.59637666,0.49873918,-0.6961723
3.1750348,3.8939197,3.4051576,0.5,-0.6718763
1.5997912,2.0960674,1.7805284,0.12933342,-0.3500423
2.3252628,0.5220214,2.613057,0.45111084,0.6523318
4.066224,4.4735374,3.8492045,0.5,-0.7497524
2.0440934,0.5544015,2.2195678,0.30712095,0.71344984
2.6242127,3.1557047,3.0310044,0.5,-0.179931
3.3752134,4.19401,3.4094691,0.5,-0.68214303
0.8849003,0.2,0.7071537,0.021225981,0.6950896
0.6907676,0.81190753,0.48374277,0.0,-0.6007272
3.0477903,3.2504563,3.715556,0.4949047,0.60106665
2.6275618,3.2513876,2.8052447,0.5,-0.5604783
2.0965643,2.0306766,2.9925616,0.33224776,0.7024079
2.817089,0.9556344,2.946435,0.4954354,0.69223535
2.3451378,2.6772146,2.4488761,0.43554056,-0.302388
0.9784925,1.3775122,1.3515221,0.023281164,-0.016541043
3.4733965,3.7715378,3.8926747,0.4950429,0.19113255
2.3466551,3.009629,3.1509511,0.43985042,0.15990418
0.93612677,1.4912108,0.21762173,0.037807614,-0.70751697
2.7554514,2.7159975,3.1431196,0.49529943,0.5240083
2.4939067,2.6981738,2.1525998,0.4975635,-0.65104765
1.511335,1.9954915,1.6469434,0.083684064,-0.5000444
3.8748343,3.672041,3.5347362,0.5,-0.21542688
0.96897244,0.8182682,1.2699324,0.030589186,0.6701585
1.2348125,0.7458439,0.91716266,0.07763486,0.23916522
3.1983533,4.0342383,0.533225,0.5,-0.6832436
2.5225458,3.8689902,2.1700838,0.48970115,-0.7358883
0.7791579,0.70655835,1.5595084,0.0072663063,0.7325302
3.1423647,3.6146767,3.7174957,0.49347568,0.13449404
1.0509644,1.9190285,1.8836572,0.048867892,-0.05516218
2.1821468,1.8464231,0.47153285,0.36890936,-0.67027634
1.2074732,1.6061333,2.2997224,0.07184505,0.6875225
3.0809784,4.0223446,4.553344,0.4969961,0.6304549
3.9849906,4.023573,3.572577,0.48550808,-0.545233
0.5325052,0.72604114,0.6257657,0.005678754,-0.26915213
2.8979368,3.7771583,2.6797156,0.5,-0.7241497
4.2341156,4.2088,4.80181,0.49331307,0.67514205
2.5777442,2.5367155,0.68831193,0.5,-0.7618369
2.8392015,3.0218878,2.567313,0.49928027,-0.5378298
1.9070144,0.27236295,1.4016868,0.24020116,0.7026245
3.7962615,4.3872275,3.8435123,0.5,-0.6803013
2.1502562,2.6478462,4.2415566,0.3500401,0.74944353
2.8241687,3.2660425,3.357358,0.5,0.15904449
2.6928136,2.432127,3.2399309,0.48438644,0.71053886
0.7088801,1.1987839,1.4000378,0.0,0.42096195
2.3000104,2.3294144,3.1248493,0.41567543,0.72923917
2.7096343,2.9076984,3.1025517,0.5,0.26745227
3.5683198,3.7553892,3.8389256,0.49031782,0.15134363
3.9655292,4.709971,0.9192928,0.5,-0.7633783
2.5073044,3.6125665,2.795355,0.48542973,-0.7284269
2.3567684,2.1163497,3.0946913,0.43522227,0.7165904
2.1294677,2.8567426,2.9008484,0.34900734,0.07383557
4.214492,4.3503156,4.090685,0.48863524,-0.34165135
0.7078019,1.3300833,0.7709669,0.0007856206,-0.7572215
0.88098335,1.2127595,0.42493412,0.012141218,-0.76533914
1.1441863,1.1248758,1.8986762,0.036047965,0.7457544
3.947291,3.8896995,4.380442,0.4972314,0.62666494
2.4737291,2.6011019,2.4853642,0.48296344,-0.14743999
1.9051193,2.3671563,1.9000413,0.25798097,-0.54424673
1.0000465,1.5203842,0.7125003,0.03352421,-0.7119173
1.1638395,2.887278,0.32935503,0.04358437,-0.71335286
0.4659248,1.0482618,1.4384419,0.0,0.73967135
3.5387492,3.1424356,3.324768,0.5,0.19848144
1.0546532,1.922232,0.5178871,0.039401013,-0.6483298
3.5175273,4.0874786,0.7347022,0.48984256,-0.6947793
0.5380597,0.71759874,1.3451025,0.012051513,0.65348774
3.1722093,2.895786,3.812072,0.5,0.65470165
2.909892,3.0633879,3.75954,0.49891543,0.7360584
2.395909,3.2129776,2.3145592,0.47229454,-0.6602789
0.89431727,1.3335924,0.7748578,0.020449338,-0.7410231
2.3847556,3.3067846,2.7628376,0.4443889,-0.68353593
2.767589,3.6385667,2.8294709,0.4935883,-0.69925565
2.2755425,2.6588695,2.5236394,0.4060581,-0.13825043
2.8693442,1.5510222,0.46132368,0.49893004,-0.6714594
0.8670916,0.68715715,1.3562996,0.0132519975,0.70475674
2.6971219,2.2161295,3.2060966,0.5,0.690504
2.7346883,3.712886,3.2951896,0.4910916,-0.50457364
0.55715734,1.0137457,0.2872328,0.008090459,-0.67904675
2.4946241,2.5591018,1.9661795,0.49899203,-0.69867015
1.6200093,1.5757152,1.511001,0.1332948,-0.055590916
2.4978395,3.3828316,3.195664,0.5,-0.22359726
1.9978114,1.7916754,1.5085759,0.3128549,-0.32750994
2.647485,2.2466276,2.8663473,0.5,0.7522779
2.145773,1.6617494,2.4990427,0.3422336,0.6662196
1.3914942,1.6792395,1.9131768,0.058997985,0.29094425
3.939832,3.7814243,3.5167031,0.5,-0.281113
0.9161097,1.737661,0.2130853,0.030768622,-0.6679814
1.3775054,1.6139965,1.2459576,0.07329597,-0.5241996
2.3355541,1.8252001,2.7484062,0.40737227,0.69964504
3.632908,3.7454617,4.5987487,0.5,0.7579929
0.5583232,0.29989535,0.44414362,0.019355383,0.2870869
0.9035303,1.0020577,0.6385929,0.0291474,-0.63059604
1.9427509,2.750503,2.2670236,0.27227315,-0.5815165
4.1662436,4.3002963,5.350378,0.49833754,0.7044112
2.4576418,0.37643763,2.8697054,0.48535994,0.6789662
3.1499546,3.5709724,3.571647,0.4870261,0.023221385
2.8680427,2.9322345,0.2,0.48139542,-0.7266989
2.5686975,3.0819945,3.262857,0.49675605,0.22140206
1.0918335,1.4836321,1.3028736,0.053409003,-0.26465082
3.4654348,3.0749562,0.59654903,0.5,-0.6939301
2.9991755,2.5841496,3.2722151,0.4991218,0.7094154
2.6861289,2.8109174,3.2551053,0.48671976,0.55538243
1.1967409,0.9445308,0.8329249,0.040423147,-0.17191835
3.6799173,4.8539977,4.4072165,0.5,-0.5377517
2.337821,1.9727479,2.4687366,0.44112194,0.577372
1.449899,1.1863165,1.5336088,0.055407777,0.41363665
1.8958721,2.6584446,1.7235844,0.23838407,-0.7138817
0.72493625,1.0457761,1.1070012,0.0019611558,0.11835029
2.0700781,2.2092206,2.6625555,0.30864,0.5494198
1.0638279,1.6693226,0.77623457,0.02762977,-0.6791757
2.5468483,3.395949,3.0882342,0.4996747,-0.3613384
2.7483864,0.2,3.386279,0.49718454,0.680602
2.7360852,2.5973814,3.337596,0.4993737,0.7064187
2.1747024,2.572656,0.52379155,0.35353714,-0.6699544
3.2098355,3.9790287,3.2437708,0.494515,-0.7422305
2.9108968,2.9911377,2.9768898,0.48887137,-0.02697969
3.5687363,4.042915,0.50935197,0.49847183,-0.6960234
3.0889444,2.9898064,3.029244,0.5,0.007615515
0.7837815,0.5133359,0.85551465,0.00964492,0.6713722
3.386741,3.7628386,3.2432375,0.49867183,-0.58469594
2.7858915,3.4494352,3.0160618,0.5,-0.533934
0.95829606,1.5711254,1.8891467,0.02796204,0.48191065
0.90783,0.5153055,1.9505111,0.010570173,0.6592071
2.5582135,3.3980541,2.433115,0.5,-0.679167
2.6385102,3.2175558,3.7738554,0.4969936,0.65883046
2.539664,3.3205988,3.3150718,0.5,0.04634169
2.0603805,1.8947755,1.9907988,0.3243931,0.1216588
1.2503327,1.9989825,1.7957575,0.06942251,-0.35812014
2.171422,2.7157454,2.3637402,0.37365305,-0.39222777
2.7439306,2.2734158,1.9006946,0.5,-0.42970136
3.214147,3.7240644,2.8478465,0.5,-0.7444445
0.9879116,0.70387834,1.5299175,0.013783607,0.7066545
0.9605572,1.191829,0.33350694,0.024926394,-0.66203713
1.4321564,2.8033626,2.5291164,0.075247295,-0.36145073
2.5963898,2.8885705,3.188426,0.5,0.3461572
2.0351691,2.1467927,0.819389,0.3140606,-0.6748828
1.3382014,0.8516454,0.7248756,0.068214506,-0.1828601
1.6627481,2.053923,2.4000463,0.15076211,0.39336637
3.407229,3.5766764,4.0933185,0.49647874,0.5829268
3.716465,2.978585,4.354168,0.5,0.69331855
3.0705044,2.7030604,0.67991066,0.5,-0.6755264
2.517583,3.1703136,3.5808642,0.4912156,0.49284422
1.7517232,0.5884857,1.5843565,0.16878052,0.7430957
2.4680452,2.7780275,0.49187958,0.5,-0.68430984
2.9358566,3.7223504,2.7317388,0.5,-0.6419687
3.1355608,3.3841133,3.660336,0.49994352,0.29520568
1.1616681,1.0477486,1.2349191,0.037044417,0.22050475
3.360487,4.67076,2.820411,0.49513623,-0.6796452
3.7962892,3.3124423,3.9954734,0.5,0.69443864
0.76287824,1.1903172,0.2,0.00640502,-0.7143782
4.2756267,4.2092676,4.5361805,0.4871756,0.3925369
1.4207681,1.5361395,0.6230999,0.065434955,-0.68320435
2.1005778,3.1817873,2.0908353,0.3464219,-0.67677283
2.7242332,2.9265049,3.4128802,0.4965204,0.5907441
2.9111366,2.9975352,2.2390535,0.5,-0.67526835
1.2703501,1.2721211,1.5391216,0.05724505,0.39451936
0.8900857,1.3349323,1.1817315,0.03486745,-0.23399031
3.9202878,3.675469,4.1249285,0.49661887,0.5383749
2.2549443,2.53751,3.058778,0.40251988,0.6189895
1.9960719,2.1641006,1.8692167,0.27804646,-0.33624738
0.60357237,0.4078774,0.69540524,0.0,0.5131715
3.048913,2.6091886,3.270313,0.5,0.7585659
3.2294571,3.4850688,3.3042598,0.5,-0.23373266
0.5727595,0.65363127,0.2,0.006428851,-0.6995355
1.8012391,2.086614,2.701838,0.19579364,0.65470034
2.6602664,1.7944583,2.4504402,0.49011353,0.6636511
1.6868316,1.6745161,1.465665,0.15165581,-0.21274397
2.7007818,0.40069473,1.7775742,0.5,0.7222702
3.042425,2.3649468,0.539627,0.5,-0.66885823
3.21453,4.407986,3.5166929,0.5,-0.74018073
2.5082932,2.9533532,3.326396,0.5,0.4279372
0.9007461,1.1787876,1.0247664,0.025217561,-0.2186175
2.0335796,2.3625062,2.3530445,0.30613294,-0.0120643405
1.2610452,1.1375527,1.976116,0.06831873,0.6700476
2.9927318,0.9375659,3.9041162,0.5,0.71418697
0.8991159,0.27445388,1.2899433,0.0040265736,0.69121605
2.9262896,3.153411,2.9395306,0.5,-0.30149257
1.5328038,2.3003232,2.3206575,0.10836308,0.023787966
2.6151283,3.1206694,3.4208567,0.5,0.35360953
2.1312964,2.0001924,1.4708241,0.34529683,-0.6464113
2.7098436,2.948537,3.0776372,0.495111,0.14889598
2.9224498,0.77652615,3.596571,0.49701637,0.6735343
1.3061416,1.5813316,1.9756751,0.0513928,0.5503685
0.90737176,0.4588149,0.98524636,0.020577703,0.75289756
0.9776355,1.9142907,0.94566464,0.012111622,-0.7197652
3.1166823,3.4184282,0.4156228,0.5,-0.6960842
0.6643952,0.71645814,1.0197587,0.0055540632,0.56998867
3.0209901,3.6085887,3.1042204,0.5,-0.6058498
1.8116392,1.8703749,1.9481049,0.20202534,0.08609461
3.8170004,3.3488376,0.572419,0.49597627,-0.6676766
3.2731035,3.4866126,3.3372643,0.4899624,-0.18715724
1.4015006,1.981073,2.1650035,0.07276409,0.2486306
1.9540068,2.1006901,2.3931763,0.2665241,0.36605582
2.2496974,2.4034908,2.6743507,0.3909774,0.3195459
3.0817719,3.2248216,3.1528573,0.5,-0.09489886
1.1624428,1.3494012,1.6742289,0.054217413,0.47926682
2.5425432,0.41263962,2.278592,0.5,0.6556171
3.0826457,3.7047558,3.3814292,0.4919197,-0.42031488
0.9893985,1.5556728,0.30441943,0.06120472,-0.6378068
0.53840995,1.8045529,0.635715,0.011957534,-0.751071
3.1361117,4.2293997,3.0866327,0.5,-0.71854943
2.124548,0.6594406,2.2429745,0.3453191,0.718217
1.9237844,2.00157,1.9089227,0.23578602,-0.12639001
2.0906568,2.6362994,2.5589952,0.320792,-0.07967156
0.9970104,0.35286927,0.85223675,0.0065460415,0.6907058
2.411869,2.7738435,3.0654166,0.47809345,0.39541575
2.7309718,2.487163,3.7647715,0.49376193,0.6431653
1.8591844,2.1029103,1.5380852,0.23738813,-0.68268824
0.7498241,0.87866217,1.1579275,0.01582816,0.54294765
2.6410236,2.008005,2.7242057,0.48850536,0.72765046
2.749817,4.1793337,3.453265,0.5,-0.68844146
2.3317716,2.3682244,2.0134408,0.41006228,-0.40351072
3.1112826,3.9806612,0.36349508,0.5,-0.69843525
3.3868127,2.823455,3.3696043,0.5,0.6776135
2.393351,2.3024015,2.448691,0.4661082,0.23338592
3.1197846,3.6818163,3.2000926,0.5,-0.5965984
3.0782642,3.1387103,2.7086363,0.480668,-0.4991734
2.8743126,3.4138157,3.4713829,0.49751282,0.052208718
1.2847433,1.7851369,1.1166556,0.051737715,-0.72133315
0.45142692,0.31267017,0.9654783,0.004831008,0.66938126
2.3369212,0.6669211,2.409482,0.4144877,0.71430904
2.1420043,2.6751986,2.2405734,0.3546583,-0.51537055
3.026809,2.5177183,3.7586586,0.49853265,0.7017626
2.4183607,2.7340827,0.27267572,0.45741978,-0.65393597
2.1765497,2.7618256,1.3143581,0.36723474,-0.6661144
3.6100392,3.7630982,3.4344692,0.47528675,-0.4069796
3.692852,3.9500277,3.8381124,0.5,-0.22553718
1.0229682,1.5080609,1.083706,0.033092745,-0.7244748
1.7667637,1.1595716,1.6144935,0.20768027,0.5425928
0.6730602,0.7445641,1.7149719,0.011475663,0.71160054
2.8441744,2.8632593,3.6923292,0.49029133,0.6995315
2.8558133,3.4141126,1.7347229,0.4966395,-0.6817222
1.299894,1.3130952,1.2242128,0.05067286,-0.0613639
2.1687706,3.3175378,2.4787571,0.3605755,-0.6631223
2.3591554,0.6292077,2.6991806,0.44597402,0.6845578
0.74248356,0.38348836,0.4995787,0.0081184525,0.18098141
2.3521597,3.1318889,3.1514473,0.4416487,0.009095894
2.8292181,3.3721306,2.6688433,0.5,-0.75165296
2.6159241,2.9807312,2.8156002,0.49823657,-0.24063331
1.9552667,2.0724106,2.0722702,0.27915516,0.01033847
3.5853891,3.5628974,0.6548951,0.4798893,-0.7054957
2.9523685,3.3893383,2.8164964,0.5,-0.70312595
0.9269769,0.3680738,1.3526175,0.0018943951,0.7293357
2.895331,4.0532303,2.7181375,0.48602223,-0.6588959
1.4614384,1.8585937,1.9129025,0.09552883,0.09888564
2.3377657,2.381001,2.241371,0.4422448,-0.15670358
1.6727332,1.7293278,2.5942118,0.1409299,0.6912983
1.0232805,0.6252501,1.1117812,0.015926266,0.75055605
2.7957704,3.339186,3.0973613,0.49483013,-0.2975119
2.610718,2.5127137,3.4562209,0.4884692,0.742047
0.66359204,0.8196238,0.9847759,0.011097378,0.3380542
0.56584483,2.0175276,1.1292064,0.0,-0.70125437
0.6527856,0.20908806,0.23451065,0.0,0.12674695
2.8475287,2.9712234,3.3755028,0.5,0.51519597
2.7254539,2.2370753,2.8461885,0.48977396,0.65453213
1.8353865,1.7228146,2.4401782,0.21776253,0.6216177
3.3577843,0.4902597,3.7840672,0.4965667,0.7345155
1.2038847,0.791878,1.6897005,0.07062277,0.7212344
2.843671,3.313359,3.4415276,0.49025327,0.1898885
1.6631995,2.6336088,2.401027,0.14550802,-0.23258457
0.81498104,1.1551857,0.23505057,0.005319641,-0.74821013
0.7738314,1.3967531,0.6031255,0.011908984,-0.715469
2.4152033,0.7666338,2.6084058,0.47170904,0.65169257
1.2166532,1.7601628,0.80004096,0.05195158,-0.67556477
2.510934,1.5144125,2.6716688,0.4996402,0.71654695
3.8541207,4.1167994,4.200556,0.5,0.11885415
3.127623,1.978309,4.0402136,0.5,0.6751732
0.62089515,0.49014974,1.2134768,0.005670343,0.6870791
0.6799231,0.2,1.2003866,0.006840077,0.6718662
3.522158,3.866064,3.696171,0.49640962,-0.21835794
3.137486,2.953568,2.4535224,0.5,-0.5571955
2.5657372,2.9464867,2.401116,0.49269897,-0.63874996
2.2163963,0.2761843,1.6282985,0.37521905,0.70137346
0.83050424,0.5627217,1.2324476,0.011788613,0.71979344
1.1214287,1.4688255,0.40101218,0.031861056,-0.6627227
0.33275592,0.67456007,0.6257434,0.026269903,-0.13750637
2.3434653,1.8224251,2.8262727,0.43137935,0.6606219
2.398463,3.221537,2.3913715,0.45836625,-0.6839448
3.2283852,2.965878,2.7910633,0.5,-0.16708373
0.7759646,0.67980784,0.75433266,0.0035078109,0.1523331
3.741159,3.5173478,4.2100387,0.5,0.72793096
2.219465,1.584494,1.6421657,0.39135927,0.08122325
2.027355,1.7242073,2.3232558,0.2991592,0.67243755
1.2071173,1.4189314,0.79266,0.05636532,-0.64461964
0.96554637,0.9338815,1.37351,0.039409086,0.7249398
0.8150476,1.5898751,0.3914975,0.015996564,-0.7475612
2.2236826,2.1401112,2.8080368,0.38634738,0.6726897
0.36501226,0.5381361,0.6048705,0.019817824,0.11374336
3.5215628,3.4256816,3.2327354,0.48314035,-0.21224742
1.713871,2.3755789,0.61361396,0.18893233,-0.69332
3.2152066,2.6928172,3.2961657,0.49864614,0.684532
2.3054862,0.7264834,1.4251766,0.41123,0.7279298
0.3015376,0.76549053,0.9131894,0.0058883512,0.2877673
1.1098915,0.91381276,0.24408168,0.0571485,-0.7307976
2.895228,3.0254886,2.9919672,0.49252933,0.019035354
2.3937564,2.8146641,3.7093768,0.45520934,0.69877535
0.90074056,0.7237569,1.0882877,0.015045601,0.6620446
1.0548524,0.96067506,1.123511,0.038598098,0.25998035
0.8527386,0.41923174,1.0169309,0.0,0.6759741
1.5233222,2.822472,1.2481164,0.104676686,-0.74199116
1.5626494,1.4897664,1.8415931,0.08557115,0.42820877
0.8605938,0.45144245,2.1663377,0.008156302,0.6558948
0.9257553,0.27009356,0.6678817,0.027225012,0.6725076
3.0656214,2.8120983,2.835986,0.49830833,0.050783195
1.93913,2.300045,2.3939893,0.26472536,0.112871684
2.6352713,2.7156599,3.1903427,0.5,0.579372
2.8856032,3.272702,3.1204362,0.5,-0.2055064
1.1373495,1.6497751,1.226511,0.040235635,-0.6591879
2.8001297,2.8946257,3.232754,0.5,0.41098776
1.7533232,1.9660363,1.2263806,0.17056619,-0.6930864
2.8710694,3.8383129,2.7824876,0.5,-0.6825049
0.9585067,1.4959168,0.2,0.0070494586,-0.7030271
1.9018652,2.254761,2.008304,0.25414154,-0.35319608
1.8160774,1.8609058,1.8683964,0.22326578,0.041847795
3.3375175,3.8602421,4.0550017,0.5,0.24856463
1.8272859,2.2753325,0.9905974,0.20324078,-0.6408026
3.075999,3.4617894,0.2,0.49495137,-0.70700645
2.5761409,3.1802576,2.7269697,0.5,-0.5685964
1.3882066,1.7208742,1.9236778,0.063566685,0.27717954
1.1309799,0.5995434,1.7178477,0.040585063,0.7267925
3.1520686,3.3718715,3.3679142,0.48748907,0.025591878
1.0700886,0.71641356,1.3938955,0.029285282,0.67944485
1.3110095,1.8116636,1.1894481,0.056057744,-0.6630436
3.0671892,2.4832852,3.7862628,0.49152628,0.6931115
0.8249556,1.1147243,2.4971497,0.005751424,0.7389563
2.5434496,2.7142951,1.9202454,0.5,-0.70714086
2.5877767,2.2853878,2.8367844,0.49920604,0.6157176
3.716326,3.8599823,3.796059,0.49987164,-0.038405903
2.4986088,3.0935864,2.9125092,0.5,-0.24835242
1.0853198,1.0808067,0.9402677,0.021444261,-0.27298403
3.5137563,3.86098,3.149321,0.5,-0.6891308
3.083672,3.4946716,4.082791,0.5,0.6691087
3.081989,2.7598264,3.9519424,0.4970269,0.67901784
0.7780325,0.9738725,0.2,0.037242282,-0.6740902
3.659269,3.74461,4.8210826,0.5,0.7152297
2.0836408,2.3361313,0.57870996,0.3346465,-0.67238384
1.7293532,1.1480112,0.480717,0.17535816,-0.69228595
3.1181514,2.5776608,0.9304591,0.5,-0.6657234
2.423181,3.2545402,2.7420318,0.47922596,-0.62776303
2.5153115,3.0459723,0.2,0.5,-0.73514354
1.9193407,2.2149668,2.6071339,0.24807826,0.4637032
2.9983346,3.6056092,2.8830998,0.5,-0.6725053
0.4406255,0.50025684,1.6378958,0.0,0.69180053
2.5186124,2.6477036,3.317081,0.49171913,0.7652479
1.7664244,1.7850381,1.8035309,0.18821558,-0.02035496
3.3687332,3.1540353,0.537804,0.4941162,-0.6683935
2.7530978,2.3385382,3.0125513,0.5,0.70522594
0.64022624,1.5475831,0.7308712,0.0,-0.691286
1.0643041,0.996009,1.1462698,0.04639726,0.19272377
1.1008185,1.5110368,1.8039559,0.027274907,0.4681195
2.142251,2.5471313,2.6672711,0.3521784,0.14204356
2.6424294,3.3264563,2.5836906,0.48887274,-0.75304824
3.1511908,3.644036,0.5843152,0.5,-0.6918276
1.0218982,1.0559504,0.76808834,0.028793313,-0.46101686
2.6120594,1.067884,3.7007625,0.49646273,0.6835132
1.0309045,0.7357951,1.6796902,0.028229892,0.71080947
1.7010106,2.4616613,1.8666549,0.15311258,-0.7469583
2.0411966,3.491734,2.3685193,0.31441197,-0.6420343
1.0765206,1.7247124,1.6391287,0.03664367,-0.17358276
2.3238127,2.1741078,2.268008,0.41774464,0.13053069
3.280679,3.2240543,3.4755719,0.48985136,0.33085045
3.1259477,2.2857444,3.6614256,0.5,0.6517151
1.3295964,1.134428,0.9582617,0.05312067,-0.22564372
2.7933054,2.369215,3.316521,0.499154,0.7141379
0.5299587,1.0415525,2.0049837,0.00061827735,0.75576985
2.4942873,0.72285277,1.889662,0.5,0.72684664
2.9532535,4.280598,3.630923,0.5,-0.6720647
1.3290359,3.0378528,0.9391023,0.06609143,-0.6975704
3.3696468,3.6284432,2.8336222,0.5,-0.7351052
0.65162253,0.5257599,0.6475935,0.013201367,0.22692339
1.1010768,1.116336,1.552917,0.048693944,0.6552626
0.91224355,0.797672,1.3895717,0.0073861466,0.72530204
1.0634142,2.4221613,1.2173417,0.030511066,-0.66652566
1.7730595,0.61680067,1.4818753,0.1919537,0.70951706
2.6728756,3.664412,2.8598268,0.48149276,-0.72399694
0.40754145,0.28776145,0.2080816,0.0,-0.12013673
1.371909,1.2860758,1.9841589,0.057165887,0.6314057
0.9607734,0.23777847,0.9341145,0.025240278,0.7050022
3.1219592,3.906333,3.8919668,0.5,-0.040309183
2.9999597,3.6080985,0.545923,0.49602133,-0.6691768
2.7719738,2.4473991,3.289801,0.4906202,0.72775465
2.1892767,2.9681952,1.4759454,0.37315252,-0.6696295
3.0198262,3.6852655,3.9470084,0.5,0.29173142
1.8569192,1.808215,2.2616024,0.23645753,0.54404896
2.4693985,1.7121038,0.7191902,0.49107674,-0.72095275
1.8160732,1.87906,1.7631767,0.19274369,-0.107064754
2.5363026,3.2147975,2.559206,0.4902489,-0.7113398
1.9709903,1.7521075,2.1917086,0.2740131,0.52896917
3.0304189,3.8090982,2.4466126,0.49202806,-0.7465582
1.0656937,0.73234034,1.1231099,0.0030322985,0.6222063
2.2355468,2.4321485,2.2897353,0.38563672,-0.18339008
3.2663302,3.0673654,3.9882216,0.5,0.72950757
2.005294,2.303472,1.9561508,0.2885259,-0.4022588
2.6423757,3.2369902,2.2556715,0.5,-0.75214565
2.2355237,3.3212633,2.4104338,0.38213065,-0.69016236
3.0070524,3.341801,3.5320477,0.5,0.19541232
2.9959304,2.440316,3.1849177,0.5,0.7572795
3.3451655,3.872554,3.5482893,0.5,-0.3915465
2.6394913,2.7011316,2.8825176,0.49210146,0.1430782
0.7875584,0.85580677,0.9846826,0.009505241,0.25763404
2.2906637,2.577164,2.2889047,0.41163674,-0.3670985
3.5834222,4.049888,3.3250885,0.48975435,-0.67283297
2.382928,2.395394,0.53008544,0.44817597,-0.66313213
1.1462479,1.6742897,1.5191665,0.045502633,-0.27490032
2.8377864,3.33346,3.1116562,0.5,-0.26938823
2.9014368,3.3892882,2.269326,0.5,-0.75258213
2.1722286,2.827124,2.8350413,0.35450447,-0.013227596
2.4212549,1.5317801,1.9346327,0.4675614,0.52955717
2.0711179,2.0919514,0.63433677,0.31649512,-0.7229746
1.1353582,1.3079579,0.8663683,0.035565577,-0.6923311
0.5926552,0.7225742,0.6251241,0.0,-0.20993944
1.9237876,1.668335,2.0757275,0.26984936,0.47658867
2.6200166,2.477429,3.2199326,0.5,0.73639935
0.38398668,0.83062726,1.11381,0.0,0.5642461
3.4968655,3.8853152,2.7584968,0.5,-0.73181456
3.1697235,3.3878117,2.4295478,0.49847108,-0.6638547
1.029571,0.811191,1.8172523,0.025846668,0.64887214
2.5477276,3.3191535,2.8030963,0.4915425,-0.6224152
3.2197297,3.7839525,2.8818028,0.49801096,-0.72763765
2.4809113,3.2672179,2.9776275,0.49865612,-0.38008788
3.028849,2.9164538,3.8195865,0.5,0.71076804
3.5132637,5.5342,0.60567087,0.5,-0.6870658
2.3422918,2.5919557,2.1483169,0.44143197,-0.49468204
3.6256516,3.4210806,2.7330885,0.49792868,-0.6512336
3.408814,4.760412,0.53229535,0.4915289,-0.6697438
2.7882915,3.3410003,2.9013665,0.4975506,-0.5554936
0.7989463,1.1552086,0.6082877,0.012990873,-0.6994865
2.7112808,3.118364,2.1837301,0.49965662,-0.6966519
2.4475102,3.2818654,0.20851,0.4798309,-0.7411095
2.1199565,2.4366727,2.0551562,0.33069882,-0.46065935
2.9443343,2.29411,3.2122283,0.48534015,0.6744862
1.9978914,2.1567461,2.6609094,0.29286918,0.6270639
2.3623292,3.0687685,2.2011437,0.45286816,-0.7105566
2.3925698,2.6393993,3.649592,0.44715536,0.68899786
1.1287762,0.8473974,1.2905079,0.042426206,0.5991515
0.86043453,1.0160172,1.4272779,0.0,0.71274227
1.076304,1.7573541,0.7899494,0.039648354,-0.7229428
3.400574,4.158218,3.8681808,0.5,-0.33347127
2.4560597,2.101995,2.2172804,0.47687185,0.15263078
2.3103569,1.9412636,2.860077,0.42008165,0.7099509
2.0515885,2.2218544,3.5289016,0.3264483,0.70377254
0.9652412,0.7499184,0.59931046,0.025276903,-0.2512484
1.0157979,0.9487743,0.20499903,0.032570582,-0.6973238
3.0804358,0.2981867,2.9066913,0.5,0.67547625
0.9992821,1.5654814,1.3178852,0.02324311,-0.43087316
1.092685,0.8321867,0.468858,0.028145904,-0.5992101
2.9061005,2.5130885,2.8728888,0.49780574,0.4331283
0.7031415,0.51916975,1.454625,0.0,0.69335717
1.9363494,1.3959773,1.9875915,0.2395588,0.69655466
2.9251633,3.1466134,3.5514958,0.4815561,0.5197281
2.0259187,2.2437,2.010977,0.29116347,-0.29018456
2.9045706,0.28513852,2.7364125,0.5,0.67538255
3.164248,2.8414898,3.3690238,0.5,0.66499484
0.6770402,0.9031004,0.9197051,0.0062998813,0.040618923
2.067814,2.4224846,0.7322874,0.3266092,-0.7101479
3.1605554,2.6179924,3.5802963,0.4997285,0.74494845
2.7744973,3.1533687,3.162075,0.48817542,0.03690354
2.2553928,2.6166215,2.4853497,0.3862102,-0.110452026
2.4901412,2.6379054,2.3899922,0.47500435,-0.2520001
2.8851557,2.4396274,2.9332404,0.5,0.59891844
0.84751856,1.007953,0.8189186,0.0,-0.39731026
2.816478,1.9863564,3.097378,0.47374922,0.7121107
3.4675024,3.8204458,2.9132931,0.48452428,-0.6561429
3.1609979,3.7628806,2.5295806,0.5,-0.6716716
2.6094701,2.7305484,2.467489,0.49897692,-0.29102778
0.8963841,1.7039647,0.6324936,0.012956234,-0.7576601
2.2257774,2.084617,2.6224158,0.37348092,0.5720567
2.3046496,2.1779065,2.2098002,0.42669344,0.0697282
1.6328087,1.7377995,2.12615,0.13928907,0.44826788
0.75467616,2.1001456,0.65318006,0.0,-0.72883326
3.0148904,3.0018284,4.338757,0.5,0.6256361
2.4884408,3.793434,2.6270134,0.4964122,-0.64794713
1.2357894,1.3970532,0.31950778,0.062566064,-0.69778997
2.6287727,2.3913841,2.4943128,0.5,0.1550542
3.420529,4.5580454,3.3683429,0.49967858,-0.72853875
3.122322,0.6824337,3.5975041,0.5,0.7226464
2.6178007,2.5886178,0.7407827,0.5,-0.7178582
0.65217686,1.2833812,1.2437998,0.0,-0.062721
4.192673,5.040988,4.8701935,0.49392053,-0.18366767
0.5383592,0.41906956,1.7513732,0.010791575,0.6716174
2.471372,3.1035318,3.0247822,0.4937543,-0.1355979
2.989554,3.0910802,3.2087364,0.48459643,0.12325548
2.0717862,1.8020872,2.000714,0.33156756,0.23187923
3.0997615,2.981685,3.0095835,0.5,0.038598705
2.7187557,2.3519475,0.387885,0.4932732,-0.7091219
2.7934556,3.0663872,3.1266024,0.5,0.031220388
2.2720115,0.72445166,2.9915333,0.39014807,0.67665863
2.1351166,2.8739858,2.4884484,0.33300462,-0.45584437
1.4122821,2.0799747,1.3871106,0.062798746,-0.7134473
0.481497,0.47399774,0.2462438,0.0037379484,-0.4383945
3.1775212,0.61037636,2.9961421,0.5,0.68474025
3.0798485,0.8011171,3.3519113,0.5,0.70924824
2.8310552,3.0880017,3.3147566,0.5,0.27157825
0.7693451,0.82630134,1.4371122,0.002558656,0.6755577
2.0952177,2.3131745,2.8281672,0.33666208,0.5930239
2.4692748,0.39261785,2.1001704,0.48434043,0.7027984
1.9254819,2.9060133,1.8828299,0.25032794,-0.73488635
1.5777704,1.4763018,2.1966496,0.11756663,0.6940427
0.7499971,1.3507768,1.4093816,0.008187156,0.118614726
2.6692808,3.15294,2.8635676,0.49147785,-0.26176
1.1773076,0.9731802,2.123132,0.04210015,0.7027394
3.117599,4.083577,3.9137373,0.5,-0.23995742
3.824768,3.311776,4.378649,0.5,0.67130524
3.0643814,3.7509992,3.4275718,0.495858,-0.35923553
2.495559,2.6299932,1.8288357,0.49958548,-0.7399617
3.6478398,3.3337677,0.89491063,0.5,-0.6900331
1.6103078,1.7382547,1.837698,0.12331884,0.0712539
1.3709903,2.4578717,2.3635333,0.07145402,-0.10244491
2.0816588,3.5432441,2.975343,0.3309702,-0.6884117
3.0972748,2.9155335,2.9548848,0.5,0.052651163
0.6868505,0.9249222,1.4351169,0.0075038313,0.7232275
1.8870769,2.0009077,1.6758075,0.24072805,-0.47487324
2.213976,2.335564,1.0340457,0.38492623,-0.6596541
1.8751953,2.8799427,2.9967554,0.23232706,0.1409749
1.8528156,1.8930693,0.9606964,0.23500437,-0.7086675
3.532586,3.3022635,2.3234358,0.49561122,-0.69859535
0.3236905,0.29494706,0.642398,0.0,0.6708963
3.7237074,3.812432,3.677688,0.5,-0.17991738
0.74283624,1.4025196,1.1873686,0.0014255166,-0.43908656
2.9202304,3.1348011,4.0289927,0.49586117,0.6689289
0.8201049,1.3188789,1.4619019,0.022135153,0.2620936
3.1312616,3.851533,3.6327548,0.49352333,-0.24117047
0.7315442,0.8365651,0.5007466,0.00965962,-0.60948956
3.1948767,3.3785586,3.1797905,0.4966255,-0.22631565
2.951012,3.3714883,0.2,0.5,-0.75096583
1.9430695,0.30072793,1.9108554,0.24847524,0.75062877
3.0411584,3.248886,3.6181874,0.49815387,0.4408814
2.563447,3.2541633,2.8490255,0.48200083,-0.47661722
2.1415381,2.3879805,2.2668822,0.3456564,-0.16956063
3.014229,3.818811,3.8281746,0.49805644,-0.02351856
3.1578336,2.8754766,0.54544586,0.5,-0.66261876
2.3471022,2.6329777,1.7901441,0.41664264,-0.7186541
0.94862103,1.4355944,1.818781,0.017827217,0.65363395
1.7895712,2.2210815,1.9921669,0.21744631,-0.3097413
1.5300517,1.5975382,1.5960516,0.10154058,0.025066037
2.4743612,1.9155422,2.59323,0.4904754,0.7022314
3.1022592,3.8255796,3.024402,0.5,-0.66466665
2.2297206,1.7238446,3.7785916,0.39232838,0.6974214
3.4680994,3.0255702,2.9935668,0.49005985,0.0007650945
2.5273433,2.946055,2.8453615,0.5,-0.12727006
2.4916797,2.4980795,2.764076,0.49006915,0.3353246
2.437331,0.80884117,3.031591,0.47361526,0.68054634
3.1909752,2.7520914,3.1615777,0.49856076,0.4518043
1.1656743,1.4998612,2.0008545,0.057747528,0.7186799
2.4901607,3.1508214,2.563118,0.49803135,-0.7144513
2.2571533,1.6559583,2.2297635,0.4029407,0.6741201
2.290246,2.5898252,2.5087929,0.4135049,-0.07038337
0.9062799,1.5311488,0.69807714,0.021028936,-0.66727716
2.5078928,2.0848365,3.310051,0.49770838,0.6722238
3.1558385,3.5079014,2.7126024,0.5,-0.7489846
0.92824715,1.1138182,1.5635529,0.0064350287,0.66049427
3.0132174,3.3621013,3.6200547,0.5,0.26023138
2.7624593,2.801264,3.2992926,0.5,0.56566024
3.419114,2.9051058,3.6106708,0.49302727,0.75387996
2.4019446,2.4388547,2.3227422,0.4712578,-0.22260879
2.4245281,2.3871422,2.8730607,0.45189103,0.59234166
3.0678065,3.2263634,3.3661966,0.5,0.14163403
2.4223342,3.2290425,1.8712542,0.48582557,-0.6887768
2.9394662,2.3639257,3.5651035,0.4969008,0.7444747
4.024326,4.6761837,0.64406306,0.49270403,-0.73657286
2.0663319,3.07632,1.8875368,0.32748857,-0.6638329
3.5279799,4.576775,4.2868433,0.48552176,-0.35530332
2.3399906,3.3943737,2.575877,0.43387538,-0.7237339
3.3919938,3.749331,3.5284624,0.49543312,-0.27669993
3.0099976,3.2425528,3.055977,0.49328506,-0.24465959
2.9678905,2.3194366,3.0541184,0.5,0.6221766
2.516439,2.569566,2.6858242,0.5,0.14743753
2.408805,3.273638,3.488629,0.44333678,0.24473578
2.121232,1.6872331,1.3881112,0.33920026,-0.40574947
0.8098372,0.5033154,2.2634978,0.019349763,0.6764562
1.2390409,1.3923092,2.579326,0.0722895,0.6508296
0.7583016,0.2,0.77855104,0.006079771,0.76495826
1.7822269,2.8357525,2.0579052,0.19062854,-0.71136886
2.6265597,3.130762,2.8758452,0.5,-0.28285393
3.358955,3.734936,4.12809,0.49962345,0.48267016
3.1582286,3.7808115,3.4779932,0.48952466,-0.35016477
2.61747,2.5622108,3.00456,0.5,0.5716693
4.1373925,0.44507712,4.940413,0.5,0.7233203
2.2292225,1.9596705,1.4998485,0.39171064,-0.53601205
2.5924535,1.6709145,2.6868067,0.48458996,0.7371081
1.7393773,1.9099315,0.52702916,0.1649311,-0.6964909
2.338037,3.3454735,2.419397,0.446133,-0.65031695
3.6729896,4.7159295,3.0158703,0.5,-0.70316875
0.5126463,0.69094485,0.69454783,0.0005983303,0.0024177649
1.7109973,1.7721982,1.6005397,0.1637802,-0.23096424
3.148086,2.5766497,3.1131089,0.49139297,0.6130992
2.8191965,0.360651,3.0423205,0.5,0.66967
3.0811312,3.4854615,2.467211,0.4831661,-0.7351563
2.3867166,2.5781524,2.4711366,0.44327846,-0.14017221
2.0083027,1.1425717,1.8154445,0.30579343,0.6834016
0.6225649,0.22338587,0.2,0.009192666,-0.028768597
2.9452658,3.1451564,3.364992,0.48078302,0.24880643
2.5202186,2.0386746,2.1011965,0.48673275,0.09517065
2.8163064,0.53941983,3.2824314,0.5,0.6880028
0.59798926,1.0451293,1.2101368,0.0,0.30056483
2.8754206,2.4157422,2.9589734,0.4958119,0.68019754
1.258945,1.4501728,2.0153792,0.050102454,0.6647184
2.1476443,1.9107044,3.5126257,0.36640495,0.72035754
2.6874053,3.36586,3.1459274,0.49789312,-0.26394284
1.3261551,3.1387594,1.3734715,0.0686566,-0.71177554
2.9750314,3.126526,3.7766685,0.48345652,0.7084579
3.1131585,4.0788937,2.32906,0.49152434,-0.7119327
1.1868827,1.9202135,2.591659,0.070957534,0.77704114
1.5952212,1.8268743,1.8408481,0.113115735,0.0037253988
1.9703641,2.4579632,2.3726459,0.2918826,-0.075110205
0.9441051,0.49907982,0.34376225,0.008354914,-0.2687538
0.48686028,0.8028882,1.1351782,0.0,0.60496473
0.665818,0.6410913,0.86561257,0.00666928,0.43699938
1.0473144,1.8372722,1.1800414,0.026290677,-0.6543413
3.043656,2.9139092,2.940867,0.5,0.007969313
0.5547363,0.26435947,0.31072682,0.0,0.10467944
2.9601343,0.6300218,2.8029318,0.5,0.6594634
2.8172896,3.42083,2.162452,0.49837855,-0.7236798
2.558218,2.671521,2.9090066,0.5,0.29981267
0.7484774,0.2,1.7857709,0.011900371,0.72932935
2.2426758,2.9479685,2.621152,0.39213878,-0.3856975
0.8893954,0.75134325,0.597894,0.018246356,-0.24525477
1.9240242,1.9167591,2.318895,0.25541312,0.4556901
1.9492753,2.0795524,0.85482067,0.264204,-0.6740769
1.7530866,1.4512942,2.8742578,0.18840447,0.70065904
1.9644147,1.3617786,1.9363465,0.25883868,0.61123264
2.660918,3.2512147,3.1427379,0.5,-0.09794003
2.4241564,2.9274065,2.5404315,0.47121122,-0.52430564
2.4368734,2.635985,2.9515915,0.4647322,0.35346636
2.4313586,2.7909272,3.815753,0.47395903,0.74146205
3.6753476,2.9731207,2.8648646,0.49513945,-0.14751926
1.9321157,2.4024923,2.23991,0.26462615,-0.19233644
1.8764327,2.2924926,2.18385,0.25606036,-0.14072323
2.1265092,2.5027933,2.119681,0.34446812,-0.4997655
2.5751643,3.0073295,2.4104526,0.5,-0.6889646
2.8765604,3.6343665,3.5620513,0.5,-0.08740813
3.0107534,3.1548202,3.1706023,0.49388242,-0.034987003
3.2114308,3.4036856,3.350815,0.5,-0.022027118
2.533388,2.0744047,2.5642567,0.47657147,0.5822057
2.3392544,2.8474388,2.4879231,0.4246514,-0.45190862
3.5700047,3.4621649,4.061912,0.5,0.67187953
0.91571283,0.80030024,1.3781149,0.028615113,0.66960436
2.6978598,2.6010282,2.451858,0.5,-0.18207176
0.6358273,0.36716795,0.7004774,0.0,0.62341034
3.757153,3.9017224,4.3722425,0.5,0.58856004
1.654179,0.58317435,2.6507397,0.1475913,0.7220218
0.55421156,0.23778276,1.5000219,0.0,0.6920923
1.7934296,1.9972495,2.781327,0.19100215,0.71716434
1.5067028,1.9991945,1.8243406,0.07902103,-0.23777325
0.6294404,0.2,1.3706799,0.005045181,0.7366948
3.1067107,4.2509155,3.5476396,0.49451122,-0.6604077
0.4721046,0.4318421,0.29954013,0.0,-0.27032414
2.2691374,0.3807795,2.4236574,0.38290295,0.67538726
2.9955854,3.2454832,3.06288,0.48435163,-0.20966007
2.4978135,2.3187625,3.11439,0.4890956,0.69171005
2.861143,3.0604072,3.5527565,0.47841796,0.58862203
0.38313818,0.2,0.66202617,0.0,0.6660493
2.479016,3.267604,2.6079624,0.4913087,-0.68884546
3.256343,4.7537065,3.1038446,0.5,-0.77107966
1.8433676,2.3696713,0.51816267,0.22673246,-0.7133792
3.001014,3.3137164,3.1363378,0.4908569,-0.18670493
3.2764404,3.1637385,3.5934694,0.49809557,0.49373183
0.78756166,1.4915094,1.0181154,0.006627293,-0.70546746
1.8542094,1.6614388,1.6641964,0.24994718,-0.0014135645
0.7399928,1.1615202,0.34286413,0.007994638,-0.69410497
2.7972665,2.7015133,2.9358668,0.5,0.28589845
2.9013636,2.442238,3.2730918,0.5,0.7257591
2.6594472,2.753965,2.6023083,0.49542466,-0.18139532
3.4922314,3.159838,2.8522162,0.5,-0.36486003
1.7971011,2.7808404,1.4874972,0.21331155,-0.7050844
2.4521208,2.2956574,2.7648535,0.4738808,0.612981
0.82501876,0.87139004,1.1863284,0.007446994,0.5915322
0.5033604,0.39173958,0.3936116,0.0,0.040580053
0.49245796,0.2,0.2,0.02289246,0.01973453
1.2396182,1.7067565,0.7560725,0.045156825,-0.663856
1.3233749,1.404126,0.8382063,0.06796574,-0.71838886
2.7501485,4.1807947,2.7674522,0.5,-0.67107755
2.7761376,3.475811,2.1544003,0.49208263,-0.6880062
0.71484697,0.9603435,1.0386162,0.0058357585,0.16987918
0.6507411,1.0910447,1.157151,0.0,0.10105893
0.7897487,0.92572576,0.24061328,0.023761703,-0.68397045
0.6856702,0.3396154,0.38304734,0.0056921896,0.13334864
2.7602787,2.214198,2.9129632,0.5,0.6947524
0.9713206,0.5987441,0.8084132,0.042910967,0.3855334
1.2851121,2.1483383,1.5562993,0.07502299,-0.7141627
2.5224555,2.8489075,3.1724358,0.5,0.38659212
0.9493521,1.4545838,1.0025958,0.051259518,-0.7785577
2.769166,3.3786767,0.38883218,0.5,-0.74776006
1.1607729,1.2700381,0.5576015,0.055352453,-0.6930847
2.4934986,2.472845,2.550751,0.5,0.089201145
1.0004342,2.2726448,1.5358381,0.04723774,-0.67314714
2.534966,2.9794972,3.8065903,0.5,0.6672034
2.2614553,1.6517897,1.9193914,0.39864907,0.3453078
2.4267452,1.7959903,2.2289553,0.4822593,0.5081174
3.0748284,3.617491,3.397377,0.5,-0.23645514
2.1798053,1.9421593,2.8115735,0.36819118,0.70465934
0.5983705,0.7791847,1.9315319,0.010720531,0.6892868
2.962182,2.0591471,2.8975203,0.5,0.741886
0.7794679,0.8311494,0.59661055,0.01726317,-0.40853015
4.1411343,4.823956,3.9980829,0.5,-0.66184056
2.7233207,2.6762877,2.7225776,0.48438656,0.06402543
1.114671,0.75541013,0.27061492,0.0626384,-0.68263215
2.0381632,2.171116,2.3790865,0.29951966,0.28473613
2.0341036,2.2364807,0.97209567,0.31623787,-0.72540855
0.587734,0.6010822,0.2,0.0,-0.6869374
1.4030015,0.73916966,0.7756589,0.072233744,0.0935221
1.9504375,2.336364,2.1230633,0.29128155,-0.2524934
1.3026384,0.45115384,1.1046497,0.073482245,0.67682284
3.2947173,3.6027496,3.214156,0.5,-0.5120739
2.3273718,1.9544066,2.9746752,0.4176415,0.7123306
2.98348,3.828561,3.5048146,0.4844196,-0.39022774
1.5786328,0.38272226,1.6781939,0.10150518,0.7200798
2.440919,2.3779626,3.052412,0.4562256,0.6980374
1.1146395,0.58985966,1.8862097,0.038071454,0.6787014
2.7998123,3.8026795,3.6973214,0.5,-0.08873542
1.9221666,2.7421844,2.9210768,0.26373383,0.2584028
3.8036606,4.79926,3.902625,0.49892867,-0.6617681
1.6676203,2.1155758,0.87946266,0.15529038,-0.71322775
3.2956855,3.2384396,3.273754,0.5,0.061162364
1.0574486,1.6391966,1.9564815,0.045988657,0.53839093
2.7752354,3.8361363,2.8677158,0.48610345,-0.69810146
2.6507075,0.64644927,2.8352935,0.5,0.68096775
3.6732295,3.4661052,3.4800446,0.5,0.019343482
4.057836,4.2999964,3.7445927,0.4886236,-0.6486594
2.462016,2.9947667,2.8942366,0.48935568,-0.08492377
0.9828904,1.3463696,1.6809375,0.04223165,0.5920281
2.2568607,2.818152,1.9552675,0.41022345,-0.6832231
1.9200876,1.778723,2.7457793,0.24509996,0.6861465
2.9269164,2.9139757,3.616472,0.5,0.69954246
2.754942,3.14322,3.1229439,0.49496472,-0.072484575
1.6281981,2.0019827,2.3083172,0.13969648,0.31490666
2.8550334,2.7643952,2.8323483,0.5,0.05363295
1.0572459,0.2,0.5307151,0.028750954,0.5554095
2.2498004,0.5306329,2.2080612,0.39054382,0.6599821
2.1937313,2.359067,2.980906,0.37512672,0.72241217
2.8658319,3.2045133,3.6814604,0.49370673,0.6053947
0.77448857,0.53013015,0.36484173,0.0121716475,-0.32126972
2.862942,0.74444723,2.4285822,0.5,0.6690676
3.094998,4.054999,2.7939544,0.48657537,-0.7020335
1.1298405,1.0213971,0.35806713,0.04687014,-0.6626425
2.3113031,2.7206373,0.9173515,0.4282331,-0.69221276
0.8268374,1.9116765,1.2803305,0.020931402,-0.73551565
1.7913408,1.4512725,0.5212585,0.20116928,-0.69515556
2.7034698,3.760087,2.8715312,0.5,-0.7373192
0.5998869,1.337299,1.522343,0.02315492,0.3069453
2.6077287,2.6121922,3.2433503,0.48287857,0.7476772
2.8176894,1.7039691,3.1972716,0.5,0.70054793
2.6425622,3.4720397,2.9015055,0.5,-0.7005438
0.8924835,2.000073,1.6312588,0.01385604,-0.6541018
1.0076256,0.86402863,1.4160606,0.025082279,0.67258066
2.575761,3.5935493,2.5647206,0.48281312,-0.75680494
0.85336083,0.21812391,1.5996268,0.009723116,0.7403728
3.2151494,3.570685,2.7287576,0.5,-0.7115156
2.4014988,2.5042708,2.99419,0.46968156,0.5849008
2.3693054,1.9094375,0.45402944,0.42465112,-0.6818273
2.3058443,2.404468,2.6215181,0.4122577,0.2609706
0.31152913,0.5542637,0.57918966,0.006231069,0.025769059
2.7873492,2.4113085,3.7482257,0.5,0.7266516
3.2149167,3.7608247,0.5251748,0.48181012,-0.6643643
3.9592693,3.7816865,4.8333325,0.49926913,0.7677115
1.2443354,1.2563157,1.6983746,0.06720818,0.6296837
1.0432175,1.9457906,1.7523254,0.039447922,-0.29830924
2.9224074,2.821683,3.3459492,0.5,0.6386675
2.404287,1.4970354,2.4862185,0.46782804,0.66108984
1.9523419,2.0170612,2.5251112,0.25305012,0.5703534
2.7418544,2.9762435,2.8119347,0.4872591,-0.17935444
0.86952204,0.9121569,1.6247368,0.024084894,0.74655116
2.745993,3.410795,2.3947623,0.4934982,-0.6958578
2.1116195,2.5697029,2.2256248,0.35240322,-0.4748403
2.5538518,2.3705509,2.383592,0.5,0.025619235
1.9289314,2.4508436,3.272785,0.255392,0.7329545
1.0563841,1.4416245,0.9227229,0.03011882,-0.6968292
3.01764,3.4099638,3.1743267,0.5,-0.2585457
2.1961641,2.335191,1.3494191,0.36754566,-0.7013326
0.67513704,0.956905,1.7009475,0.0,0.7073129
1.148316,1.3491906,0.9692814,0.039417956,-0.5742595
0.63471633,0.62113214,1.5518265,0.004570259,0.7108832
2.1391246,0.46824506,1.8210073,0.34587893,0.6980437
2.155059,2.5855453,0.57223034,0.3426401,-0.6953215
2.8539016,3.322584,3.456715,0.4935802,0.17948921
2.4322808,2.8677585,1.8049387,0.46843967,-0.6970957
3.1877043,2.2090974,3.5345905,0.4744019,0.7189832
0.68015647,1.3136559,0.45806915,0.021237105,-0.67416805
1.410187,1.0960793,2.6977613,0.067997,0.6890868
2.257316,2.9982524,3.4183705,0.39784464,0.5415527
2.7038913,2.2283106,3.4957218,0.5,0.71711224
2.5524232,3.474934,0.331604,0.49780384,-0.6544882
1.5630664,0.68374825,1.432035,0.09594211,0.66395116
3.714528,4.108656,4.367377,0.48653838,0.29533345
3.0435324,3.061764,2.820185,0.5,-0.29333422
0.5412547,0.9973994,0.4034703,0.006126343,-0.71007305
1.417082,2.4713087,0.5868879,0.063959375,-0.70057243
0.53250974,0.81763834,0.21074179,0.0,-0.7401064
2.252383,2.9030173,0.47996485,0.38375205,-0.7097767
2.6079307,3.5186493,2.7753873,0.5,-0.69696563
1.2521195,1.1937329,1.4964893,0.057753637,0.42813098
0.9981644,1.3679113,2.1014452,0.028667845,0.6910994
2.3646305,3.2103531,2.02406,0.4513183,-0.70495003
2.5512407,2.851812,2.3330677,0.48590145,-0.612973
2.4953,2.3312197,1.1765732,0.4888187,-0.67656827
2.5976114,3.083628,3.1863637,0.47481313,0.15182479
3.480999,3.7943637,4.108949,0.5,0.34943274
2.305515,2.721159,2.9032574,0.40441012,0.24057817
2.0364065,1.9951144,2.2863276,0.31197026,0.37138566
1.1550184,1.5272328,1.0346924,0.047465343,-0.7075462
2.2886941,2.4110203,1.8825407,0.41801426,-0.6407314
1.7747684,1.7710271,2.262272,0.18743148,0.55779773
3.1648314,4.042413,3.0044146,0.5,-0.74088204
2.542824,2.4629521,0.5268542,0.49614048,-0.66958344
1.0066655,0.72432953,1.7285439,0.019564979,0.7106682
3.4801106,3.0969234,0.61250883,0.49362662,-0.7005016
2.0759346,2.2560515,2.3354137,0.306511,0.1419051
1.111706,1.2928965,0.2115133,0.037451047,-0.68966687
3.4126353,3.969002,3.5671575,0.49532104,-0.46768588
2.6857228,2.2704413,2.77034,0.4951187,0.59648716
2.9023964,2.2901728,4.067905,0.5,0.689368
3.2163873,2.543234,3.306771,0.49461836,0.73744124
3.1030395,0.4798736,1.7654401,0.4992577,0.7412033
2.8524342,3.4947174,2.9546037,0.5,-0.6785195
3.4138384,4.095396,3.6740701,0.4942611,-0.5020507
2.538254,2.51356,3.385377,0.49077788,0.70663434
0.96447694,1.2117335,1.1672442,0.032432016,-0.13512515
2.5629072,1.5663953,2.48518,0.5,0.7495324
3.2206647,4.272148,3.327594,0.5,-0.75522476
2.2278402,3.0045483,3.849358,0.37343898,0.6843055
1.5658166,2.2283404,2.0154564,0.11513143,-0.2638308
3.0130115,2.6979518,3.0268843,0.5,0.41359338
1.968735,0.8594905,2.6691675,0.27697697,0.71776235
1.0958633,1.2106054,0.68755996,0.038066216,-0.6852953
1.0295333,2.1547139,0.8560628,0.030822791,-0.72702694
1.0987732,1.833046,0.9964101,0.03182178,-0.7269099
2.4108934,2.5120623,1.656694,0.47402668,-0.7106928
0.7862761,1.2590375,1.4654433,0.011023336,0.38350502
2.92463,2.6602402,2.6993577,0.48315737,0.03550908
2.9832458,2.5794046,3.3222997,0.5,0.6671823
0.3855756,0.5649089,0.2791118,0.013114281,-0.5289011
2.8289359,2.535282,3.2494342,0.49169418,0.63945544
2.4664254,1.8263639,3.699935,0.49713305,0.6752184
2.3618536,2.5420666,2.3670094,0.45440847,-0.22097944
1.906309,2.02691,1.845312,0.24051908,-0.23205635
2.1396108,1.9040802,1.7586503,0.34936598,-0.16974127
2.8223257,2.8051438,2.7589226,0.49238136,-0.108910896
2.773704,3.1888108,0.8136217,0.5,-0.7042973
3.058016,3.1779163,4.053569,0.5,0.642027
1.7649349,2.001351,1.6371833,0.17255063,-0.46815553
0.7684894,0.923594,0.46092743,0.0,-0.7221258
2.3582046,0.44214556,2.4654627,0.44834465,0.74167395
1.9885223,2.838979,2.5450773,0.29599386,-0.34183064
2.7185264,2.9533365,0.7312981,0.5,-0.688389
1.8487521,1.5873368,2.6249843,0.21935274,0.74015695
1.0612139,1.0311112,1.0607772,0.042111903,0.057321746
2.0397868,1.6687605,1.8478646,0.31103328,0.21824442
0.66459906,0.44320792,0.78362983,0.0,0.725246
0.85693175,1.3117009,0.935977,0.022086704,-0.6530176
1.959087,1.8512176,2.6701832,0.27346838,0.68390673
3.8497102,3.9689412,0.6634596,0.5,-0.705766
2.7425156,3.5521028,2.6483603,0.49995998,-0.65851337
2.7208538,3.1610878,2.1156228,0.4999168,-0.6790653
2.5476146,2.798179,3.0957007,0.5,0.36437124
2.866575,3.0597353,2.407299,0.5,-0.66532314
2.9133134,3.0556667,0.85584825,0.48464525,-0.671471
2.0466187,2.7076786,2.6215124,0.30680358,-0.08864663
2.4778879,2.8139577,3.6666048,0.5,0.71216273
2.607436,2.7450993,4.0411015,0.5,0.6932214
0.9174821,0.42077237,1.3321172,0.032942746,0.6875794
2.970091,3.45227,2.1204407,0.48680633,-0.66926956
2.7133188,3.076847,2.3047812,0.5,-0.658305
1.7792516,1.2020677,1.9114267,0.1857369,0.74309254
2.2649965,2.4019175,2.2048151,0.40022126,-0.23825878
1.8849673,2.2738616,2.1669092,0.22789769,-0.1520165
2.9817119,3.0577247,3.2237902,0.49809662,0.17041339
2.2322671,0.491021,1.7806116,0.39582714,0.6696162
1.2035283,2.1856296,1.72508,0.05177842,-0.68311906
2.729717,2.284284,2.436382,0.5,0.19147003
2.5603693,2.6885033,2.9203696,0.49373797,0.27580684
2.5815136,0.5919071,3.7544188,0.5,0.69885164
2.064156,2.2417052,0.33171406,0.29856962,-0.755107
2.751731,3.3203247,3.0473723,0.5,-0.3203943
0.8479532,0.4932346,0.86593366,0.020731421,0.63006353
2.539569,1.9491299,2.1942766,0.5,0.23251866
3.276799,3.8838108,3.5805802,0.49950957,-0.37385267
2.9033384,2.9184544,2.730766,0.49599147,-0.22423904
1.2808856,2.7391713,1.88536,0.054726366,-0.72460955
2.5611277,3.1670575,3.0852616,0.4876477,-0.113412224
3.546196,3.244669,4.5999165,0.49967048,0.7031096
2.4160342,2.961782,2.9784834,0.4824767,0.051410504
0.96242416,1.2036505,1.5909489,0.043001983,0.67677844
2.9955113,3.4232225,2.135391,0.49712026,-0.6942183
0.85636747,0.6840617,1.5789928,0.024125967,0.71861285
2.3779914,2.706698,3.0350492,0.44633412,0.38105807
0.9049805,1.6831356,0.76833254,0.037491694,-0.68889064
0.8358544,1.4593275,2.0170214,0.03098824,0.72639966
2.9434469,3.6991227,3.636219,0.5,-0.04883499
3.3767135,5.217599,3.722186,0.5,-0.7240292
1.7807354,1.6406527,0.6869867,0.19034646,-0.6606658
3.6210167,4.777032,4.1325517,0.48832983,-0.65990144
2.3877208,2.8089092,2.7631772,0.44004148,-0.002350202
3.144556,3.1472254,3.283099,0.5,0.15877208
0.6099735,0.8118963,1.5004294,0.0,0.63999826
1.6603926,2.2651868,1.1316375,0.13495605,-0.6650885
1.7773184,1.8827609,0.5500573,0.21843961,-0.64823216
2.350382,1.6207225,3.3936565,0.4445798,0.7129154
2.922911,3.5246294,3.1828382,0.5,-0.41948473
2.6488512,2.9241326,3.2683625,0.5,0.3989762
2.447489,2.3456516,2.6101644,0.4822361,0.31132331
3.2427711,2.8794618,2.9639227,0.4949214,0.15450673
0.8484049,1.2326292,1.5158255,0.00076967647,0.5165856
2.7775722,3.6024382,3.7378554,0.5,0.18089464
1.3432275,1.0587962,0.56133014,0.05216095,-0.675306
2.6042593,2.913377,3.0546558,0.4944939,0.11361032
2.1158772,3.4579194,2.5123725,0.34807184,-0.61034817
2.8791327,3.509656,2.9277391,0.5,-0.7352433
3.0174735,3.2507312,3.8784578,0.5,0.7211551
1.1301599,1.2856991,1.1958189,0.059175856,-0.118573174
2.6069555,2.6315808,2.3337374,0.47705665,-0.3248514
3.4666286,3.760688,3.5779672,0.5,-0.18610205
0.81956714,0.89342594,0.9909305,0.014897991,0.19597995
2.5412621,2.5246992,2.3743665,0.5,-0.16738868
1.1635679,1.3075275,1.0704302,0.03510783,-0.31540585
2.861636,2.2345066,2.4871416,0.48714927,0.36577272
0.6886445,0.48507646,0.6943299,0.0010005503,0.37518013
3.1093886,4.6894803,3.416677,0.49041745,-0.7188771
2.8534462,2.4185574,2.6755233,0.4964015,0.3287592
4.2160077,5.139051,3.8554232,0.4916628,-0.6777511
3.534271,4.217034,3.1167452,0.48065686,-0.67968863
0.9398181,0.76152307,1.0109193,0.03726281,0.39604196
2.3035994,2.2332532,2.2540488,0.4063741,0.024604455
1.4274803,2.1082695,0.7975729,0.072460815,-0.7040245
1.3866603,2.4878402,0.91250926,0.066203795,-0.71087366
1.011489,1.7690226,0.41668084,0.020326307,-0.6689208
1.9152156,2.23566,1.952811,0.2366579,-0.32123104
0.55215704,0.72576255,0.6766914,0.0,-0.0954719
3.2809966,3.2422159,4.320747,0.4878809,0.71680844
0.5294902,0.8711195,0.89089525,0.0004035358,0.038454603
2.4004686,0.7278853,1.6338611,0.44766158,0.734679
3.5042958,3.8205082,3.3013892,0.5,-0.6273221
3.6258307,3.8921652,3.9567702,0.49815091,0.095123045
2.0164187,2.2660446,1.8273661,0.2840087,-0.56357753
0.8654676,1.9052979,0.49280125,0.009662902,-0.70536155
1.0007981,1.2976353,1.6095519,0.0256061,0.46754825
2.848725,3.1681604,2.8893661,0.4873445,-0.32602933
0.92359036,0.24238949,0.5932374,0.02154695,0.59291023
2.819765,3.6478994,2.6487088,0.4995977,-0.7454345
3.7388186,4.312504,4.769193,0.5,0.5238709
1.7849929,2.3007855,1.408879,0.20541826,-0.6345992
2.3556623,2.9149363,2.410792,0.4340423,-0.5975542
1.725099,1.5540577,0.3787594,0.1661904,-0.70379454
2.1127808,2.223668,0.21006972,0.32611942,-0.6436074
2.402176,3.6250076,2.1866996,0.4440056,-0.72137815
2.1287444,1.7113792,1.8751295,0.34384948,0.12983511
0.95902383,0.47866288,1.4811699,0.029264228,0.6988726
2.669434,2.2027063,4.130694,0.49264094,0.68921363
2.7894785,2.9307473,2.6775362,0.5,-0.2877808
0.706764,1.8189223,0.6248973,0.0,-0.64131194
2.397738,2.9234042,3.8824286,0.4661724,0.6796451
0.7965974,1.68287,0.91035616,0.02242229,-0.74181825
2.4713387,0.62118345,2.4479036,0.48657042,0.69270825
2.8260274,2.6220813,3.1339371,0.5,0.5760257
1.4265386,0.55254656,1.8292983,0.07379241,0.69947076
0.8128855,1.8744447,1.1376352,0.0077701597,-0.6818632
1.176362,1.5353382,1.8705266,0.03881461,0.5309874
2.396023,2.662031,1.8966393,0.4642827,-0.7098635
0.67491865,1.0262507,0.742668,0.0,-0.5560218
0.38019362,0.5439313,1.1496881,0.0044372366,0.6954061
2.7456307,4.044616,0.6622117,0.5,-0.68301076
2.9075956,4.1087594,2.4192302,0.49026343,-0.71480995
1.8505267,2.6937957,2.409927,0.22878774,-0.30771673
2.8251398,3.616175,3.1087737,0.48485884,-0.6242632
3.2841644,3.2427838,3.174309,0.49454984,-0.048478108
0.9725031,1.3935006,1.3652387,0.034375526,-0.07256355
2.5502613,1.8741612,0.49100825,0.5,-0.67893034
1.3286159,1.377902,1.1424502,0.05741214,-0.339995
2.0592208,1.5892259,2.252585,0.3085658,0.6977793
2.7542036,3.2582083,2.3160822,0.5,-0.6728985
3.1728222,3.3221195,3.98269,0.5,0.68128055
0.87866455,1.4867686,0.26235622,0.02328615,-0.64424837
4.259086,4.8083415,0.5574513,0.5,-0.68518126
2.8039246,3.5790317,3.4246626,0.49601287,-0.17455305
1.879613,1.7214966,0.68293375,0.25201705,-0.6482311
3.3630219,2.705921,0.67624843,0.49714658,-0.64698774
1.821065,3.0943758,3.424969,0.22017607,0.41006014
2.8114502,0.4074171,2.392524,0.5,0.72639275
2.0213206,2.3249528,2.567569,0.29622263,0.28200775
1.7973385,2.570901,1.6390554,0.20901287,-0.6966902
0.54358023,0.6033242,1.5735912,0.0,0.65329695
2.4330854,2.1474946,2.571243,0.45718634,0.5227186
3.628784,4.946127,3.3205526,0.4940906,-0.65338165
1.9807819,1.955326,2.7814975,0.26330668,0.7118555
1.1346788,2.316831,1.1086253,0.06413652,-0.6725271
2.2843964,0.30769747,1.8276662,0.39254776,0.6839009
4.3244677,5.111297,4.4046674,0.49294695,-0.7595964
3.098642,0.6839823,3.7993848,0.49161792,0.6424963
2.866538,2.9917896,3.0300796,0.5,0.00085075037
2.9465432,3.5013502,0.55251276,0.4911298,-0.70849633
2.3047075,0.77964383,2.5505126,0.4281566,0.68466896
4.180723,5.132884,3.231623,0.48857036,-0.72268814
2.8968976,3.7182825,4.5355654,0.5,0.7032753
2.8482084,3.3831213,2.9812129,0.5,-0.52913827
3.214448,3.381834,3.8994877,0.4897273,0.6557768
1.7964321,0.54256517,2.773391,0.2000467,0.7220104
2.1275544,3.1574852,1.7181945,0.33125687,-0.68618095
0.59361744,0.52577764,0.2,0.0,-0.5997035
3.1868875,3.1564791,4.214819,0.4929197,0.66450924
1.8026564,2.0981534,1.6433841,0.19234298,-0.57317734
2.5438542,2.1306353,2.532478,0.4955562,0.46019918
2.5088346,2.5817533,2.314959,0.4854649,-0.32960564
1.2503383,1.1447824,0.2,0.0618163,-0.683119
0.99685544,0.5052835,1.0825372,0.033954524,0.63656646
2.9276104,1.0142235,3.095835,0.5,0.6988674
1.6286205,1.9374311,2.4126196,0.13550673,0.60439485
3.4389248,4.1479206,0.28931713,0.5,-0.7512475
2.845998,3.0833664,0.5750612,0.48487526,-0.6947665
2.7801952,0.746402,3.2669177,0.49557665,0.7056396
0.72257435,0.6083659,1.3173928,0.007830305,0.696533
0.6867877,1.1302623,0.24248615,0.0,-0.69543815
2.1841226,3.0486836,1.424583,0.3746885,-0.7071351
2.8342116,3.5242732,4.12027,0.48243883,0.663533
2.2131002,2.5709143,3.1496885,0.36734888,0.70422876
2.7300138,3.6866438,2.5580282,0.4928436,-0.7624433
2.0546272,2.0594652,2.1069777,0.31780258,0.07851181
0.32720312,0.22982866,0.5262308,0.017052358,0.5777595
0.6228586,0.74376136,0.5183416,0.0,-0.42438278
1.6174377,2.5325954,0.5372631,0.12048917,-0.6799712
2.6238956,3.2596285,0.47789076,0.4926814,-0.6502769
1.6754241,2.4790142,1.1280553,0.15130726,-0.7488278
0.9737388,0.53148407,2.3162956,0.022086589,0.7065705
2.1697507,2.4928029,1.5732591,0.36494496,-0.66717094
4.2922716,4.436344,3.4261684,0.5,-0.63718903
3.0934718,2.9198203,3.6979382,0.5,0.6503617
3.4286435,3.7207787,3.422862,0.5,-0.36790884
2.972413,3.0767984,3.3657386,0.5,0.3991808
2.7436752,0.7780776,2.841416,0.5,0.68678653
3.1347756,3.6970546,3.1326861,0.49968535,-0.71064055
1.0162811,1.3707925,1.1521937,0.021138752,-0.28595674
2.8662105,3.7905078,3.2946625,0.5,-0.6580831
3.2678788,3.070681,4.013147,0.49646991,0.71722394
2.970101,3.1188912,2.8252976,0.49673226,-0.37253022
3.3716545,2.7422078,3.7474115,0.5,0.67637944
2.6892066,2.470088,2.7272336,0.49515867,0.32977512
3.5983279,4.175951,3.600637,0.4958193,-0.6812159
2.4298007,3.0884078,2.1924486,0.45799315,-0.6978385
0.97028095,1.5669619,0.51378787,0.020672137,-0.6842194
2.9709115,3.9011426,2.508982,0.49777758,-0.7296473
2.3241663,2.889864,1.9437927,0.43351933,-0.69045085
1.9010177,2.1847098,1.607783,0.25214657,-0.6935715
2.1179597,2.7355108,0.5046914,0.32280296,-0.67379475
1.9915715,1.8517052,1.7366673,0.2840762,-0.16315874
1.1290356,0.6011273,1.0881468,0.04163913,0.70703167
1.3593299,1.4435921,1.7447182,0.049510133,0.42925733
0.95943934,1.1353769,0.46566308,0.02162956,-0.6726462
2.6968045,2.9721649,2.8236263,0.48533744,-0.21549334
2.6735475,2.539348,3.0494494,0.5,0.5995988
0.6682638,0.601031,0.69994295,0.0,0.21899034
2.1543827,2.7808535,2.416716,0.34740582,-0.4010855
1.2463267,0.95585394,1.5635014,0.051939975,0.75382954
0.80648553,1.0737658,0.88657963,0.027398169,-0.35270974
1.7407588,1.7147974,1.5425549,0.1743523,-0.20270571
1.7955928,1.2219094,0.6315242,0.19474384,-0.6507317
0.80579704,0.87760884,0.37640488,0.022032846,-0.7048051
2.816905,0.7756272,1.8722043,0.49703,0.7396991
2.711242,2.747767,2.4713943,0.49256417,-0.34848127
2.808743,3.1254814,2.7642133,0.5,-0.42915586
0.56395984,0.2,0.8522738,0.0022116748,0.70444506
2.6300142,3.408115,2.88651,0.4971737,-0.6163999
1.1719395,2.9116232,1.0222305,0.039525673,-0.7382292
3.0213292,2.8132799,3.1947627,0.5,0.46582216
2.8944044,2.8141687,3.473308,0.5,0.6564519
3.2840626,3.170028,3.3649645,0.5,0.23599704
1.8666499,1.5728853,1.5347173,0.2359617,-0.08414345
2.2318268,3.4251087,2.156524,0.38164732,-0.69888663
2.8745852,2.9799094,3.3019023,0.5,0.38936505
2.062512,2.6049294,1.5044756,0.31389818,-0.67536634
1.2156795,0.6862445,1.707348,0.045806035,0.7392678
2.6924126,3.4971004,2.6583567,0.48363194,-0.71907306
0.97630745,1.8210195,1.7087377,0.022052202,-0.191992
2.5270958,2.172931,2.7748027,0.494171,0.6669007
2.959276,3.6565466,3.413168,0.5,-0.23418583
2.885661,2.9291055,3.4500525,0.48982412,0.678709
2.619737,3.7202165,3.3120162,0.5,-0.5027454
2.6886199,2.5364804,3.2746193,0.4792497,0.6979159
3.390717,3.1499975,3.1354175,0.5,-0.03330165
2.0177152,2.2501729,2.6064792,0.30306062,0.41165653
3.100675,3.6294663,2.6053438,0.49605027,-0.674589
1.1543598,0.53713125,0.75373924,0.040954392,0.3318232
2.087689,2.146262,2.2505777,0.31468782,0.08065501
3.328934,3.0029929,4.0948124,0.4989089,0.7054741
1.8782496,2.5819871,0.99124944,0.23182447,-0.6465898
2.4685137,2.406184,2.2342293,0.46754485,-0.20569137
4.00476,4.7869725,4.4860177,0.5,-0.3434165
3.1877692,3.1029282,3.1994972,0.4938767,0.17553718
2.157572,2.6278014,2.6215193,0.36915708,0.0035803635
2.2693908,1.8226713,2.4494557,0.419188,0.7521615
2.5417883,2.7091482,2.258022,0.5,-0.547617
3.4024098,3.0653756,4.1606402,0.49638438,0.71017116
1.0823749,2.042954,0.37350124,0.024736369,-0.70163953
1.2313397,1.9996909,0.9784903,0.043150827,-0.6847647
1.2293959,1.5659378,1.7287339,0.061423633,0.21899226
1.5831834,2.372849,3.1974673,0.13638622,0.66411936
2.0492013,0.7229781,1.3082626,0.330408,0.6965037
2.591314,3.2088966,2.7179434,0.49108696,-0.5720958
0.7205892,0.9155,0.2,0.0,-0.70354515
1.105137,1.6017987,1.1463652,0.046610214,-0.73230004
1.2029787,1.5637474,1.0787563,0.05449653,-0.6941514
2.9526303,3.101378,3.1329072,0.5,0.022088792
2.1835828,1.5350099,3.1086524,0.36988583,0.75638163
0.8651968,0.6991899,1.3941742,0.015337016,0.70825714
2.8308637,3.9048612,2.7619019,0.49796107,-0.6915946
1.9896982,2.151391,0.7008999,0.27668235,-0.65742964
3.5676901,3.4525714,3.739043,0.5,0.37586722
2.281229,0.8078601,1.9181042,0.39926708,0.69962853
2.696684,2.2310495,2.8648067,0.5,0.71811354
2.2854288,2.2667534,2.7208567,0.41511405,0.55895066
0.9354221,1.2504597,3.0034678,0.017422052,0.7023545
1.5708882,1.990683,2.332636,0.10205936,0.3961198
0.9199352,1.2941283,1.4906389,0.017056547,0.29528004
2.5225222,3.5454335,1.8181874,0.4973445,-0.6755528
2.3009596,2.219284,0.5708291,0.43131977,-0.68599176
3.2503362,2.7794492,4.1341424,0.47710362,0.72324854
0.68531436,0.794752,1.1931506,0.011034298,0.66876084
2.6034548,2.525354,0.72572285,0.5,-0.76017284
0.71918494,1.0404259,1.1878827,0.0,0.25321048
2.545795,2.6948326,0.6996419,0.49864694,-0.69094163
3.2312613,3.5268705,2.5411754,0.49746168,-0.7541038
0.77189606,1.0252571,1.7510464,0.010031372,0.699094
2.9523785,3.6530316,3.5441258,0.48646808,-0.13328539
1.2115757,1.46237,1.9813212,0.031785514,0.7540503
2.3151672,2.6954095,2.5568886,0.423836,-0.20756525
1.7731822,2.9084613,2.254317,0.16875418,-0.70942265
2.4173634,1.8199179,2.94276,0.46297517,0.70341057
0.9799116,1.3350465,1.1015155,0.04388503,-0.34347212
3.610535,3.749994,3.3912306,0.49906212,-0.43187195
0.25326124,0.43768492,0.20203646,0.009918042,-0.42877305
0.42324692,1.0411565,0.6049901,0.0,-0.70698136
1.9049203,1.828596,1.759669,0.2544529,-0.088325165
0.6621221,0.57213825,0.43305537,0.0,-0.29350322
0.89044166,1.491718,1.7498661,0.026646344,0.43163627
3.0892503,3.3343418,4.1538005,0.5,0.6759478
0.77396363,0.49592718,0.71435755,0.0,0.42121366
2.335145,2.9096029,3.110136,0.42955157,0.20898731
2.6770396,3.185905,2.818837,0.5,-0.45500317
2.2161152,2.6093507,2.307278,0.37477422,-0.35911712
1.2542863,1.7128963,1.6772513,0.03387786,-0.084047616
2.3443623,2.834477,2.1102874,0.40964693,-0.7335312
2.5925553,2.7623706,2.5921118,0.49627417,-0.2369437
2.2884343,2.6327944,3.1086805,0.4034052,0.5722151
2.7833626,0.6741479,3.108925,0.49868494,0.694697
0.917044,1.1036,1.420062,0.030006543,0.52448887
0.7320636,1.4732189,0.5019608,0.0032325878,-0.7155638
2.4379218,3.8037155,0.65528363,0.49070975,-0.6795339
1.9030544,2.248751,0.20430125,0.22598207,-0.6919144
0.8755185,0.6693318,1.4193703,0.018764839,0.7131751
2.4589503,0.60090184,2.9186602,0.4781518,0.70676225
2.4962773,2.0075653,0.59593475,0.5,-0.7410833
1.004374,1.5210261,0.24295959,0.023981817,-0.6704536
0.9526708,1.2419304,0.64313346,0.02460006,-0.68408066
2.403388,2.1271641,2.2809348,0.4642601,0.17419171
1.5335594,1.62726,1.8738779,0.091928676,0.25948903
1.0557648,1.6435791,1.4672742,0.03882674,-0.30440694
2.3055449,2.5420036,2.7157242,0.40407053,0.18627541
3.7787745,0.76155835,3.8188562,0.49605483,0.7008873
0.84096557,1.5020225,1.0436138,0.012573852,-0.65498513
2.1751482,2.5816686,3.2214167,0.38196036,0.7303116
3.4326684,3.2886798,3.6455896,0.5,0.39241266
3.621522,3.7804973,2.8676555,0.5,-0.7084632
2.2654378,1.465409,2.6833704,0.3956428,0.7056376
2.0101078,2.3025932,2.7015278,0.30761468,0.4556079
1.3116597,2.9752452,2.1132653,0.05664929,-0.6677922
2.8477318,0.945157,2.8749087,0.5,0.6673322
0.35109657,0.5694729,0.46330965,0.0036038163,-0.18647213
2.8769748,3.19655,3.4444818,0.5,0.29146063
2.2465272,2.7790494,2.566119,0.3945567,-0.2370875
2.184391,0.5201413,2.6032841,0.37227023,0.7342171
2.2302518,0.9519239,2.185574,0.37622795,0.69837546
0.8860944,0.27749956,1.2010591,0.05410893,0.7212282
2.2870538,2.300825,2.1804442,0.40525472,-0.18894069
2.1848238,2.0808668,2.2846773,0.35039574,0.21597525
0.8515536,1.0274926,0.5254733,0.034973975,-0.71520144
2.6239812,2.493351,0.6600789,0.5,-0.6612178
1.9801239,2.4764097,1.5200635,0.24635878,-0.66209394
1.1915042,2.4327457,0.5810061,0.06746809,-0.6698746
2.510076,3.2746181,2.221018,0.49016908,-0.70670164
0.873978,1.0678889,1.3498119,0.022308223,0.49472955
0.85440993,1.8771971,1.2123078,0.015073702,-0.7401583
0.86750084,1.6253705,1.4773393,0.024497222,-0.31633225
2.2823868,2.8921,2.2502654,0.39388764,-0.6987178
0.82460815,0.7020101,0.27564457,0.032780483,-0.73665076
2.6200604,2.7753124,2.975265,0.48207816,0.25332764
3.115649,3.6489582,3.2748334,0.5,-0.49788746
0.90596443,2.176204,0.99894786,0.015889226,-0.6840102
2.1730473,3.0842679,0.6669738,0.35298964,-0.7342396
0.881752,1.4624922,0.83914113,0.032670114,-0.6708808
2.978212,3.2687652,0.83037525,0.48940918,-0.66445845
2.9093924,3.4809275,2.4938204,0.4942661,-0.6935266
2.3790708,2.8331335,1.6286806,0.43802935,-0.6738163
0.9964134,1.9680582,1.2369138,0.0189703,-0.70064694
2.2717257,1.9347004,2.0086298,0.40765458,0.097005635
2.260033,2.4370134,2.7506793,0.38046938,0.42123806
2.117518,2.7028372,2.1078494,0.33813512,-0.74791276
1.0379529,2.0580437,0.80649674,0.038417406,-0.70179176
2.1288073,0.5850658,2.3883002,0.3385279,0.70088434
2.906031,0.21789427,3.0346103,0.5,0.7383025
2.6476705,2.5472398,2.846866,0.49874958,0.35425
2.7399187,2.9114606,0.27469155,0.5,-0.67021954
2.4374046,2.004148,3.2355542,0.47725388,0.63076675
2.6528466,3.686907,2.56916,0.4989985,-0.69701475
0.7889546,1.119971,1.7739345,0.0006717307,0.7795914
0.6247777,1.4341891,0.2,0.0011679635,-0.6720457
2.3619096,2.4486988,2.9724703,0.43624753,0.6412957
2.782187,3.2440274,3.2927556,0.49698544,0.0846988
1.7741376,1.3821043,1.8362453,0.20275442,0.5203184
1.3093612,1.0218387,0.6857211,0.06731343,-0.484142
2.3037078,1.9594642,2.4918778,0.4110391,0.6917574
2.0388231,0.7923769,1.3012182,0.3004306,0.58359146
1.083888,1.8710884,1.0662887,0.040253885,-0.66810936
1.8428556,2.119513,2.4289904,0.22518697,0.32859468
2.31783,3.0391982,0.657241,0.41917717,-0.6943774
3.4897041,0.55169284,3.6381278,0.48864526,0.6951063
2.2547789,2.9871986,3.1073115,0.40049377,0.082420126
1.2613599,1.9821063,0.740131,0.04708999,-0.6375031
0.6505398,0.8070686,1.7057025,0.009710913,0.66591847
1.9016705,2.2634003,1.9819589,0.25260124,-0.366514
3.0963223,3.5165114,3.82521,0.48968568,0.3140837
0.80311245,1.6443325,0.93318933,0.006481074,-0.6800728
0.7701353,0.9649392,1.1101319,0.0,0.25812685
3.3034754,3.7069333,3.0570817,0.4958265,-0.7100043
2.967442,2.4843082,0.75954646,0.4934977,-0.7032351
1.9093305,1.6477633,2.1916761,0.26630807,0.6321101
1.8813903,1.7998142,2.1529334,0.23481491,0.44124353
1.5107236,2.0135224,0.8858562,0.08569454,-0.7060454
4.138931,3.9698598,4.881733,0.5,0.7104502
0.8795619,1.1295316,1.2162738,0.040524587,0.14568536
3.3153734,3.4744866,3.7389126,0.5,0.33307153
2.2649925,2.4989882,3.233591,0.40271693,0.7540037
1.9158568,2.5799654,0.8315539,0.25019163,-0.6652638
0.98749226,1.2728753,1.5299603,0.015276411,0.38929433
2.4109268,2.4833941,2.9749794,0.45760182,0.6100359
3.0880196,0.5901351,3.1375465,0.5,0.7000445
3.0979834,4.1457887,3.295873,0.5,-0.72091573
2.2216866,2.4438148,2.0719192,0.37885255,-0.38967738
1.7198291,1.3008871,0.69574285,0.15889922,-0.6946801
0.76618123,0.32375297,0.6068617,0.0,0.53373295
1.2537247,0.7207862,0.72781324,0.059616458,-0.010183724
2.4364219,2.054591,1.8949631,0.45117435,-0.21084906
2.5347586,0.2,2.5091581,0.4691536,0.7041827
1.9738777,1.9687443,3.2725475,0.29344282,0.71809965
1.848396,2.1967647,1.4275091,0.22711469,-0.7070117
2.5785582,3.4831154,3.004262,0.5,-0.57417
2.191467,2.447209,1.4215093,0.3863027,-0.7211014
2.5472324,2.8570263,2.7797132,0.49921507,-0.10604587
1.3881712,1.7963986,1.9278064,0.07683441,0.14357005
2.7903347,2.9816053,2.387211,0.5,-0.69374496
1.2943668,0.809794,1.1622266,0.061366614,0.48160526
2.2954588,3.619989,2.0596337,0.4062158,-0.76720786
1.4357427,1.1352724,1.8520606,0.0731226,0.6723087
2.6066403,0.41477177,2.9493773,0.5,0.6549266
2.7090337,2.4510174,3.2456486,0.4847609,0.66820514
0.7729301,1.0652565,0.9418005,0.024531035,-0.18458793
3.7332554,4.1965857,3.20324,0.49472344,-0.6910045
2.7512996,2.8475974,2.319639,0.5,-0.6106365
0.958611,0.5244378,0.4940864,0.04214858,-0.03924969
2.8821688,2.9526634,2.666032,0.5,-0.37261075
3.8780403,4.6977887,3.7907774,0.49729645,-0.6820201
2.794464,2.2261868,2.8027422,0.49466658,0.7383817
1.0398973,1.9880443,1.1466522,0.016909402,-0.65821356
2.8634706,3.1165009,2.179031,0.5,-0.6167625
2.137623,2.6216304,2.6611397,0.33756763,0.07167198
0.69045717,0.32302225,1.00731,0.0,0.6973431
3.586706,3.7426338,3.691868,0.5,-0.00855696
1.506346,1.3407571,0.65509826,0.08436278,-0.7110828
0.52967554,0.895039,0.8227228,0.0,-0.13139214
2.0488045,1.7283013,2.0709825,0.3092373,0.42436016
1.4254918,1.2770139,1.8317322,0.07710028,0.6877216
2.086693,3.316939,2.1724072,0.31958202,-0.6990999
2.5015934,3.0216942,2.8152416,0.49295312,-0.24934208
2.1528437,2.548763,0.25133818,0.3410946,-0.6998562
2.2884061,2.7804139,2.2836418,0.40259185,-0.6658963
1.737263,2.6244001,1.1393694,0.16619837,-0.691353
3.1276553,3.2372642,3.967284,0.4998832,0.6410784
3.3207593,3.955092,3.8714342,0.5,-0.13615252
2.5348527,1.5354222,0.92493504,0.49945968,-0.6922043
2.5864236,2.7314892,2.5620203,0.5,-0.18192594
0.856438,0.9200343,0.7889112,0.017070234,-0.16888155
2.6658921,2.5101488,2.474541,0.49691582,-0.05632149
3.6153908,4.1653395,4.1702447,0.5,-0.0051017096
1.8359215,1.9378761,2.8090212,0.21394023,0.6997232
3.1540477,3.280592,4.058345,0.4842483,0.6020441
2.5223496,2.3150108,2.7905478,0.5,0.54629785
1.95848,1.950058,2.4745996,0.27398828,0.5876114
3.9245408,3.1361654,4.4114947,0.488973,0.68420184
0.21278559,0.26205912,0.5196623,0.006342428,0.47174773
2.4939353,1.9698216,2.9091043,0.5,0.7251152
2.8577738,3.8268945,2.6694334,0.5,-0.7236217
0.87435955,1.4025601,0.23429348,0.015792498,-0.6601481
2.4517648,3.0253296,2.8557928,0.48673394,-0.22336543
1.899056,1.4248211,1.5523512,0.2627933,0.16324782
1.8092562,0.42673466,1.6302619,0.21069068,0.68496126
3.6630185,3.5825262,3.6520956,0.5,0.06289839
2.6172326,2.8959017,3.5153337,0.49349573,0.69481766
2.627636,2.7474403,2.7674246,0.5,0.024086881
2.1468449,1.6524211,1.8503042,0.36620516,0.23195434
1.0031701,0.589057,0.5040261,0.028819343,-0.14814754
1.72196,2.2342067,1.8236432,0.18849488,-0.54444516
2.0766916,2.6334355,2.1975489,0.32425043,-0.52222
1.9212018,1.3778542,1.5150723,0.269719,0.15621513
3.3782275,4.2047067,3.6329167,0.5,-0.67892534
1.5902878,1.6109341,0.9804372,0.10937328,-0.69122505
1.8843778,1.4775704,0.42390803,0.2360532,-0.71141094
1.3393964,1.2953727,2.267998,0.053417403,0.69079345
2.0577424,1.5690596,1.7015979,0.31354156,0.17730299
2.2777712,2.1310854,2.4870472,0.41886517,0.48155826
3.1984172,3.1584613,3.5261762,0.48393384,0.38638684
2.485249,2.9173863,3.5863276,0.5,0.7221024
2.4026232,3.0099459,3.2699478,0.4563783,0.2962044
2.7379863,0.73907727,3.2753198,0.5,0.6876107
2.282354,2.898264,2.0229392,0.41537327,-0.6597721
3.999344,3.316244,3.7413785,0.49907857,0.49517193
2.232419,1.7198713,2.2001169,0.39401862,0.57951486
1.18953,1.9597077,0.6634448,0.047422007,-0.69824237
3.071704,3.0701725,3.5158439,0.5,0.5680709
2.261532,2.302024,2.3597848,0.41273937,0.05783383
2.709291,0.53204405,2.9997141,0.4975533,0.7233804
2.2904189,3.1716034,3.154243,0.4143269,0.06696705
2.7814806,0.89151555,2.6214204,0.49767527,0.7023336
2.61885,2.4531946,2.9096067,0.49567756,0.56592244
0.8637677,0.4566305,1.0228512,0.010854949,0.70695424
1.8771578,1.5941836,1.7011863,0.23198693,0.10752057
1.0092598,1.8257087,1.0750439,0.054894574,-0.7436896
2.9885564,3.5438337,3.2767355,0.48525196,-0.3150146
1.6550598,1.8511949,1.9938103,0.14533116,0.18207659
2.3639326,0.9092565,3.211662,0.43787915,0.7374053
1.6743692,2.2726562,1.5127038,0.13899893,-0.624661
3.033642,3.3978498,3.34996,0.5,-0.03834296
2.5451474,2.4408536,2.1572595,0.5,-0.33305767
2.6353898,2.7454867,0.41158038,0.48807994,-0.7074446
2.0866628,2.519053,1.5246686,0.31740922,-0.7258203
2.4487164,2.370393,2.8224716,0.46402556,0.5406642
3.0911705,2.7435014,4.1777134,0.5,0.6367201
3.233097,3.460531,3.9712436,0.5,0.63828105
0.89888453,1.1208321,0.79444206,0.013201572,-0.55839753
1.6631128,0.96023226,2.3077703,0.13783458,0.72256225
2.4397378,2.6554673,1.9738526,0.47187668,-0.7420821
2.7376108,2.4881968,3.1836922,0.5,0.71092623
2.151573,2.5500073,3.6476033,0.37041822,0.67415637
1.578115,1.0054195,1.9947702,0.11005349,0.72543776
1.8335158,1.4157697,1.890628,0.20123196,0.5310049
3.4731424,2.5388253,3.510683,0.49583852,0.7267387
1.9469231,2.3438067,2.2585053,0.26819682,-0.099469446
2.6255918,2.081662,2.7981098,0.5,0.7132644
0.75876814,0.35217714,0.7148008,0.001375902,0.76415855
0.72514284,0.9000669,0.83343923,0.008080992,-0.15867774
2.4171524,2.53982,1.7738353,0.47121286,-0.70477355
3.036087,3.612787,3.6451612,0.5,0.04051982
2.6376913,3.1908054,3.3518817,0.5,0.22602828
2.181847,2.981364,2.7472937,0.37330174,-0.25805107
2.6345596,3.6234276,0.65268123,0.5,-0.6540448
1.7931731,0.35098907,2.2420335,0.21208665,0.72859925
2.913855,3.2430727,3.294571,0.48703367,0.035043336
2.2175229,2.4945533,2.2833672,0.37035936,-0.24153692
2.2321196,2.7269287,2.9968057,0.3943653,0.3678584
0.72565264,0.2,0.86715174,0.0,0.6679496
0.8814689,1.0460011,1.5695914,0.0055122976,0.6954982
2.34849,1.6198777,0.6742895,0.43486232,-0.721149
3.3161032,3.1161458,2.7338822,0.49869645,-0.446583
2.02432,1.5033832,1.1468129,0.29934868,-0.4134857
2.8641803,3.328218,2.8405538,0.5,-0.6329102
3.1873991,3.6645133,2.8816423,0.49271202,-0.76126266
1.0293949,1.7782097,1.0669626,0.033027515,-0.67342454
3.8986669,3.5582948,3.533239,0.49749747,-0.031753507
2.1889064,2.0293682,0.82512283,0.3708666,-0.7100856
0.80436844,1.5573907,0.2,0.0,-0.6938489
3.073086,0.63855034,2.559463,0.5,0.6434229
3.1626787,2.9756007,3.1213334,0.49925438,0.21268596
2.1148918,2.687989,2.0303519,0.3375734,-0.72865766
0.8495873,1.3244339,1.5356227,0.019902676,0.3714747
4.2303896,0.66922563,4.2412896,0.5,0.74937886
0.73336387,1.1860093,0.2,0.0,-0.678958
3.1511595,3.1700609,3.179254,0.49697375,-0.04651855
3.5256484,4.511972,3.9806564,0.49884084,-0.6439077
4.1044555,4.6961966,3.1048148,0.5,-0.712585
0.68566597,0.8743546,0.41841596,0.0025801763,-0.72838145
1.3125912,1.9039955,1.7828938,0.0757193,-0.23773408
2.1093476,2.3412964,3.0280364,0.3291018,0.6918112
2.6114626,2.3448021,3.0601559,0.49231136,0.6658212
1.0503526,1.2554333,1.0004351,0.034604024,-0.3939116
1.4732486,2.6453626,1.6243539,0.082298584,-0.7566242
1.5958364,1.1239984,1.5919942,0.13521448,0.5757517
0.7624352,1.124931,0.80394316,0.0,-0.5307586
2.8674104,2.6314514,2.6716142,0.5,0.035138525
1.991892,1.545174,2.288391,0.27332705,0.77371675
3.5503497,3.603039,0.3519363,0.5,-0.72595274
1.957791,1.7581611,2.2458394,0.2696707,0.6021194
0.8049947,0.9958809,1.0257154,0.011423744,0.07431924
2.3851638,0.7330251,2.766784,0.45209193,0.66764486
2.6376624,2.1082814,2.5594783,0.5,0.5010222
3.157529,2.9109874,2.2833397,0.4806574,-0.72038114
3.0235243,3.0442443,2.7515647,0.49766746,-0.37323138
2.9926555,3.4367409,2.7960536,0.48570746,-0.6625805
2.9268754,3.4008937,3.3111355,0.5,-0.13771325
1.8228928,1.5336698,1.5390501,0.21255575,-0.008339355
3.2862275,2.8872838,3.0012593,0.4838784,0.1353229
1.9388535,1.7120501,2.5541797,0.2564475,0.7175503
2.5510056,3.1329975,2.8941078,0.4786569,-0.3188226
2.3783777,2.3534033,3.1860683,0.42923313,0.66244924
2.8215806,3.0770066,2.9048674,0.5,-0.200438
2.2417219,0.41153917,1.762123,0.39929754,0.709121
2.4697528,3.3120058,3.7306683,0.48254582,0.5785658
3.578487,3.1987488,4.1296196,0.48852402,0.6746828
1.8217318,2.6434557,1.734941,0.2255646,-0.6586111
2.6591911,3.049744,3.2252142,0.5,0.19887125
0.63311756,1.5595919,0.89264864,0.0,-0.7316645
2.944145,3.8868692,3.7870433,0.49514842,-0.099840336
2.127898,2.406921,2.5061085,0.34343183,0.12232595
2.5930107,2.4568906,2.6040163,0.4996884,0.15326454
1.7633376,2.386872,2.1540601,0.18808307,-0.25678763
3.3637557,0.4918124,4.084694,0.49892718,0.6875867
2.672102,2.9377947,2.3929944,0.49768648,-0.6296782
2.696892,2.5616977,2.884032,0.4976177,0.37642586
1.6463457,1.645926,1.226632,0.145859,-0.5190143
1.8139529,0.99043834,2.255811,0.19492705,0.6691247
2.2126482,2.3959968,2.4798222,0.37233585,0.10175386
0.82897604,1.0755264,1.3323638,0.009595347,0.4546588
1.5349389,1.5218612,2.2322643,0.09224943,0.71398866
0.88503724,1.0818107,0.7987437,0.046085235,-0.54557276
0.4713739,0.22259285,0.84395933,0.00022271207,0.6841223
1.9010664,2.5002315,2.28466,0.2653036,-0.22045596
2.3795621,2.5934315,2.247091,0.45129326,-0.41582352
2.9042115,4.1997595,2.63407,0.49011695,-0.67033243
3.039963,0.37020406,4.0234137,0.5,0.71650195
3.6696987,4.097407,3.680376,0.49959755,-0.5104626
2.5980623,2.5581846,2.5666575,0.4905899,0.04543816
2.6594865,0.23378071,2.735201,0.49936292,0.7112295
0.40325585,0.34566388,0.8451342,0.0,0.6803858
2.77524,3.8568552,2.7068655,0.5,-0.6894758
2.8337758,3.8982067,2.604167,0.5,-0.6990762
3.142,3.0809565,3.3342927,0.49783036,0.29042372
1.3380398,1.4158247,1.8910935,0.064901724,0.67231494
2.913212,2.7650864,3.2990522,0.5,0.66914093
3.5300791,3.0288336,3.3985379,0.5,0.44195372
2.6112645,2.9595973,2.25082,0.5,-0.6941516
2.230134,2.4578936,1.9470277,0.38213122,-0.5929357
2.3484695,2.8338869,2.7065935,0.42760465,-0.17661116
2.5086973,2.7359128,3.0212495,0.49239436,0.3344331
1.9219507,2.6206236,0.66605115,0.24958007,-0.6460255
2.2457948,2.3717148,2.1593254,0.39966783,-0.26793063
0.81999856,0.94033027,0.39102504,0.014421175,-0.6824546
1.4590436,1.7011365,1.612073,0.08462536,-0.10034472
2.8127065,3.3781247,3.3506734,0.48328343,0.0029820558
1.5162702,1.5546141,1.4153782,0.085918084,-0.14868158
2.2435791,2.9061646,2.9657128,0.40835893,0.0493027
0.8643237,0.75502795,0.60566574,0.02094741,-0.22709739
1.1790488,1.1811628,1.0058675,0.03840009,-0.29789558
2.8411083,2.114387,2.9679348,0.4964156,0.6938375
2.258602,2.2018893,2.594729,0.4089611,0.4194366
2.7478075,2.4842288,2.7919645,0.48627082,0.38796306
2.5955663,3.1470242,0.6856049,0.49744672,-0.6178275
2.069415,2.556938,2.439797,0.32689542,-0.114180006
2.3711436,3.1442301,3.1304219,0.45122707,0.0040608402
2.3546898,3.3621104,2.5048125,0.4354569,-0.72234064
1.7285892,1.8456385,1.8021017,0.16633472,-0.05441985
1.7833039,1.6791581,2.1955614,0.20777252,0.59782636
2.5046475,2.9201295,1.7804528,0.5,-0.7212546
2.0620472,2.0510852,1.6292841,0.30049297,-0.49604136
2.4443069,2.310079,3.0349927,0.46492878,0.6330511
1.3874153,1.6499697,1.355427,0.054194953,-0.39521754
1.0090182,0.9338647,0.8323455,0.037949573,-0.19200607
3.8101585,5.10357,4.293846,0.5,-0.74864036
3.2187128,3.2920127,3.3286622,0.5,0.055352163
3.2218428,3.4208524,4.01142,0.49134886,0.6996639
1.0182228,1.6116934,1.0175542,0.030295653,-0.7294061
2.7779858,0.40670422,3.588672,0.4816597,0.69451535
0.9424314,0.75513774,0.98659754,0.018121965,0.40908474
2.060997,0.5004173,2.7148902,0.30890948,0.6964411
3.037652,3.1394567,3.2378805,0.5,0.11961433
2.9596803,2.362847,2.8121781,0.5,0.5212744
0.9394891,0.91972494,1.1525617,0.04292342,0.35202596
0.9018149,1.8545898,1.1759434,0.0030336536,-0.744254
2.1637652,1.9419849,2.33138,0.35184652,0.47313434
2.225607,1.9257127,2.0372787,0.3919104,0.16492315
3.100378,3.6756735,3.9508078,0.4908434,0.31791106
1.2210145,1.2703468,1.550374,0.033903144,0.4585925
2.4523206,3.2932305,1.585295,0.47226506,-0.6935778
2.4294944,2.4394994,2.7145548,0.4890689,0.35755277
2.7198415,3.274873,3.1105254,0.5,-0.20345765
1.4805956,0.9457962,0.7243375,0.084307246,-0.26817113
2.1755033,1.8474171,1.9504806,0.35811195,0.13444984
1.8185661,1.9327663,2.5665967,0.21603145,0.642659
1.1310259,1.138485,1.4308167,0.045077153,0.45493206
0.6876017,2.221555,0.9917146,0.009464048,-0.65529263
0.9237822,1.5775256,0.47180337,0.025237268,-0.7059949
2.312596,3.0288167,2.0821316,0.41721934,-0.67684233
2.2068832,2.2918835,1.7061319,0.38843733,-0.73377395
2.153745,0.88610816,1.3373094,0.3557592,0.5624002
3.7361083,4.742294,0.82548636,0.4843711,-0.67149246
2.6776702,2.0264018,3.8972957,0.49778762,0.7299624
2.7409716,2.6197422,2.532016,0.4995831,-0.04650809
1.3207097,1.8577663,1.60864,0.08447367,-0.33242387
1.8951491,3.479032,2.7073088,0.24518444,-0.6608988
2.5690472,3.6784353,2.852078,0.49658895,-0.7639266
2.3094835,2.839796,2.4602451,0.41639507,-0.42137626
2.6913102,3.967582,3.0366075,0.48949867,-0.7219487
2.6943026,2.6237855,3.8601356,0.5,0.67668015
0.958182,1.3490847,1.1612532,0.02941314,-0.2638634
1.4620651,2.3786356,0.9639198,0.081999294,-0.69526315
1.954936,1.4284346,1.5794748,0.26812103,0.19832923
1.034582,1.4516549,0.45432547,0.024309022,-0.74285084
1.0533028,1.470591,1.1764977,0.020992296,-0.43289882
0.66921806,1.1394008,0.27170724,0.0,-0.69653153
1.338762,1.0175555,1.1789297,0.061116345,0.22784777
0.9886943,1.4125378,1.1010706,0.021643909,-0.47768223
2.7211044,3.047747,3.3959608,0.49729273,0.4504122
1.0918977,1.0152895,0.8265339,0.050410952,-0.28317294
0.646844,1.218796,1.1251551,0.016612682,-0.20912124
3.0167553,3.8929837,3.3951123,0.5,-0.57940793
1.0087156,0.9171549,1.5952635,0.043685988,0.66010594
0.67202085,1.1788311,0.69928384,0.0,-0.6714206
0.83038396,1.7348745,0.2,0.021858098,-0.70401466
1.0810833,1.9393659,0.49148408,0.05656202,-0.7334014
1.9818559,2.1282191,2.8809857,0.2853103,0.66411334
2.5601053,3.2475305,0.46606523,0.4863623,-0.7089993
2.657235,2.6598592,2.228255,0.48902354,-0.5324167
2.3251193,2.9326077,2.3636177,0.40754923,-0.6800021
1.1036094,0.946451,2.3396196,0.033455722,0.6542122
1.4411771,0.55634147,1.2618178,0.08065582,0.6824889
2.0506601,2.4995074,1.908959,0.31532952,-0.69096017
1.2530968,1.862752,1.8823208,0.054866742,-0.022846952
2.812161,3.4053476,3.1353657,0.5,-0.35795334
0.76563686,0.49939594,0.89002967,0.008433499,0.70320255
3.8240864,2.841768,3.8038778,0.492978,0.7155248
2.8896966,3.5107918,3.1763518,0.49564734,-0.4286657
2.912874,3.8391197,1.8135399,0.5,-0.7055321
2.7267497,1.9689347,3.0878093,0.5,0.70479643
3.2578883,3.3417437,2.8752623,0.5,-0.55560887
1.1067654,0.8650738,2.0691803,0.051177546,0.67231524
1.887765,2.1749496,2.627107,0.24789922,0.57174665
3.1910734,4.106996,3.8129547,0.5,-0.3579253
3.5001035,3.6331887,4.677595,0.4859601,0.70938987
1.8768363,1.7265143,3.4079142,0.23681186,0.70706743
1.4907943,1.935443,1.7123106,0.064848825,-0.21855603
2.6733227,1.8469772,2.915019,0.5,0.7109423
2.8821745,3.492798,3.4618444,0.49580204,-0.047403242
2.6583045,3.3745985,3.1979008,0.48686773,-0.2508225
0.74037015,0.9383867,0.2,0.0,-0.73248047
1.4616882,1.4648311,1.5449989,0.09586557,0.09943491
0.9335804,1.006149,0.65943754,0.00863703,-0.59813267
2.4856088,2.495321,2.8651562,0.49081293,0.43157592
0.78659403,0.95107955,1.2310265,0.0041039386,0.5421458
0.99618375,0.45898607,1.2344426,0.03398714,0.71890926
2.9444695,3.3828259,2.7955995,0.5,-0.72899634
3.119245,3.0793223,3.0440445,0.49241123,-0.06301015
2.1655169,2.3354087,3.2732959,0.37295553,0.64611953
2.4256027,2.404164,1.4798733,0.48880118,-0.72287124
2.2316065,2.7355235,4.0530753,0.3919376,0.73867893
2.2895494,0.69501907,3.447353,0.40625307,0.7040343
1.1559364,1.4463872,1.2455863,0.045166057,-0.32670498
1.2274715,0.6068332,1.7721709,0.053053502,0.6926505
3.2877321,3.4116564,3.365101,0.49133512,-0.027111216
3.2564797,3.4968271,0.74309474,0.5,-0.6713855
2.53447,2.6380346,2.4604623,0.4817472,-0.21386224
4.286263,4.0111556,4.091691,0.5,0.07991043
0.74685276,0.9911683,1.3534492,0.009556682,0.70219517
2.229013,2.8066561,1.972534,0.3902467,-0.6717758
2.6812637,2.7469814,0.6751261,0.5,-0.71473926
1.3988637,2.315059,1.4429802,0.0550661,-0.7636109
2.6203494,2.4817448,3.7860389,0.5,0.71485525
3.6330042,3.26313,4.326192,0.49875,0.72703993
4.307579,4.379951,4.1053853,0.49501476,-0.3109993
2.5218897,1.6661917,0.58197933,0.49407613,-0.67795014
2.8204355,2.981164,3.1731904,0.49004954,0.19413942
0.6368052,0.59939045,1.340906,0.0,0.7051762
3.7908847,0.45378807,4.4219756,0.496736,0.6944451
0.33197367,0.55822694,0.21167102,0.0,-0.65125006
4.17933,4.7567554,4.620779,0.5,-0.18969572
2.396636,2.6996367,2.6132455,0.4672445,-0.080779344
0.6783838,1.7109985,1.8203353,0.012147225,0.20456494
2.4499547,2.5164301,2.1165736,0.4784953,-0.48459885
2.120051,2.4783063,2.6525645,0.34002832,0.1812438
2.8449032,3.388661,2.4666338,0.47334918,-0.71459705
1.587467,0.80140454,2.8587248,0.1177395,0.67451197
0.6029232,1.4263343,1.1244919,0.0,-0.61702824
2.9883928,1.1133043,2.9354243,0.49236465,0.72505504
3.5304074,3.0657203,4.427244,0.49446198,0.7222479
3.0453973,3.1768396,4.109011,0.5,0.71867734
3.4161286,4.242329,3.8642821,0.4855662,-0.47518316
2.2112653,2.2913363,1.1306198,0.3783521,-0.72857213
2.8761585,3.096085,2.4284797,0.49580747,-0.6894258
1.1662294,0.431899,0.91072935,0.05457604,0.7142853
2.5008786,2.3588831,2.0937319,0.49136496,-0.29317665
1.0443153,1.5839231,1.8613137,0.025804833,0.45861283
2.8732128,3.6041586,3.6518955,0.5,0.09039691
1.2409269,1.4947144,0.8577225,0.055472843,-0.66388005
2.3485475,0.7917775,3.1537104,0.43054828,0.7141254
2.433275,2.4915788,2.47542,0.47210363,-0.022282967
2.3496711,2.596183,0.6373149,0.43381,-0.70045143
3.0567863,2.6983068,3.4314303,0.48804128,0.7271227
2.4681175,2.417636,2.6083555,0.4981331,0.21921654
2.6731668,0.4138435,1.8941829,0.5,0.6807466
2.330909,1.6645532,0.44245955,0.42312187,-0.7139349
3.2165792,4.621723,2.7111804,0.5,-0.7474003
1.1932669,1.0096354,0.4303103,0.051306453,-0.7151215
0.40728357,0.6878249,0.30979708,0.003984569,-0.67852247
4.3079653,3.929097,4.452965,0.5,0.5996236
0.6253278,0.39467588,0.2,0.0014219314,-0.33365422
3.1942499,4.2959495,3.3674285,0.49493542,-0.68279153
2.0780897,2.2548196,2.2211292,0.32482558,0.0053929603
0.8438776,0.20209669,1.379583,0.013930579,0.7198062
3.0504866,2.683126,3.1118119,0.5,0.5453696
1.9511652,3.1971977,2.4817483,0.2640527,-0.6452912
2.5574791,2.9563718,3.1330342,0.5,0.17836696
3.7126374,2.6327913,3.1322205,0.49917316,0.62382877
2.1513731,2.0798934,3.2350523,0.3648234,0.7152065
2.8357465,2.9331706,3.6383154,0.5,0.7178288
2.7751105,3.2805653,2.8291442,0.5,-0.5115241
2.6116943,2.7463439,2.3214645,0.4918334,-0.4402926
1.5602183,0.85812885,2.2204278,0.108933486,0.711847
3.0586302,2.9862971,2.9771938,0.5,-0.041516256
0.7300304,0.5648045,0.41611287,0.0054742685,-0.29786196
3.2731223,3.857495,3.31816,0.5,-0.63565904
2.7170084,2.6415,3.5501192,0.5,0.69044936
2.6318367,2.5601568,3.541875,0.49689484,0.7232893
2.89676,2.907247,3.970147,0.5,0.6304018
1.9807584,1.7549683,2.064638,0.27197057,0.37977296
3.5435753,4.4957805,3.5969162,0.49191937,-0.71777046
2.3138907,0.5240023,2.4918518,0.42652795,0.6647285
2.3296993,3.0897622,2.2676342,0.41704744,-0.65197587
1.0300579,0.6146948,0.9160143,0.052121613,0.47703704
2.743646,3.1311615,2.7058446,0.5,-0.52561224
2.4424255,3.0956283,3.5899658,0.48172164,0.613629
2.8312242,2.4777272,2.5559905,0.5,0.09386587
3.0270948,2.6053202,3.2702436,0.5,0.71742475
2.4886281,2.2207184,3.057605,0.4924875,0.74683446
0.88617516,0.3449409,2.1475248,0.018339844,0.6914195
0.68205124,1.4240329,1.0750443,0.0,-0.6950613
0.82431746,1.478686,0.91231424,0.018418154,-0.6921953
3.0764098,3.0889213,2.7701194,0.48977804,-0.34929714
2.9434578,3.1240783,2.7253187,0.47439283,-0.4711173
1.3114821,0.50057346,1.412663,0.05517323,0.65853935
1.061864,2.454011,1.0705802,0.026657753,-0.69043547
1.8680015,1.8465908,2.0598106,0.22777148,0.24511203
3.3689783,3.331386,3.8816826,0.48755723,0.6689474
2.3991456,2.5422404,2.212871,0.45536798,-0.39978626
0.8113305,0.3376342,1.2442442,0.0055565555,0.7298075
1.2694069,1.5892736,1.9509428,0.06148225,0.4703024
2.8781023,3.7278435,2.0979767,0.4949668,-0.740921
2.579384,2.7046328,0.5163148,0.5,-0.70160806
4.2849965,4.847111,5.199669,0.5,0.41002235
3.3016415,2.5145876,3.6316242,0.5,0.7611975
3.3032634,3.0366776,3.1328137,0.48928124,0.14700812
3.8606396,4.0802374,4.358166,0.4919363,0.36913848
2.750936,2.060281,2.7274668,0.5,0.7047644
2.5312169,2.959919,3.1801152,0.5,0.2811204
1.2941946,1.3256066,1.8241758,0.056294613,0.7051727
2.7733333,3.1548162,3.9069574,0.49495116,0.70883083
0.9224299,0.9939784,1.0857022,0.031506088,0.15307298
2.569223,0.49327588,3.0671897,0.49460107,0.69008744
2.7418132,1.6299092,0.6949731,0.5,-0.64602494
2.4772568,2.1272342,2.7379396,0.48250917,0.7148781
1.6875122,2.1002586,1.4241971,0.17972697,-0.74445665
2.4685125,0.50318015,3.3862023,0.4785127,0.6557094
1.6807693,1.4095535,2.0062292,0.16526397,0.6968776
3.690833,3.6097429,3.9025238,0.5,0.3137706
2.4314394,2.4239342,3.0822515,0.46227854,0.74350333
1.2976362,1.8678093,2.32548,0.06816134,0.60255075
2.4889858,2.801735,3.811093,0.49047124,0.6802695
3.1598186,2.9971335,2.8780024,0.5,-0.13501373
2.7037814,2.0612378,3.2304027,0.4923725,0.74122083
1.1004999,0.37579408,1.8315569,0.04451432,0.7026505
2.2231941,2.3652403,2.3180914,0.3863143,-0.050143253
0.7843685,1.4664669,0.6750786,0.010564603,-0.711163
2.35137,1.3660059,3.106982,0.42480308,0.72385365
1.2940805,1.3040179,0.9998853,0.06341823,-0.5032997
2.5572648,2.5525997,2.9558873,0.49136084,0.51507586
1.7947978,1.7410588,1.6679596,0.19995506,-0.07706728
3.1367533,0.58200234,3.403036,0.49739757,0.6892049
3.228841,3.25546,2.649066,0.49315482,-0.7028257
0.86321694,0.8368775,0.5331918,0.033173848,-0.5612515
2.1488056,2.3521304,1.4339213,0.36054072,-0.6996278
2.3597338,2.537794,3.9007277,0.42793673,0.6982606
2.5756865,2.201261,2.064744,0.5,-0.1515559
2.7407146,3.461122,3.3998713,0.49338424,-0.09024952
2.8896165,2.8154023,2.6812854,0.49429783,-0.16672675
0.72698665,0.88125646,0.24518198,0.008850023,-0.68676704
3.5810537,4.4195957,3.8725548,0.49958837,-0.7169608
2.6714725,4.283713,4.1153536,0.5,-0.18416147
1.7892827,0.27945155,1.639797,0.19338354,0.63913715
0.7978657,0.2,1.9140446,0.017483125,0.6626733
3.5969095,3.6276197,4.757641,0.4953234,0.72748107
2.9405499,3.946609,2.5541565,0.5,-0.7041552
0.2,0.25134215,0.21196534,0.0,-0.057038877
2.8744128,0.37461716,2.6516364,0.5,0.7003846
2.6864018,3.2821121,3.44994,0.49284497,0.22671516
2.824479,2.6488798,2.075378,0.4856572,-0.6504646
2.4063816,3.529146,2.8150003,0.4779274,-0.7084143
1.0027281,1.4084201,1.1931204,0.024774987,-0.45494652
0.9140867,1.0736897,0.7879095,0.030881148,-0.47682372
2.0533817,2.1895108,0.51646525,0.30641866,-0.7275435
0.7391988,0.31621352,0.80595964,0.0,0.7207881
2.4421613,2.301167,2.7712092,0.47280347,0.56071293
0.652198,0.42202196,1.6715297,0.0,0.7225514
2.2814574,3.624904,0.54263276,0.41581157,-0.7182062
1.7793555,2.4622178,0.4556859,0.19676992,-0.6409552
2.7712915,0.3931249,3.303464,0.48707104,0.64755166
2.2240925,3.2853734,1.849924,0.38092732,-0.7003445
3.5054667,4.411395,4.5093503,0.5,0.149388
3.1798859,3.1160216,3.0430179,0.49584007,-0.06202685
1.8367985,2.3274844,2.2823927,0.2261926,-0.064127445
2.514015,2.3544629,2.595951,0.5,0.2604264
2.089149,2.8580468,2.3412824,0.31813347,-0.60479444
1.8551748,2.306897,3.1309288,0.21857527,0.70678365
2.5433912,2.600409,2.8957565,0.5,0.37286142
0.80068743,0.36108354,0.65888023,0.0023835981,0.51986086
2.583235,2.7115974,2.2904868,0.5,-0.51308155
1.2315174,1.6555684,2.0375545,0.051620618,0.5492351
0.89734346,1.7512718,1.3278052,0.019184195,-0.7311047
2.2137964,2.7221792,2.1984622,0.3756015,-0.5572266
2.937081,3.6170056,0.5390973,0.48233026,-0.691242
1.7706144,1.6548014,1.5999715,0.18177825,-0.081643276
0.76064336,0.21286267,0.47335252,0.0,0.43431476
2.274231,1.6141596,2.3557837,0.40116337,0.6770443
0.8874031,0.92664665,0.94518363,0.03442101,0.0028191474
0.9605239,0.7219967,0.58988607,0.020097757,-0.21936414
1.8618997,2.0664885,1.8572903,0.23504402,-0.2280061
2.8666813,3.3942442,0.6575875,0.5,-0.702254
2.241374,2.7708514,2.2213876,0.39892086,-0.6308594
1.2938871,0.2851192,1.5016876,0.06003131,0.6969654
1.0118569,2.5106773,0.72868264,0.019114692,-0.7049881
3.354869,3.7644591,3.7156456,0.5,-0.051456235
2.55149,2.9203303,3.122551,0.49890706,0.22031581
3.277472,3.3832839,4.1797333,0.5,0.6904621
0.9717347,1.0622637,1.0519702,0.010749932,0.0011048663
3.232419,4.031804,3.3439016,0.5,-0.7426015
1.1558183,0.8586045,1.658436,0.048601065,0.670178
1.7855374,2.158055,1.933269,0.19273224,-0.29970077
3.0680351,3.9633398,3.540444,0.49390984,-0.5172106
1.3714502,1.6060903,1.9175812,0.05696174,0.40513986
2.371123,2.7537591,0.459222,0.46255308,-0.7550986
3.0649524,2.5643437,2.683128,0.49833804,0.15564369
2.7634304,3.3751998,2.6794982,0.48813233,-0.706368
3.0040998,3.3610497,2.373473,0.49463037,-0.68970215
1.9839065,2.08709,3.1175573,0.29122058,0.7012955
3.1543941,3.7478397,2.793982,0.5,-0.7014828
2.652454,2.242616,3.3615966,0.49964738,0.68941736
3.2721806,4.417038,2.9244585,0.4920921,-0.6560753
3.142987,4.8372664,3.863538,0.5,-0.7144842
3.0291595,2.9541519,3.858168,0.49995446,0.7094207
2.5494149,3.30253,1.8609821,0.5,-0.68874246
0.9468316,1.0510788,1.1451198,0.030472642,0.12076742
3.2439609,2.8715944,4.328164,0.49515188,0.68800443
2.974606,3.8217072,3.2323208,0.4947133,-0.71547717
2.6622903,2.8141365,0.39687896,0.5,-0.6798945
0.7716277,1.2261883,1.0022053,0.012700789,-0.43901712
0.7670196,2.0358236,1.4828128,0.0028961913,-0.7390139
0.78736985,1.2522978,1.6412597,0.01182383,0.65227073
1.0760788,1.4029281,0.59614015,0.045788895,-0.69868916
2.596107,2.339345,2.799347,0.49209866,0.54868585
1.0095408,0.7516358,1.0461377,0.023001008,0.49859747
2.212623,0.8352242,1.8226794,0.38905254,0.7411812
0.7828834,0.5803045,1.2667392,0.024437126,0.6856114
0.70875996,1.2999281,0.96377206,0.0,-0.59460366
1.0218409,0.33728844,1.7862573,0.039891075,0.7331102
1.7994676,1.6214936,0.70139885,0.2044262,-0.7006851
0.7260016,0.7894818,0.6633203,0.0061063184,-0.2323339
1.9671898,2.2026784,1.9320085,0.28968477,-0.36836648
2.683744,2.9140549,2.6170762,0.5,-0.37541452
3.1909528,3.2598805,4.089784,0.5,0.7085393
2.9422722,2.7030613,2.3808815,0.4914973,-0.41058472
3.4816825,3.9999106,0.70518345,0.5,-0.74618196
2.0975661,2.9101667,1.5678644,0.33303526,-0.71148413
3.0145674,3.3611984,0.66435355,0.49171808,-0.7420987
2.4038966,2.3270223,2.926159,0.46175966,0.7077502
2.6721284,1.9513875,0.56149673,0.5,-0.7147502
3.2416298,4.3087664,4.3743315,0.5,0.059696812
1.5855657,1.7504721,0.33485657,0.10828484,-0.72869444
3.7960298,4.633034,4.0311055,0.4978621,-0.67446613
0.85610926,1.9644296,0.22968858,0.014646113,-0.75357693
1.6652427,2.223186,2.1607213,0.14839439,-0.055739094
2.1987576,2.8578925,2.2045584,0.36566725,-0.72575843
2.6835704,3.2893512,2.7239246,0.5,-0.660263
2.1632295,2.2691813,1.88443,0.36047494,-0.4410939
1.4124899,1.0103456,1.0069717,0.061680935,-0.02942498
2.676228,3.2139473,2.6532803,0.5,-0.6803615
2.1526427,1.5863309,0.58066326,0.36208376,-0.75702524
3.0038476,3.0243385,3.3674889,0.5,0.48897535
1.9837512,1.8109521,1.6666228,0.2859514,-0.17386039
4.007065,4.4778733,3.1118824,0.5,-0.6524689
1.2059264,1.4957672,2.385468,0.039512422,0.6915807
2.7443962,2.5852938,1.7126865,0.5,-0.6833549
3.0029116,2.9544399,3.7325912,0.5,0.7661785
1.5080718,2.699683,1.9450638,0.070282325,-0.6708008
2.3226042,2.138983,2.4400766,0.43090883,0.3405171
3.7041867,3.7889156,3.6082985,0.48518494,-0.23071145
2.369004,2.9082317,2.970701,0.4394389,0.09540742
2.5863724,0.65324056,3.3594472,0.5,0.6523454
2.3403425,2.835813,3.1047552,0.42010024,0.3422878
3.4677725,4.317574,4.239632,0.5,-0.09091311
2.5176244,3.3855863,0.6026796,0.48896664,-0.72134405
1.8287405,2.1072464,1.6628513,0.2285592,-0.5399288
0.82496065,1.2009088,0.6523411,0.010988867,-0.6889625
1.8250065,2.0928607,0.7512336,0.20954178,-0.6843295
2.5391252,2.2590563,2.9015589,0.5,0.66965705
2.141649,2.392674,2.8287702,0.33330557,0.49678892
2.1617498,1.5187404,2.4014215,0.36622694,0.66310674
1.8994925,2.309821,0.58103096,0.24355425,-0.67936754
2.249325,1.4001999,2.242211,0.39871055,0.6406382
3.1874077,2.8995068,4.4560466,0.5,0.7080221
1.479224,0.38854384,1.4214783,0.080075346,0.6411717
0.48525867,0.8921494,0.30037662,0.0,-0.7465862
3.2484784,3.4395561,3.6523197,0.49095854,0.20854548
0.70820093,0.6966263,1.4475516,0.0,0.7277892
2.6357713,2.4633572,2.508418,0.5,0.078790754
2.8052363,2.6306942,2.8257582,0.5,0.2699384
3.4567435,3.9892287,3.453448,0.5,-0.6680495
1.5515836,1.6244065,1.2878758,0.10312765,-0.3732499
1.0603797,0.20954698,1.0376623,0.04892409,0.69444865
2.1178143,1.728643,2.0453622,0.34383726,0.4241451
3.0535994,2.8721936,3.9304817,0.5,0.6942618
2.2350707,2.2822058,0.3586668,0.39456528,-0.67707807
0.99553174,1.0792444,0.95405996,0.0114463875,-0.15393049
1.6525294,1.3186864,2.8120074,0.14193416,0.6833226
1.3126088,1.8593799,2.464934,0.05202497,0.7087903
1.111564,0.37423998,2.1806393,0.046412192,0.73393875
3.5242114,3.2939944,3.4892328,0.48811203,0.26471782
1.0992218,1.7155243,1.8320352,0.056705624,0.16472062
1.1888146,1.6652744,2.531212,0.041610986,0.6816038
3.0916243,3.246455,3.1456683,0.49736923,-0.149752
2.3732762,3.057428,2.4292195,0.4563696,-0.7495477
2.9484427,3.2887976,2.9312317,0.4792718,-0.42460397
2.260191,2.4868808,2.579081,0.40891773,0.12172533
2.4220226,2.8616936,3.5257666,0.4664065,0.73778206
2.509209,2.8459444,0.7796215,0.5,-0.69372034
2.2831519,3.1255069,2.2145126,0.40366966,-0.67087984
2.559598,2.614036,2.69563,0.49979505,0.104974635
2.487866,2.5579932,3.2299142,0.48249146,0.7348828
2.136773,2.451002,0.76821816,0.3489882,-0.7228061
2.4666488,2.7238328,2.9427707,0.5,0.22317408
2.682815,3.7887323,2.7908423,0.5,-0.6778478
1.9427693,2.4051554,1.7903863,0.27327722,-0.7302993
2.8580031,2.703207,2.1513665,0.5,-0.6468592
2.2981248,1.7762257,2.8102965,0.41757193,0.6378538
0.9595107,1.970596,1.0246322,0.010784239,-0.6892216
2.2034636,2.1598685,2.621357,0.36970013,0.5859787
3.2248113,3.5695724,2.87504,0.4973612,-0.7357889
3.1874256,3.3653495,2.380802,0.5,-0.63899535
1.9481512,2.5915806,1.5732477,0.26193488,-0.6160365
2.911695,2.8719625,2.9924533,0.5,0.13871393
3.5196726,0.26821914,2.7326686,0.5,0.72041917
2.0299973,1.9228014,2.284852,0.3118301,0.3981562
2.1258967,3.6764698,3.1523676,0.33532432,-0.6329458
3.078149,2.8136694,2.025237,0.5,-0.67836744
1.8477615,2.2913413,1.675208,0.22704323,-0.6633678
2.1223238,3.7836373,2.2298968,0.32433987,-0.73442066
1.0089135,1.7855066,1.1350844,0.04434929,-0.73349434
3.051402,3.256943,3.90308,0.49888253,0.68808055
0.96960944,1.3130567,1.0290387,0.03436696,-0.46743506
2.4439898,2.2793603,2.4570708,0.45657322,0.21487524
2.1696239,3.1551323,2.178748,0.35969138,-0.6874733
3.323264,3.4115489,3.7491095,0.5,0.4280747
2.0488856,2.2803612,3.0776782,0.3183412,0.75905263
1.7156956,1.5051771,1.9159933,0.17156228,0.4725947
0.9279781,1.0274112,1.9288983,0.036369152,0.74426305
2.9670398,0.5908396,3.25645,0.4934678,0.7269637
3.1103003,3.7823753,2.6693366,0.5,-0.71246636
3.3456817,3.6775804,4.108337,0.4982754,0.51188534
1.8697523,2.599453,2.0440154,0.23346236,-0.6714036
2.4416556,1.5131932,3.409945,0.48459464,0.6890441
4.06785,4.97465,4.640908,0.5,-0.39063984
2.414591,1.9688658,3.0573282,0.47264314,0.6792933
2.2149284,2.8591545,2.0130792,0.38163105,-0.6970902
2.6414127,1.2191887,2.345973,0.49787614,0.7232968
2.9464006,0.50136983,3.1147897,0.5,0.70159054
2.856098,3.5616276,2.4076014,0.49351898,-0.69835246
2.2113879,2.0346985,1.8872035,0.368727,-0.21345732
1.2793448,1.4794561,1.0237157,0.05399117,-0.62724155
1.0804454,1.7278397,0.65760267,0.034444883,-0.71607363
2.1515586,2.6787148,2.253338,0.35529175,-0.49514756
1.9199926,1.2541432,2.0597947,0.25313085,0.6559352
0.88342613,1.5702317,0.80893993,0.014552645,-0.7130105
2.313064,3.407248,0.23973745,0.4190668,-0.7200871
2.4169116,3.1393888,2.17387,0.4772112,-0.67433804
2.3779247,1.983301,2.7329311,0.4568707,0.69635457
2.5649831,2.179049,0.24803892,0.5,-0.72069824
0.9108533,1.1731098,1.1404941,0.021603897,-0.0066791647
1.2828349,1.8262609,1.0732888,0.07912494,-0.6798588
0.82044584,1.4479336,1.2732662,0.013785831,-0.3738088
3.0378504,2.7743661,0.49184495,0.5,-0.65031964
2.442386,2.6600795,1.9873178,0.47711155,-0.67281544
0.48883352,0.35323614,0.49529415,0.0,0.21965665
3.2598407,2.9746907,2.6110477,0.49368542,-0.39771885
2.5298934,2.9250066,3.1216862,0.5,0.16042031
1.867478,2.0507917,3.1703856,0.22686344,0.6580981
3.2092097,3.6111834,3.872332,0.5,0.23185667
2.1547132,2.0714915,2.2366478,0.3587913,0.26087147
3.1557906,3.6726863,3.370443,0.4961534,-0.33512047
1.1002344,0.707338,1.5639367,0.041577827,0.73098576
2.3768475,2.381451,1.9136399,0.44293648,-0.57094836
3.2967546,2.9478445,3.5094175,0.4961972,0.7277929
2.6067183,2.952253,2.7748718,0.48386315,-0.29191056
2.9611917,4.0758157,3.0505466,0.49262577,-0.69761306
2.051018,2.373809,2.034257,0.30719,-0.4272054
1.2255199,1.3552439,1.5225878,0.048924215,0.21434548
2.5858357,2.711525,2.3377085,0.5,-0.44652557
2.6948607,2.6401286,2.5403876,0.5,-0.10921913
3.8109083,4.5416293,0.6238582,0.5,-0.72643375
0.98621017,0.8114697,1.1107715,0.038270336,0.47355118
3.1062136,2.4016454,3.2324398,0.49613735,0.73944014
3.0609365,3.8812017,3.7506475,0.5,-0.19707811
2.1048188,1.8283441,2.1948833,0.3327027,0.42656705
2.344162,2.1333718,2.374859,0.4549965,0.32780656
1.1443244,1.5111908,1.6185836,0.037598398,0.2364736
1.8016145,1.7129436,2.885833,0.20139398,0.74362224
2.050487,3.3897839,2.0062501,0.3068472,-0.6600253
2.5430663,2.6848083,3.0209296,0.4875821,0.42396736
1.9027985,2.42322,1.9464791,0.25033933,-0.60820085
2.6093786,1.9319228,2.3219943,0.5,0.4722866
0.8342315,0.7211391,1.1402949,0.02815861,0.65498036
0.3112927,0.78465164,0.78433347,0.008017666,-0.030173622
0.89258134,1.5296271,0.6011046,0.03747179,-0.6735977
1.7763699,1.4428552,2.5980396,0.19612712,0.7448573
1.1802751,2.0362005,1.225231,0.032360986,-0.65449536
1.2589682,1.4552696,1.2128944,0.057680864,-0.3035079
2.4957433,2.8668113,3.0420434,0.4988564,0.22735943
1.9252278,1.6633914,2.1829224,0.2725626,0.5996694
2.1758676,1.9297552,2.0505521,0.37501186,0.12669179
0.8175425,0.2,0.35769832,0.00079469744,0.31433013
0.74007773,1.1036968,0.74352455,0.0017866103,-0.6427992
0.97739774,1.4727755,1.3202994,0.0362386,-0.26592445
0.72082204,0.74701136,1.8372027,0.0030641207,0.7368606
2.3648129,1.8004028,2.326087,0.43436646,0.64220524
2.6529846,2.657477,0.8030056,0.5,-0.7490587
1.0482988,1.4999907,0.62961936,0.041196816,-0.69512725
2.0617473,2.3863728,1.7745682,0.33238244,-0.6666087
0.80124295,1.3659655,0.7935831,0.0001466416,-0.7292089
3.0495164,2.4150937,4.094389,0.5,0.6545096
2.4860966,2.4817662,0.81750035,0.48002392,-0.6844753
2.0022178,2.148739,2.7460623,0.30467853,0.62840176
2.698684,3.2537491,3.9377956,0.49973506,0.7148383
1.1621917,1.0282508,1.8456122,0.04119944,0.6371605
0.9486282,1.4077783,1.5457609,0.017925786,0.21704029
2.33669,2.02237,2.5819178,0.43089876,0.6437714
2.5199528,2.8879173,3.4635122,0.5,0.69764745
2.878556,2.9164727,0.8508738,0.5,-0.73224694
2.0059066,1.9788837,2.7643628,0.2963231,0.6614164
3.162649,4.5297203,3.1888614,0.5,-0.66927236
2.626804,2.6602206,3.1653922,0.5,0.58430684
1.9401591,1.9370465,2.3104086,0.26163024,0.39352486
1.8972169,1.4535185,2.0178628,0.2559961,0.6741278
2.548034,3.2420206,0.58883494,0.49864456,-0.69979316
1.2663254,1.1982248,1.5815054,0.055970203,0.55567116
3.0169353,0.7606232,3.4536188,0.5,0.72221726
2.4022017,2.2365923,2.1432743,0.45377523,-0.10238479
2.7521813,3.190275,3.0665214,0.5,-0.12575933
0.627125,1.2935047,0.9868739,0.0014557042,-0.5375527
0.79829806,1.7043068,0.8295187,0.022145096,-0.66466105
3.3866572,3.500407,3.73161,0.49522224,0.30255556
2.5307229,2.4512827,3.0841959,0.48636603,0.7453446
0.7839508,0.609874,0.9227311,0.018296065,0.6468445
2.0872831,2.2501683,2.0956767,0.32132038,-0.18355818
2.6150606,2.964469,2.7067719,0.5,-0.28797293
0.87295705,1.2968911,0.5333223,0.019730669,-0.69243824
1.7856947,1.5965428,1.8358772,0.19412325,0.276918
2.566569,2.8556783,3.0213406,0.4957479,0.19396327
0.51433504,0.6683106,0.90916,0.000116451825,0.46392334
2.3944182,2.489879,2.750422,0.45813218,0.29125038
2.7073371,3.6350121,3.1110842,0.5,-0.5940612
1.6288134,1.7484998,2.480153,0.13031517,0.68905175
0.6991878,0.44312325,1.5531504,0.0,0.6965708
1.219895,1.5726067,1.4329896,0.050463233,-0.16811623
0.5732131,1.2930648,1.6099113,0.0,0.638646
2.7793868,2.6002748,3.7587621,0.49508256,0.7211475
0.8630692,0.39640194,1.1683167,0.0225178,0.68102044
0.85628504,0.7879435,0.7941848,0.025725782,0.045002922
2.2377112,2.1915655,2.2682939,0.391405,0.069454946
3.0264854,0.5304359,3.2956023,0.49873993,0.7289621
1.2100852,0.67923737,1.2844319,0.071408086,0.68039113
0.5192887,0.24549817,0.24381834,0.003347108,-0.010255879
2.6435404,3.0405684,2.327151,0.491556,-0.69619906
3.355542,0.67165583,3.3943243,0.5,0.70312744
0.74455446,0.5230776,0.6984706,0.016327998,0.3317229
0.7960445,1.3184836,0.24129488,0.0050574527,-0.6803501
0.6851913,0.94767964,1.3585762,0.0,0.7230498
3.3357477,4.07711,4.1057553,0.5,-0.025280023
2.3492084,2.939606,2.880167,0.42300096,-0.051973842
1.6981994,1.3345597,0.89278,0.16506651,-0.5558945
1.6469543,1.0151542,1.7168142,0.14313547,0.6938304
0.7213588,1.5282236,1.1918309,0.0,-0.6556626
2.709402,2.865315,3.5113258,0.49472275,0.68065494
2.4322958,0.21973409,3.740387,0.47349566,0.6812129
2.219286,2.9476335,2.4663303,0.39457306,-0.54887587
2.7372494,3.5687783,3.026099,0.49380463,-0.62204987
0.8123002,0.4858359,1.1640047,0.0,0.7229385
2.8675284,3.012685,2.7566118,0.48717016,-0.27645433
1.9616133,2.5745485,1.7127547,0.26918912,-0.65612966
1.5392153,1.699687,2.196547,0.09414311,0.58079755
2.1084414,0.6858301,2.6371393,0.3423355,0.7044954
1.7705805,2.132431,1.8823347,0.19927236,-0.32950336
1.2919023,1.1529976,0.69218576,0.052720327,-0.6018712
3.553584,3.29087,0.2577869,0.49009082,-0.68299556
1.2642144,1.3319166,1.4259577,0.07160832,0.15852545
1.408257,1.344009,1.4561946,0.057737153,0.122099586
3.172337,2.8711982,3.1659727,0.47569013,0.29936245
3.228084,3.3139086,3.870147,0.49586844,0.6944063
2.8268418,2.3056602,3.0690687,0.5,0.66028243
3.4229903,3.8888342,2.5812743,0.5,-0.7064041
3.7011542,4.1749,4.8603578,0.49486443,0.7009912
0.3904302,0.63530546,0.2,0.0032592125,-0.687422
0.95044136,0.7567472,0.9023905,0.03295891,0.27103978
3.3499143,3.0599992,3.0528183,0.47859532,-0.015089341
2.1011026,2.9635546,2.4669414,0.3468508,-0.66641307
2.4560845,2.561911,2.0129688,0.4771131,-0.74457973
2.163281,2.683653,2.7573547,0.375136,0.10584116
2.8854523,2.512531,2.91944,0.5,0.48110443
1.4633135,1.5732061,2.0563915,0.072767235,0.5782154
3.39399,4.253114,2.4747696,0.5,-0.6945618
0.90521055,1.0960448,0.97950137,0.015858565,-0.18066755
1.0000453,1.1127905,1.5588624,0.024665786,0.71551573
1.1725962,1.6642424,0.82564914,0.0432012,-0.73442763
0.9841387,1.3727235,1.3614277,0.029092751,-0.033345386
3.5023513,0.48014048,3.8426633,0.5,0.7071942
2.5040064,2.7338774,2.8288944,0.49990928,0.054715697
1.5713979,2.076262,1.615131,0.12525973,-0.6070642
2.6822636,2.878326,3.3361475,0.4898348,0.58260494
3.0311575,2.7172241,3.3890915,0.5,0.6994488
2.9034946,3.339852,3.3010583,0.487425,-0.038151786
2.5287414,1.977071,2.3669276,0.5,0.46089986
3.312487,4.0202155,2.9695032,0.49393922,-0.70325845
2.1631782,1.7012187,2.5549002,0.33932626,0.694364
2.9013267,2.6329093,2.7284038,0.5,0.07361326
2.635846,2.38866,3.6186588,0.48288435,0.6868972
2.5485656,2.9760072,3.7169263,0.5,0.7432976
2.335694,2.0367863,2.2280097,0.44454986,0.23818411
2.432428,2.8594017,2.2155194,0.47897062,-0.68927497
2.6511362,2.4114943,3.0204985,0.49672997,0.7169493
2.4462926,2.5263193,2.7838151,0.47497827,0.3483821
1.0053587,0.9743108,0.4697147,0.034387294,-0.7103092
2.2945094,3.6320732,2.7754672,0.3895613,-0.72519386
3.5553577,2.9141347,4.093906,0.5,0.70174754
2.2489915,2.6814973,2.0123336,0.39267394,-0.724413
3.138301,3.340713,2.9257724,0.5,-0.45248377
3.172153,3.012804,2.4541273,0.48632336,-0.6156061
2.67527,3.118856,2.042187,0.49996006,-0.6823954
1.0349966,0.7153415,0.71519023,0.010964242,0.048824653
2.2322617,1.7915915,2.1486053,0.39750195,0.4170905
2.2651646,1.8832083,2.878079,0.39236778,0.7144814
2.7473354,2.9666197,3.2584918,0.48105463,0.36092088
2.5882957,2.476109,3.0067272,0.4990526,0.6329081
0.6531499,0.40698388,0.7148161,0.022215905,0.5868096
2.3243303,0.53610015,3.7065177,0.4417077,0.7117215
2.3513844,3.1065497,1.9735717,0.43281978,-0.6831056
1.1865957,0.696076,1.3222421,0.03574088,0.724558
3.0408382,3.336049,3.3671842,0.5,0.017399652
2.970322,3.3653271,2.5921206,0.5,-0.6643643
3.1533506,4.019626,3.2362914,0.48406616,-0.7576497
3.2655218,3.2849042,2.6237388,0.5,-0.73124766
3.0734653,4.042908,3.0836313,0.49798775,-0.70885843
0.8211094,1.2817972,0.4650398,0.029379016,-0.64885736
2.9337466,2.1969352,3.249772,0.5,0.7519338
3.0966644,3.3725774,4.1781435,0.5,0.7104483
1.4898144,1.738327,2.3904564,0.08494075,0.7077406
1.9523094,2.637885,1.4350467,0.28403902,-0.70815194
1.7979345,2.6323164,1.4952877,0.18929297,-0.7210976
3.3681092,3.076585,4.2959285,0.5,0.65377474
2.0757399,2.8146963,2.3583956,0.3195436,-0.557037
0.8335018,1.035224,0.32601777,0.019395309,-0.6679934
2.5898876,2.4322362,3.3203104,0.5,0.7119536
1.8252094,2.8062875,2.8448615,0.22001585,0.07320166
1.1846946,1.1193854,2.1490335,0.046137195,0.62286055
0.9540436,1.1970251,1.4375634,0.03480737,0.3496256
0.90514874,1.0487416,1.7259464,0.019378131,0.70083565
0.99157774,1.4513452,1.4093088,0.031096186,-0.08027076
1.854278,0.8307671,1.5947325,0.23742436,0.6740669
3.4443488,0.570937,4.1528063,0.5,0.70425475
0.98798156,1.6385261,0.5431569,0.020760462,-0.7276593
3.30464,2.657685,4.4600973,0.5,0.70250267
2.8082342,3.675413,2.8671832,0.5,-0.71255577
0.6897518,1.1794868,0.76912296,0.0,-0.68342775
1.9546247,2.7463293,1.6640222,0.26137772,-0.7725335
3.1368368,3.197937,3.7083793,0.5,0.61062074
2.854604,3.0522034,3.9814324,0.5,0.7221232
3.8576303,4.5372353,4.4255176,0.49797794,-0.08843957
3.0554671,4.2706122,3.2787766,0.49657404,-0.6897379
2.375293,2.6779568,2.3155336,0.4500385,-0.42069897
0.67836744,0.262418,0.569977,0.0,0.59650165
2.8604732,3.3577287,3.6790323,0.5,0.34541506
3.3299892,3.4044888,3.1815627,0.49871114,-0.22530107
0.63745815,0.3793945,0.2,0.000905469,-0.3389119
1.3115014,1.4767057,3.0774662,0.07541739,0.7477292
1.8638947,2.3161013,2.1134443,0.2333492,-0.21275921
1.4642794,2.2205706,1.5066766,0.09018833,-0.7449707
1.9161191,1.8961545,1.8734812,0.25545794,-0.02369367
0.7454987,0.71964735,1.2550251,0.0,0.6758941
3.5023465,3.6105409,3.1062014,0.5,-0.57741493
3.5005674,4.612022,3.4211023,0.48821002,-0.69711417
3.1391382,4.0167403,3.6052659,0.4973456,-0.5715719
3.3205078,3.8182838,3.1076796,0.5,-0.6960915
2.1455634,2.6692448,1.8606793,0.3541566,-0.6706766
0.8299092,0.8430271,0.8322353,0.0,-0.00059570494
0.83823055,1.4175714,0.9059215,0.009952519,-0.63775116
1.3744437,1.0499108,1.4792717,0.0821694,0.5737573
1.9370023,0.75747734,1.9954978,0.25307044,0.65983504
2.3010807,1.5026332,2.6180713,0.41169015,0.64415693
2.7291353,2.0868423,2.537169,0.4807478,0.53661823
2.7283132,1.881161,3.0555634,0.5,0.69712275
2.19224,0.48837793,2.1098166,0.36911988,0.69780236
2.8890867,3.068735,3.0627346,0.49851006,0.016731042
2.187027,1.6723485,2.117521,0.3788119,0.56530225
2.6370804,4.047094,1.9031812,0.5,-0.6753129
1.9222807,1.777074,2.3177712,0.2560397,0.6756272
3.2062573,3.749776,3.9715953,0.5,0.2807598
2.6166387,2.3981247,2.9439797,0.49643847,0.642782
2.9884331,3.561351,2.5885756,0.48803255,-0.75737953
1.8279067,2.1002817,1.4038441,0.21657601,-0.65841544
1.4058117,1.2442499,2.0104227,0.07089748,0.7141103
1.118813,0.6945757,1.5619575,0.025010748,0.65239894
1.4132155,1.2420295,1.654143,0.07537442,0.5748801
3.2860525,2.997287,3.9239993,0.5,0.659119
1.9099888,0.5187327,2.3210087,0.24880926,0.6701133
2.70934,3.308322,0.51595235,0.5,-0.7202372
1.0201191,1.7409772,1.8787997,0.0019056178,0.20449853
3.1702957,3.040809,4.210059,0.48601094,0.67875105
1.7510703,0.9383833,2.5380077,0.1757187,0.69762295
2.5019045,2.8454757,3.0338466,0.49602202,0.22509243
3.363222,3.608751,3.597032,0.49849576,0.000727428
2.1659393,1.7641405,2.333272,0.34357613,0.6942683
0.88813454,1.1791607,1.5219469,0.0148099875,0.6329025
2.3967564,0.6780912,2.2566235,0.4498056,0.7037242
2.9406683,3.1225777,3.0966504,0.5,-0.056758083
1.6950816,1.7986197,0.7440144,0.15133,-0.712731
0.86402583,1.7786014,1.066902,0.024797175,-0.68505263
2.2383077,2.555438,2.005615,0.39752036,-0.6556578
2.660191,2.8644402,2.645464,0.49606514,-0.2457699
2.4672465,3.6800973,2.429239,0.48117274,-0.70189184
2.9448075,2.7838328,3.6796944,0.5,0.68986344
1.2142999,0.66701245,1.9718612,0.04365944,0.69232565
3.4816031,4.0788794,3.9463658,0.5,-0.19944179
3.1353457,3.9678411,2.6199422,0.5,-0.74757004
0.8243533,1.5246581,1.2866247,0.017514661,-0.42129594
3.3812017,3.5530949,3.9921112,0.49042878,0.53979665
2.773622,2.6483347,2.8352172,0.5,0.19955453
2.698857,2.2715209,3.2461991,0.5,0.7261201
1.0645404,0.79061854,1.6843587,0.018929105,0.70607156
2.015612,1.4230942,1.3533722,0.28131887,-0.07635616
1.7709217,1.7669884,2.5049617,0.20380777,0.6643229
2.5822868,3.646064,2.6737077,0.5,-0.7559539
2.2377152,0.65918535,1.7899781,0.3923196,0.7608144
3.8164911,4.1072116,4.13096,0.4925318,0.05159903
2.094639,2.5928025,2.1520402,0.3409056,-0.5565787
2.5898223,2.6387508,3.2116158,0.49394274,0.65210634
2.6858978,0.75098276,3.2238922,0.5,0.68182003
0.69669646,0.8945663,1.183127,0.0,0.5883869
2.0119636,2.3035963,1.7821195,0.30562213,-0.5998264
0.8386766,1.5655777,0.8400918,0.010171074,-0.7263932
3.4957983,4.821614,3.459167,0.5,-0.69959486
2.6359591,2.4114501,0.4367724,0.5,-0.6885031
3.0966382,3.233752,3.9996138,0.49756137,0.70548546
3.066082,3.22791,3.5528934,0.49102873,0.3989951
3.2565775,3.1846743,3.0036488,0.5,-0.239305
2.3761444,2.3578382,2.326936,0.4406611,-0.057692293
0.6432944,1.5620923,1.0608381,0.010757105,-0.72431856
0.81790054,1.1808655,1.65333,0.0,0.65384734
2.0072544,3.4180608,2.1072469,0.27961954,-0.70072305
2.6624327,2.6106658,3.2085965,0.5,0.6952326
2.1960647,3.109267,1.5879254,0.36852872,-0.70213217
0.7718701,1.8386554,0.70194614,2.883266e-05,-0.6748241
2.643623,2.8291705,3.166933,0.5,0.43081507
3.3952212,3.8483105,2.4407847,0.49965858,-0.71338725
2.6058278,0.5903906,3.300256,0.48665294,0.6678945
1.9278092,1.8252014,2.2888722,0.2680889,0.5577087
3.3296423,4.4049206,3.6027982,0.4936053,-0.701125
2.1578257,1.8498673,1.3112783,0.34686962,-0.6381815
3.4790306,3.4566324,4.171159,0.5,0.6681613
2.403778,2.3795176,3.6244187,0.4540934,0.68929523
2.6453824,2.9542336,2.7702842,0.5,-0.19662459
3.5345128,3.908276,3.444093,0.5,-0.5693861
0.46482792,0.7767978,0.5142894,0.0,-0.50778013
1.9677664,2.122807,2.559084,0.28589034,0.51252574
1.2779512,0.62445426,1.992507,0.06352178,0.6816986
2.504183,0.6789309,2.9969983,0.5,0.70495975
4.22623,4.7158747,4.319036,0.49545252,-0.51849973
0.9105408,0.8882747,1.5643722,0.030021705,0.7167866
1.767843,0.45427474,1.4870323,0.19260234,0.67069393
0.47231767,0.34582028,1.2600381,0.0027547767,0.73710454
2.742787,2.5111175,3.5649793,0.5,0.664176
2.8899689,2.5907853,2.9081242,0.5,0.42716813
2.1692,1.8852389,3.207193,0.34956595,0.73544973
2.5779557,3.278116,3.2782416,0.5,-0.012351581
3.7681358,4.451284,3.9741404,0.5,-0.60339266
1.1767571,0.72842056,1.2603552,0.022019474,0.7024981
0.9514002,1.4700315,1.4482008,0.022779763,-0.050136
3.7811751,3.3028502,3.675244,0.5,0.468945
0.46434432,1.0158756,1.3020704,0.0,0.5203978
0.9647835,1.1361043,0.85107166,0.026247742,-0.47391382
2.3357167,2.213707,3.751367,0.4395237,0.6780681
2.1748374,2.7798712,2.6609836,0.36087707,-0.14035153
1.4749,2.396886,1.1217505,0.09987741,-0.72640866
2.7528417,1.9420671,3.570277,0.4983968,0.6782239
2.755142,3.4827762,2.7362916,0.49495113,-0.74256504
1.1501448,0.7862651,0.41631234,0.03357477,-0.5585863
2.7551315,3.7004437,3.9225376,0.4873935,0.26810408
2.7354584,3.4246902,4.3251357,0.49132523,0.7024062
1.8290607,1.4477538,2.2869115,0.21361022,0.7320792
2.7935646,2.646066,3.288914,0.5,0.7277965
2.943372,3.3524034,3.3426576,0.5,-0.04469233
1.6569085,2.2585385,2.135652,0.14908332,-0.16626732
3.452338,3.95123,3.5094686,0.5,-0.55284613
1.8449911,2.256875,2.11054,0.22981817,-0.15118538
1.9733496,1.7632831,2.0469956,0.27947974,0.33020875
2.7396991,2.966681,2.9352193,0.49639216,-0.030212924
2.951856,3.0764685,2.4941072,0.5,-0.68428826
3.0745213,2.5212927,3.7772,0.5,0.70123744
2.9455988,3.3046365,3.168768,0.5,-0.13778913
2.334691,2.331037,0.4763813,0.42398444,-0.722462
0.7012055,1.6150892,1.1665235,0.020451365,-0.6940603
2.4140303,3.1825745,1.4731904,0.46898296,-0.7485286
0.6895054,0.98956215,1.1383764,0.007026752,0.3162282
1.01062,1.7607452,0.8038557,0.028195925,-0.71584344
2.3489985,0.32186437,2.084044,0.426401,0.71454096
2.418728,2.5738428,0.62059236,0.46813086,-0.7339062
1.4835683,1.0347282,1.5472465,0.07731103,0.60832775
0.79698044,0.8578002,0.41733196,0.010471741,-0.663856
2.7599611,2.8149154,2.923123,0.5,0.09103539
1.1883392,1.3700038,0.6012055,0.04228757,-0.68088096
3.048021,0.41767845,2.790113,0.49155802,0.7015254
2.518203,3.3003347,3.080945,0.49237245,-0.24223618
2.0311801,2.8413382,2.44219,0.30816847,-0.4939448
2.0093675,1.974527,3.3974993,0.29396215,0.69070685
2.1293766,1.7811259,2.4011123,0.3381175,0.70557535
0.94752884,0.56285983,0.36551705,0.038967982,-0.3349727
2.1373587,2.9600794,3.015288,0.34851003,0.07103105
3.6114833,0.6156197,4.3561554,0.48823676,0.70481306
2.8360798,2.419297,2.6342554,0.5,0.24146205
0.9825803,0.50688416,1.1534989,0.014434102,0.67984056
2.7155347,2.6079683,3.1414764,0.49381378,0.6553214
1.0061582,0.8626337,0.7392393,0.028056813,-0.17496894
2.0805814,2.419361,2.3996973,0.31808138,0.019918103
0.9005036,1.010863,0.8204172,0.017537728,-0.32435033
2.5256834,2.6727903,2.0588107,0.48881742,-0.6904732
2.9374986,2.231458,0.576298,0.5,-0.7147482
2.59982,2.648851,3.0906792,0.4980983,0.5623724
0.7746972,1.5758177,0.9507078,0.0053833015,-0.7250739
1.1580641,1.1374977,1.0083721,0.055379488,-0.17394206
2.4382186,0.32854968,2.8704731,0.47439924,0.64117074
2.3688767,2.716615,2.438191,0.44528475,-0.33831805
2.2238371,1.8979164,1.9786372,0.37781933,0.13488482
3.1939213,3.6205351,3.610805,0.5,-0.01267753
2.4574952,2.1902795,2.4873888,0.4829784,0.34037092
2.8217134,2.7226536,3.9069536,0.5,0.6677733
2.4726346,2.5002706,3.0694692,0.47149643,0.68168026
3.1622245,3.1965792,3.8861337,0.49620128,0.7091989
1.0489882,1.1983622,0.40191656,0.021537812,-0.6692548
2.776998,2.968451,3.3660176,0.4905272,0.5090642
1.8374987,0.4205738,2.449692,0.22041316,0.73849976
2.8699725,3.1183412,2.252703,0.5,-0.74964637
2.4566188,2.215628,2.3340976,0.48760498,0.18760541
1.7487057,0.4536859,1.5037329,0.18921342,0.6769623
2.7803926,2.9772313,3.5710382,0.49462458,0.65567285
2.750393,2.6028109,3.5113368,0.49757418,0.68905526
2.4610763,2.9629796,2.3162878,0.4744362,-0.6876143
2.527736,2.4656324,0.7892316,0.5,-0.7232719
2.7358842,1.9623938,1.8278526,0.48805934,-0.12933467
3.3164403,3.4618745,2.688595,0.5,-0.733525
2.4167168,3.1787333,2.243785,0.48782036,-0.665942
3.214287,3.5802224,0.47464296,0.5,-0.7311285
2.6058037,2.06164,0.28654152,0.4998842,-0.6793018
3.4219043,3.231245,3.9095924,0.49492976,0.7319399
2.4570508,2.3905878,2.827713,0.4686932,0.56023574
0.64788127,0.671957,0.48574254,0.012380648,-0.37924853
1.9121976,1.9220818,2.0968425,0.24551877,0.18491216
2.5663025,0.6302056,2.3289907,0.48484445,0.70396173
2.1195295,2.2536652,2.1022344,0.33608282,-0.17139241
3.453099,4.3347516,3.4838974,0.49665174,-0.69596165
2.0545146,1.948553,2.6542146,0.33357733,0.68113846
2.1524296,1.7950625,2.7760248,0.3379496,0.7023875
2.9215307,3.8997438,2.7119987,0.49683228,-0.68153447
3.2900248,4.47986,3.5093946,0.5,-0.6838215
3.0406008,3.0111253,0.30126682,0.4918601,-0.6942266
3.2702549,0.3196815,3.3636484,0.4964209,0.7458523
2.5551918,2.8642151,2.5652144,0.49071237,-0.37527895
2.5360181,3.2245767,3.2778296,0.5,0.07967878
3.7936,0.39171344,4.317467,0.5,0.67252815
3.6497412,3.8590178,3.8160632,0.5,-0.023876818
3.02755,2.6637836,2.7477522,0.5,0.080990314
1.0264562,1.4543793,0.4511305,0.01888256,-0.6629616
0.604451,1.5819367,0.94151336,0.001024505,-0.6684169
0.4390215,0.70838475,0.8649955,0.0,0.30535
2.5481846,2.3527322,2.2796752,0.4893864,-0.079814926
3.4612448,4.2123995,4.22058,0.5,-0.014813767
0.4731376,0.3980343,0.5468668,0.0,0.31917027
2.5925922,3.0539408,1.8943579,0.5,-0.71129763
3.5223691,3.2851727,3.970746,0.49430382,0.68841815
2.8110595,2.3914316,2.9828222,0.4941947,0.738728
0.94460875,0.51705235,1.0922967,0.035545833,0.7562154
2.7873588,1.6912438,3.412759,0.4996914,0.70949286
2.9478753,2.5502357,3.8921814,0.5,0.7053497
2.9194345,4.243728,3.465778,0.49736643,-0.71938825
3.339438,2.1639147,3.38223,0.49312016,0.6885233
3.4647725,2.9104874,2.828184,0.4940567,-0.101901606
2.378244,3.403164,2.8543324,0.44817293,-0.57497895
2.8341455,0.55539876,3.0218828,0.49924186,0.64727074
3.3736792,3.3496087,3.2330909,0.49892145,-0.14209563
2.4944322,2.7108705,2.4553094,0.48963827,-0.3642783
1.861644,1.208907,2.7873168,0.21460184,0.7043083
2.0756605,2.7409163,2.7571805,0.30560607,0.055191405
2.0917304,2.233361,2.8975828,0.31209555,0.6772716
0.8419171,0.6629879,1.6277345,0.0071575935,0.71225405
2.1288736,2.8499696,2.4942622,0.3491668,-0.41669017
3.1675699,2.7873778,2.8790386,0.5,0.14429866
0.7154474,0.7689226,0.9726063,0.024354648,0.38817373
3.3580487,3.0831509,0.44901383,0.48805475,-0.7252104
1.0383269,0.6395442,1.1406295,0.044084895,0.7446503
2.4030755,3.6011658,2.7275915,0.46281922,-0.69707596
2.6489067,2.9292405,3.1654847,0.486039,0.22795029
3.0863376,3.8146386,3.772231,0.5,-0.08381697
3.2989469,3.2394543,4.015308,0.5,0.7257106
2.2951303,1.9825001,2.3195686,0.41656134,0.47165644
3.1221344,1.8585021,2.7093363,0.49531075,0.6768222
1.6436515,1.6429123,2.564823,0.1406144,0.73366976
3.1101568,2.4818282,3.4631097,0.5,0.6746807
1.8317541,1.9565976,1.8052093,0.20571056,-0.19103476
2.828737,0.28240067,2.1142848,0.5,0.7003789
3.285846,0.82409203,3.870137,0.5,0.6607218
0.6790666,1.9162548,1.1456114,0.008624738,-0.67100656
1.6339581,3.1710908,1.6636739,0.14829648,-0.69143695
1.0265387,1.3336971,1.374618,0.017042382,0.11716324
3.006362,3.2118757,0.3670878,0.5,-0.7563725
3.0076287,2.8359847,2.616506,0.4997995,-0.29001507
2.7309172,2.5788858,0.43263665,0.4941292,-0.68725055
0.97357225,0.8017791,0.8045479,0.031924635,-0.012276704
3.325465,4.3050227,2.9261534,0.4993105,-0.6919276
0.96209395,0.97951525,1.0180575,0.03264238,0.058231115
0.6468499,1.9878161,1.5774714,0.0,-0.7356842
2.7212172,2.4752414,2.5879483,0.5,0.1405659
2.8870292,3.0286124,3.1017897,0.5,0.10089737
3.5012338,3.0368614,2.9546905,0.5,-0.06324352
2.7417965,3.2200942,3.2315967,0.5,0.027921135
2.4744458,2.5865464,2.285543,0.48617953,-0.36240217
1.3649387,1.5238806,1.3654798,0.073511675,-0.23353118
2.5607107,0.5638744,3.2591422,0.4912718,0.72048616
2.6162374,0.5739109,2.4278762,0.49043003,0.6950885
1.5397977,2.0400555,1.9876041,0.092184186,-0.031509455
2.9275973,3.534383,3.289944,0.5,-0.26937562
1.1716766,0.9447022,1.517524,0.06342499,0.689071
3.2057939,3.589904,2.9085605,0.4954667,-0.6891084
0.48857933,0.43366268,0.79062015,0.00702397,0.70256853
2.5487247,3.4209623,2.660221,0.5,-0.68139315
2.6777775,3.0605497,2.7915454,0.5,-0.25653785
3.3104537,3.669063,3.9025092,0.5,0.28835583
3.1313179,3.1711795,2.700229,0.4950779,-0.5681483
3.5058413,3.2592945,3.3461907,0.5,0.06065987
1.2911992,1.4788464,1.4330602,0.05342534,-0.06718289
1.1478512,0.24530953,2.0124388,0.03861408,0.69698244
2.3381915,2.2664273,1.7144529,0.4272863,-0.67042005
2.0498853,2.841422,2.331147,0.30572057,-0.61049634
0.9687262,1.5060276,1.1051497,0.017303314,-0.6744714
0.95916605,0.23168258,1.5289999,0.016383886,0.7183353
2.8190498,2.613917,2.6772451,0.49397144,0.043309554
2.7693841,4.0583353,2.8292491,0.5,-0.6773181
1.0189638,1.1299951,0.7973428,0.049333613,-0.49192178
1.7653637,1.5076419,1.695991,0.17772423,0.23743086
2.3245761,2.0803154,0.6553039,0.42544326,-0.6915487
1.0189241,1.1379012,1.4207932,0.02141281,0.46541172
2.5676472,3.3134243,0.7664443,0.5,-0.70467
0.94702166,0.9733608,0.2,0.023334663,-0.7249294
2.0742242,1.8902416,0.23651965,0.31688166,-0.6711716
2.3644836,1.4062163,2.1186576,0.4476258,0.6845418
0.45228186,0.20953947,0.9367661,0.007244071,0.71000195
0.68610096,0.5878535,0.88491493,0.0,0.5486142
0.69822574,1.0841533,1.4366938,0.0033770015,0.64557964
1.040362,1.438127,1.016305,0.02109665,-0.71912855
2.5891855,3.508441,3.304973,0.49699757,-0.23234062
0.956227,0.5351182,0.9892656,0.022627011,0.7165219
0.98594457,1.2226796,0.41406405,0.028914116,-0.68435925
2.2024174,2.4773986,2.4697826,0.37990588,0.0058534276
1.7037082,1.4390764,1.9591384,0.16757755,0.61194134
2.1832867,0.5228466,2.0184815,0.3637417,0.68417656
3.092391,4.206005,3.3194563,0.49112585,-0.69211435
3.379698,3.5518503,0.5305561,0.5,-0.66612685
2.149596,2.0708282,0.6113438,0.35411564,-0.71209675
1.5102438,2.5308194,2.011389,0.085841544,-0.615942
3.160618,3.542994,0.36806625,0.5,-0.647852
2.646021,2.2428973,2.8724446,0.5,0.6906911
1.0101945,0.41453677,1.0933661,0.03487164,0.6782974
0.7689015,0.39235857,0.9082845,0.0,0.7106678
2.0514724,1.7998466,1.6948723,0.32845452,-0.11009954
2.3222845,2.083038,2.470739,0.42495105,0.445307
0.8193321,0.6444882,1.8511782,0.02028069,0.7241597
0.6052052,1.2310418,0.71064866,0.0,-0.68579304
2.0757575,2.1709979,2.3327336,0.324782,0.18630986
2.5848584,2.8604946,2.3291328,0.486464,-0.6353775
4.024709,0.7813239,4.434736,0.4971896,0.64661247
2.680948,2.7286353,2.3777812,0.48886,-0.4087555
2.5306716,2.1213317,2.6236303,0.5,0.5918318
2.5255072,3.1922948,1.3442693,0.48847336,-0.7071175
3.0435033,3.069698,3.214679,0.49462035,0.20004001
2.9322267,4.003486,3.2116454,0.5,-0.7648606
1.9974028,2.7086744,1.813949,0.27953526,-0.71064836
2.3505332,2.854821,2.318566,0.42982763,-0.6522109
2.14843,2.4794233,2.0653222,0.36126024,-0.49448404
2.395547,3.2142503,2.9815338,0.46013758,-0.20819707
3.7361636,4.0080934,3.6606357,0.5,-0.41958722
2.9886749,2.0300448,3.8928504,0.5,0.7139497
0.5664506,0.9335712,1.488953,0.0,0.65227723
3.289506,0.6615704,3.6064398,0.5,0.71739405
2.6868575,2.4187276,3.6308646,0.48316842,0.7507089
1.5810916,3.0973184,2.5001829,0.12156795,-0.70290256
0.6039574,0.64715874,0.90451217,0.0018849898,0.52831393
1.1602994,1.5647558,0.8770717,0.043197695,-0.71736145
1.057625,1.8545742,1.4293907,0.041160174,-0.73606384
1.5592833,0.8438364,1.9752053,0.107211985,0.71272707
0.5845143,0.7050135,0.48323187,0.0063148504,-0.43179366
1.6184126,2.0433736,2.8378756,0.14981857,0.70770943
0.9629865,1.057577,1.4307593,0.028826084,0.6298604
0.7407632,0.91937023,0.32447284,0.0042864485,-0.69167286
2.9857357,0.81189525,3.4895012,0.5,0.6619889
2.4727535,2.5233197,2.7278714,0.49735627,0.24847804
2.9408026,2.5117576,3.3550053,0.49329638,0.6997587
2.8253276,2.9915762,2.912435,0.49153188,-0.042837977
0.62443,0.55035174,0.22841279,0.02303253,-0.6419482
1.9250443,0.5953197,2.6933584,0.2610049,0.7527536
2.8147967,2.2687194,3.8905468,0.5,0.68247604
0.9347676,0.6513499,0.90072507,0.022557257,0.42254284
3.142017,2.8882806,3.2772691,0.49595797,0.5083194
2.6941845,2.8988748,3.5052686,0.5,0.7430586
2.8867915,2.950231,2.8502507,0.5,-0.056339208
0.941191,1.7445083,1.6136512,0.024091741,-0.18268831
1.9465488,2.1396756,2.1521058,0.2872558,-0.00406421
2.2839198,2.5086503,2.1041915,0.4041575,-0.47884175
3.0255105,2.6501195,2.9068787,0.48783678,0.27878872
0.77483326,0.812853,0.89997435,0.0,0.14826228
4.0607886,3.6658528,4.357738,0.49483272,0.71883893
2.4564316,2.8855054,2.0602152,0.48196903,-0.7534523
0.8102467,1.4235892,1.093441,0.0,-0.5755249
2.4455192,1.9773778,1.5377418,0.4951445,-0.5231442
2.084657,0.26419175,2.5340772,0.32813478,0.68551993
1.9106588,1.958402,2.5293102,0.24143437,0.6644918
3.2176461,4.012221,3.0477824,0.5,-0.66520846
2.8761296,2.6292446,3.1283464,0.5,0.5749421
2.9140701,2.799051,2.8688033,0.5,0.11448829
3.411651,3.6669862,3.352791,0.5,-0.34814975
2.9279265,2.8344853,2.9917984,0.5,0.19657919
1.9416951,1.9732933,0.5778374,0.2623972,-0.70324564
3.0248911,2.9706268,2.9768465,0.5,-0.00719199
1.9844176,2.3882425,2.2796934,0.27666542,-0.12798858
0.4033505,1.1893264,1.3855975,0.0035309284,0.3526502
1.3391293,1.4883581,1.7191423,0.052329894,0.28517047
2.5166013,2.575265,2.6474075,0.4985405,0.1306169
0.44043243,1.0080602,1.2377436,0.0112898005,0.41131473
1.0331514,1.397092,1.8211765,0.050714467,0.66811115
2.5751748,2.878068,3.2249744,0.49495205,0.4400829
1.2418869,2.0158904,1.6726733,0.06573007,-0.49574766
1.3688202,0.43465576,1.7583332,0.06787071,0.7271824
3.3642888,3.4243302,3.88406,0.49524897,0.587661
1.903102,1.6285611,2.6916869,0.25190923,0.73626816
2.68273,2.558936,2.472183,0.5,-0.12757388
3.552549,3.1381903,3.7613842,0.48551774,0.71733916
2.4902663,2.487003,3.107317,0.49600706,0.66716117
2.3802457,2.755912,2.5959897,0.4556157,-0.22295725
3.1292858,2.0038903,3.3412576,0.48822945,0.6860539
2.431092,2.497973,3.0677233,0.46976244,0.6894409
0.8903229,1.0109345,0.68043715,0.0,-0.6005893
2.2504914,2.2627146,2.9502637,0.38865882,0.66500944
2.3175344,1.6069853,2.061202,0.40288383,0.5651367
3.1156802,3.792032,3.1227708,0.48840308,-0.701066
2.6518772,3.3723733,2.0135634,0.4849466,-0.71904886
2.6649933,3.4947464,2.6032794,0.5,-0.6794013
1.4764292,1.372475,1.9175171,0.0796657,0.6795665
2.377864,0.59088737,2.727696,0.4454645,0.6654792
3.0835366,2.974863,3.2362294,0.4973884,0.33143532
2.0855732,1.8160269,0.61655635,0.3418668,-0.69877166
2.976091,2.6136944,3.4667578,0.4911391,0.67898524
2.7237773,3.0583715,2.3738256,0.5,-0.6843364
2.443215,3.1031733,3.255228,0.47634077,0.1803434
3.4316983,0.8177768,3.9052122,0.5,0.68473864
0.6523181,0.8877612,0.21184692,0.0032400687,-0.6417685
2.4218662,0.5747606,3.4515352,0.47666478,0.68632865
2.5149026,2.6449883,2.555037,0.4841013,-0.101133704
2.6278758,3.3119535,2.3240094,0.5,-0.6613511
3.109139,4.062213,2.6214206,0.5,-0.691863
0.8358631,1.541308,0.41720358,0.01822522,-0.73287684
3.0828433,3.836005,3.0649633,0.5,-0.7066971
2.6233065,3.5215166,0.23292427,0.48954576,-0.6897844
2.9308,3.1628716,2.5462797,0.49707288,-0.7040598
4.022468,4.3520913,0.9462819,0.49909684,-0.6503145
2.286728,0.66252476,3.2936869,0.4101045,0.7146159
1.8794765,2.3817253,1.701845,0.24444625,-0.7074908
2.7297857,3.3557303,0.7341253,0.49049264,-0.69916767
2.7551908,2.6388228,0.7596417,0.5,-0.706527
3.137647,3.9993649,4.1689153,0.5,0.27427593
0.7085371,0.64675057,0.9804307,0.00087102666,0.6216763
2.0944643,0.67704654,2.4971597,0.34081984,0.6934751
1.6521804,1.8300455,2.3120978,0.14768659,0.6402209
1.7823396,1.7341552,2.2222052,0.19640662,0.6405496
2.4018652,1.5608153,1.7144643,0.46593598,0.18379064
2.5777757,2.6599314,2.3340425,0.5,-0.4177257
3.879337,3.3961709,4.3924017,0.5,0.7339739
1.6033037,1.3355105,1.5438166,0.15151772,0.21239471
2.7839909,0.4897876,2.38348,0.49089718,0.7076116
2.1791866,1.5593134,2.1996012,0.36105812,0.7287677
2.7278292,3.5016718,3.215476,0.49792376,-0.3729936
2.2856417,3.6974337,2.6920643,0.41444725,-0.68080956
3.2447174,3.2154994,3.4470918,0.49778703,0.2870852
3.2035527,3.9423745,2.3779101,0.5,-0.6871707
2.5292156,1.9787128,2.802133,0.5,0.71718067
3.4623432,3.8567402,3.0555038,0.48397997,-0.6780071
1.1171614,1.5246246,1.5265577,0.042719368,-0.0020491248
3.3915803,5.177262,3.8738363,0.4893143,-0.6768968
2.6109166,0.2,2.5324852,0.5,0.7041544
3.1652505,3.5802484,2.703523,0.49859113,-0.7081878
1.0835605,1.1706638,1.8499179,0.03300405,0.75159645
2.1063287,2.102913,2.385162,0.3096582,0.36295855
3.9500146,4.0755696,3.612822,0.5,-0.5599563
1.9823716,2.0621455,2.8925886,0.28891954,0.68110526
2.3628938,2.2597144,2.5398443,0.44640723,0.32507464
0.84840643,1.1611407,0.49781057,0.0002787582,-0.6481282
2.1051233,1.8203143,2.8622873,0.3278237,0.75638914
2.0228238,1.9946914,2.6069112,0.2993483,0.70556134
2.2065344,3.3400803,2.677975,0.37776196,-0.680167
2.79198,2.9622602,3.1174026,0.5,0.14563134
0.90079033,1.5537653,0.5071049,0.020298293,-0.7361209
0.5037496,0.6243325,0.2150604,0.0015254553,-0.7049573
0.9443487,0.49979246,0.95867115,0.022709163,0.72726214
3.2554045,0.516318,2.4067817,0.4934538,0.7232169
3.5908482,2.501689,3.9845142,0.49651128,0.7472732
3.377579,3.5104988,3.4988625,0.49237964,0.08544067
1.6222175,1.3561589,1.8290493,0.11708529,0.5867829
0.9343673,0.998417,1.9086943,0.034777682,0.6786947
3.697123,4.2171164,3.3316765,0.5,-0.7217575
1.5837402,2.655604,1.807294,0.13187931,-0.68486905
3.1829474,2.7594976,2.897457,0.49467713,0.16697288
0.75827456,0.8991598,1.6346363,0.004589156,0.73113704
2.3754802,2.6341634,2.0556262,0.4568651,-0.71304446
2.655434,2.8657613,3.7733643,0.5,0.69880515
2.8536174,3.0790713,2.5555153,0.4910917,-0.60525346
0.5843143,0.9959683,0.93758196,0.00076481217,-0.105170324
3.2573996,3.2963953,3.6968422,0.5,0.52257264
1.7255204,1.7467797,2.331422,0.18079498,0.6961184
2.151138,2.6133492,1.9297904,0.34278104,-0.76710767
1.126928,0.9476659,0.7195853,0.037621584,-0.3657332
0.98938674,0.6459756,0.93185544,0.03972823,0.52934843
1.0097369,1.1709468,1.4938627,0.029546632,0.5404551
2.1803522,2.0983052,0.45694134,0.36295673,-0.6782821
1.6364434,1.380216,2.4337804,0.12817617,0.67266065
1.7874116,1.4364101,1.552498,0.19679166,0.1454938
3.1711237,3.3787415,3.23184,0.5,-0.122764036
2.2828395,3.1428165,2.3974097,0.41938496,-0.7284646
0.23270121,0.77759606,0.38537198,0.0,-0.6867063
2.5274684,2.2138593,2.9927604,0.5,0.72655964
3.8452442,4.816516,4.657607,0.49675435,-0.185249
1.5498841,1.4685684,1.3918095,0.09163462,-0.07667902
2.9316988,0.46026236,2.9424095,0.5,0.7106684
3.507445,3.7665904,3.8700264,0.5,0.13669725
2.6220567,2.9499521,2.9186447,0.49599344,-0.042594183
3.8206165,3.8217833,4.5186567,0.49875906,0.7058857
2.2026622,0.35140735,2.4793313,0.39004564,0.6777105
3.4729617,0.76697284,3.5265837,0.49797174,0.6839785
3.3520901,0.56803924,4.353307,0.5,0.7385979
2.5566833,3.2228532,2.9474294,0.5,-0.31157893
1.7508795,0.89275753,2.266196,0.18609454,0.67142063
1.9974492,2.1186554,1.4184161,0.2889525,-0.66716576
1.1549654,1.7252918,1.3573701,0.030732853,-0.6000366
2.9599745,3.1177309,3.7531238,0.48706385,0.7259749
2.8750234,2.689322,3.115321,0.48756242,0.47313794
0.8609111,0.6818252,1.0776355,0.0064445073,0.68715155
2.4983594,3.0012639,1.777329,0.49438176,-0.69254214
3.402253,2.4994023,3.5309362,0.48456445,0.64015776
2.8337302,3.1754813,0.92492044,0.49426416,-0.7129831
0.92230487,0.42680883,1.1916367,0.031677824,0.6856614
2.668878,3.0036955,3.1338465,0.49352643,0.15023896
0.865781,0.5750188,0.94162095,0.014704611,0.6667964
2.9704325,0.6687476,3.000724,0.5,0.7300367
0.6702777,1.2104112,1.0014286,0.0019712066,-0.41571385
2.5649972,3.3570666,3.0118918,0.5,-0.4515929
2.8576734,2.7844453,3.4836328,0.5,0.71239203
2.403411,0.4063853,2.9066885,0.47271398,0.72635514
2.280233,2.7137241,2.3387406,0.399341,-0.4809526
0.6765208,1.5069274,0.9498173,0.0,-0.7352817
1.2003276,2.5457704,0.7565811,0.06439087,-0.6813149
3.0768313,2.917123,0.63659966,0.49298236,-0.7640798
2.3884354,2.8446026,1.503942,0.46116772,-0.68828034
3.1302526,3.1123886,2.5794885,0.5,-0.6832139
2.686344,2.1956527,2.9054835,0.49418816,0.6597975
2.8285153,2.8815243,3.31481,0.5,0.49961233
2.7806988,2.8510342,0.6293417,0.4973756,-0.71360534
1.339976,1.5314386,1.8086354,0.07841866,0.35436913
0.73967785,1.170437,0.8935482,0.0,-0.5139997
2.7983863,3.0388198,3.558592,0.4976894,0.64667684
0.9810697,1.8062881,1.9689832,0.026619554,0.20892726
1.6282742,2.7514372,0.7652679,0.13826603,-0.751144
1.0452403,1.1641053,2.1352925,0.0368503,0.70112735
3.221037,3.177316,0.59444654,0.5,-0.6837124
2.8209052,2.9766085,3.3534758,0.49339175,0.44480628
3.0938907,3.0871327,3.1265047,0.5,0.06310094
0.6552733,0.5956992,1.1544145,0.009436443,0.6809399
2.0637982,1.5121766,2.476163,0.32852322,0.6385919
0.8251866,0.37727487,1.4198537,0.02045423,0.6945449
2.9806857,3.4884484,3.3188517,0.46995255,-0.21323395
0.77531284,1.4360936,1.3150808,0.0036807293,-0.23142487
2.6534379,2.974304,3.2286263,0.5,0.34138536
0.7561492,0.83238167,0.23443931,0.0,-0.6845611
2.1520703,2.113932,2.2241619,0.34477568,0.14069642
3.246636,2.7734187,3.4267027,0.47513765,0.6843316
2.927405,2.81736,2.986158,0.49973407,0.17046115
2.5872235,0.37472382,3.3830988,0.5,0.7462586
3.5217974,3.0191298,4.536732,0.5,0.71185577
1.7970282,2.1485584,2.0704932,0.18896504,-0.06883196
2.3699675,2.1485198,2.5792747,0.43840653,0.5244769
0.737086,0.96903235,1.0119575,0.0,0.060869716
2.8123786,0.42669186,2.276999,0.49863967,0.7049249
0.99015063,1.443305,0.66699576,0.029933095,-0.7172206
1.9596672,2.4883864,0.49869356,0.26064855,-0.7236969
4.5638123,4.564485,5.2242093,0.5,0.74113345
1.1045662,1.9798652,1.1298056,0.058093265,-0.7638864
2.8318298,2.9553454,2.9621563,0.5,0.036662795
2.5779316,0.333139,2.7271147,0.4912055,0.68635887
2.585502,2.0558274,2.7446678,0.48617575,0.66494757
2.1381335,1.9647218,3.3360565,0.34576923,0.6845652
3.2977126,3.1467068,3.503335,0.5,0.4606133
2.1067564,2.7371497,2.9671333,0.3358917,0.3001664
0.5833908,1.2742265,0.45955202,0.0012444118,-0.67733127
1.9234704,1.8365979,1.5337272,0.24223354,-0.38446388
3.4669511,3.7540593,4.1064262,0.5,0.3851789
3.3360593,3.9706316,3.6158717,0.5,-0.37177593
1.4161853,1.40494,1.9101306,0.078793816,0.64213824
3.094013,2.582166,4.184505,0.4973268,0.7122525
1.422679,1.9975814,1.7812335,0.068085946,-0.24697036
2.591559,2.9971576,2.953379,0.5,-0.08927502
1.9025518,2.204787,1.933632,0.24568331,-0.34347737
0.8687304,1.4906685,1.1398079,0.010956359,-0.67195547
2.9327633,3.6732593,3.2874649,0.5,-0.45556203
3.154388,3.6596441,3.582363,0.49632236,-0.11565318
2.4922373,2.0463097,2.7742717,0.5,0.7132797
2.4755027,1.8789071,1.9545712,0.4825822,0.08274147
1.6904875,2.1438372,2.6746225,0.15711455,0.6118518
1.0483313,1.3580551,1.3216728,0.040748373,-0.14798084
3.1488569,3.3927026,4.168915,0.498474,0.6838567
2.7869983,3.8580863,2.6228232,0.5,-0.6787471
2.6721451,3.2799883,0.56697685,0.48920858,-0.6573759
0.96405166,1.0741328,0.5869073,0.0014692981,-0.67347366
1.8196009,1.6687826,1.7688333,0.21568096,0.07799308
0.6458216,1.0950794,0.92499393,0.0039528795,-0.32134625
1.9180231,2.3504758,0.36872274,0.24313788,-0.6990396
0.9064089,1.0017972,1.7975978,0.013051643,0.7540718
2.9803855,1.7657,2.8937318,0.5,0.6889441
3.2196236,2.8828168,3.0849314,0.5,0.26220003
2.1669214,0.8299615,2.73161,0.3630989,0.6902116
1.0359023,0.5558155,0.5880001,0.02807982,0.09366102
3.80038,0.50573486,4.326444,0.49677813,0.71688646
2.8819814,3.2864501,2.9243631,0.48157778,-0.3882887
3.2465355,2.9749138,3.324506,0.49518806,0.39379308
2.412862,3.0903816,0.48601952,0.4605654,-0.6890324
0.8214333,1.0120008,1.2119949,0.01648024,0.43804252
1.0725144,1.1932411,1.814194,0.030110605,0.6647105
2.021127,1.7002493,1.6392232,0.3099945,-0.08306709
3.3693357,4.2731647,3.7054806,0.49435803,-0.7297143
3.2291267,2.874223,3.6349509,0.5,0.65641356
2.6922097,2.3386989,2.6471386,0.48889458,0.3610764
2.7189772,2.968304,3.1391313,0.5,0.20738354
3.1573339,2.9412127,0.95382196,0.5,-0.65920234
2.7621388,3.9967299,3.0651038,0.5,-0.7366721
2.3533123,0.7015904,2.8324764,0.43188414,0.67055273
1.7186041,2.2707748,1.7777433,0.16373655,-0.60255927
3.1670687,0.59807247,3.780516,0.4829342,0.68537605
1.0308447,1.6759887,0.40732074,0.024925094,-0.7379576
4.1907177,4.1213255,4.8304467,0.5,0.6413808
2.5834675,2.8639007,3.290827,0.4984946,0.50651824
2.7831118,3.6660833,0.9042318,0.5,-0.6951198
2.8560278,2.2425041,2.5951567,0.48464513,0.40933156
2.9937637,3.7249339,3.9811924,0.49609593,0.26406
2.0012052,2.4642384,2.3835769,0.29987457,-0.07056014
2.6207466,3.7174962,0.38325095,0.4828834,-0.7390854
3.0765877,3.5062551,3.1388278,0.48839265,-0.42717022
1.1004568,1.3768619,0.44206116,0.03183032,-0.7475555
3.1395645,3.5898573,3.1669695,0.49563494,-0.5117139
2.6715825,2.2917187,2.8041925,0.5,0.5917104
2.8478954,2.6402886,3.3111491,0.5,0.7023296
3.3066957,3.5271804,3.50083,0.5,-0.059986383
0.80560917,0.7160186,0.9205896,0.01583498,0.34728193
1.7922261,1.6266491,1.9383374,0.20163028,0.36562434
2.4177067,3.6561258,1.6823698,0.47568202,-0.66234434
2.110225,3.1905146,0.5422442,0.31971213,-0.72681403
1.3476228,0.28662375,1.5755465,0.0532843,0.6817919
0.808744,0.57687896,0.92053115,0.019552054,0.64415556
2.71901,2.3704636,3.4673004,0.5,0.659613
3.1666512,3.9462678,3.8053093,0.48378527,-0.16588083
0.87668264,1.1170244,0.59067535,0.029910436,-0.6707019
1.1525472,2.0904567,1.4685564,0.03653648,-0.6823345
1.0165522,0.7896125,1.9956468,0.0032380994,0.7003036
2.2547035,2.003336,2.5059688,0.4100011,0.58433473
2.9263053,3.0226903,2.4896479,0.5,-0.639644
3.507123,3.429359,3.9698746,0.4970185,0.69961894
1.528627,1.6482195,1.5384134,0.08688893,-0.1252369
2.7245488,3.601935,2.9802954,0.5,-0.65894914
3.3060818,3.7119823,3.0713108,0.5,-0.65102947
2.4137018,2.3717537,0.5508864,0.46068048,-0.7229752
3.3650787,3.5816214,3.317515,0.5,-0.2787852
2.9796486,2.3813405,3.5352466,0.5,0.7328822
3.6691403,0.63223755,4.5289507,0.4948606,0.7398349
2.933585,3.7237976,3.2265255,0.48622414,-0.59074205
3.7357543,3.504984,3.4540758,0.49084952,-0.021098167
2.7664022,3.7758512,2.5684395,0.48791817,-0.71098596
1.7405342,1.80279,2.0939226,0.18280381,0.39524892
2.2422369,2.4697416,2.5877228,0.3967159,0.14272109
3.2060986,3.7693722,3.1188617,0.5,-0.6657572
3.1737347,3.852151,3.3147688,0.5,-0.59554815
2.3822453,2.3671813,2.9429061,0.46568727,0.70809096
3.6499546,3.9195058,4.3863335,0.5,0.5846681
0.6724738,0.83472514,0.87534356,0.0034117207,0.0480615
2.9000685,3.2309434,0.6651762,0.5,-0.67701286
2.8614976,3.1903172,1.0395138,0.49971786,-0.6918688
1.8341057,1.5635989,2.1561842,0.2114206,0.67705274
2.565364,2.781572,2.3962417,0.49639457,-0.43688184
4.023888,3.5357478,4.438277,0.4960161,0.80243456
2.0301895,2.2837012,2.9007373,0.3072986,0.6643185
1.2168485,1.4301208,1.5516895,0.051091693,0.1970816
1.9001763,1.6345938,2.3088198,0.24812184,0.69631046
2.0501432,2.0662918,0.2,0.31232274,-0.7111213
0.43240464,0.3330027,0.74070984,0.0,0.7411751
3.1751096,3.064935,2.3001313,0.49674633,-0.7135871
2.0936995,0.63509315,2.5832045,0.33027387,0.66195875
3.3143253,3.836448,4.2937374,0.5,0.5696607
2.2585404,2.9620988,2.1823366,0.4066257,-0.7443141
2.6744852,3.9124148,2.7400248,0.49312544,-0.6630382
1.0079621,1.7748526,1.636569,0.025979778,-0.20596315
1.6232252,0.44720715,1.4046646,0.14500338,0.6378064
2.6732607,2.6337616,3.095002,0.5,0.5624281
1.4753941,2.289074,1.3326739,0.0958536,-0.6788545
3.2950191,3.312972,3.7618253,0.48897403,0.48723197
1.0746026,1.0507236,1.1630485,0.037711803,0.18450828
2.119668,2.4873443,0.9134407,0.33764833,-0.69719434
3.0007935,3.0109277,2.7083306,0.4961987,-0.4086747
1.2300293,2.3030717,1.328858,0.047854282,-0.6719559
2.2510836,0.7523371,3.4040473,0.41094407,0.6964054
1.8253913,3.256853,1.9345937,0.21701503,-0.6446428
0.9101531,0.78993374,0.7084983,0.025489533,-0.10548098
0.8054248,0.69312096,1.1627902,0.024226118,0.68303466
1.1591101,0.9674598,0.20160888,0.049295794,-0.6747791
1.9493665,1.7374141,2.8161595,0.26582983,0.74355865
3.196493,3.7541037,3.6558008,0.4863076,-0.12887193
2.757419,2.2775605,2.6327078,0.49988815,0.37974846
3.2348275,2.8621414,3.799398,0.5,0.73973006
1.1696155,1.6061901,1.4917024,0.037290048,-0.17603476
1.4814985,0.6576998,1.6240213,0.06703424,0.723573
3.3755455,2.8488185,3.818408,0.48160633,0.70408607
2.1551704,2.3329618,2.2972476,0.3378281,-0.028923417
1.7539335,2.1396906,2.0066621,0.20780632,-0.15210572
2.4954793,2.4808795,2.9198933,0.5,0.535577
2.7813754,3.191148,2.7635322,0.5,-0.538244
0.84191597,0.59954923,0.9892774,0.01638907,0.6424096
2.8904455,3.8608935,2.5045404,0.5,-0.7287181
2.8404338,3.4196246,0.66622335,0.5,-0.69504213
2.7329366,2.5887022,2.1327856,0.5,-0.5980376
3.4194133,3.5649104,3.7791815,0.49439412,0.27330387
2.6304433,1.8395226,2.6367316,0.49560648,0.67675424
1.0975052,0.66397387,0.7066378,0.02892807,0.019827804
3.0739408,2.634248,3.0298102,0.48743322,0.43545613
2.9271576,2.872736,2.591554,0.5,-0.36698127
2.0281193,2.0843675,2.3594089,0.30795833,0.31065696
2.5306554,2.0728765,3.2506409,0.5,0.71287954
0.7944468,0.58430564,1.6957604,0.008012619,0.72397894
0.9238763,0.67355245,1.0132475,0.03535504,0.56863874
2.223817,2.2275755,2.401803,0.38934663,0.20413718
0.9008052,1.4971559,0.24406894,0.014130909,-0.649708
0.8787148,1.4718027,0.31501722,0.031554196,-0.7403469
2.3556056,2.1879904,3.2200334,0.43836305,0.68829477
0.77423346,0.7248028,1.1026928,0.0,0.6917616
1.9034626,1.9274288,2.7129233,0.2606473,0.71750444
1.1635327,0.6188105,0.42750967,0.056898788,-0.3087245
1.9898582,2.9291568,2.1195235,0.27445772,-0.68878496
3.181721,3.4539812,2.5217638,0.49734965,-0.72083795
2.8394222,0.5334289,1.9608372,0.4872148,0.7510115
0.5401458,0.3574159,0.22742385,0.0,-0.25205076
2.941772,2.877743,3.9866226,0.49544436,0.70342934
1.0503864,1.4356037,0.7348729,0.02172364,-0.71005076
3.260856,4.2827306,4.092234,0.5,-0.1319046
3.5900357,4.202797,3.6630943,0.4973492,-0.69027406
1.5476797,0.7317726,2.3708851,0.08936705,0.6781899
3.0336096,2.7618876,3.56103,0.5,0.7150932
3.0921278,4.045725,3.999677,0.5,0.0048650405
2.475358,1.0241189,2.4141896,0.48870325,0.71125406
1.1377273,0.64083546,1.433362,0.04570798,0.6831838
2.405033,2.815668,2.6985655,0.46584746,-0.06255852
2.2436643,1.8003771,3.738484,0.4101332,0.6651763
0.5684993,1.1234356,1.2402598,0.0009987275,0.1681377
2.5369885,0.50252354,2.6274676,0.5,0.69988567
0.9435863,0.39162517,2.232654,0.03658344,0.7014872
2.2513518,1.0662304,3.5508807,0.40002856,0.7342697
0.75010926,1.3810552,0.5690863,0.0104781585,-0.697214
2.6327724,2.2387838,3.0216904,0.49020872,0.6821451
2.1438706,2.0060017,2.1373942,0.3380979,0.13500075
2.743315,0.8361437,2.169364,0.4947575,0.733058
2.278362,2.3844426,2.5044067,0.40474316,0.14738816
1.0666498,2.3873973,0.21812004,0.043508504,-0.68124664
2.9886131,0.74082696,3.2377553,0.48475668,0.70484656
0.71418524,0.73856705,0.6124167,0.0,-0.16818647
2.7369084,3.3033004,2.9105651,0.5,-0.42579958
2.3572316,0.7139772,2.432147,0.44740734,0.7298268
0.69773394,0.8424787,0.68114007,0.014211681,-0.313212
3.136183,4.624678,2.3828976,0.49218568,-0.65379274
2.2128046,2.485195,1.7138127,0.37195,-0.7228609
0.30805895,1.1580875,0.41518575,0.0,-0.65459657
0.9739034,1.4872167,0.73594797,0.02660628,-0.7257238
0.6353236,0.69648564,1.2729225,0.0048551885,0.7671059
0.76959175,0.8332533,0.725127,0.001119284,-0.17154461
3.1964154,2.5857663,2.9183507,0.49226665,0.3431769
2.0567777,2.821821,2.1027164,0.31403565,-0.67728734
2.1469178,0.59223884,1.2349701,0.33624268,0.68537384
1.0622694,0.70696956,1.2771529,0.03780699,0.7117964
0.75893486,0.9756517,1.0043863,0.008330832,0.066253394
2.7573667,2.6094122,3.592787,0.5,0.7004852
1.531247,2.3686702,1.7788383,0.09590737,-0.6964239
2.3593075,2.682761,0.7153997,0.40509254,-0.6800994
2.9528625,2.2324946,2.837878,0.5,0.7069802
0.2944652,0.44905517,0.3463459,0.011212858,-0.22873548
2.6355722,2.7382307,2.5074382,0.49969092,-0.2572289
1.6791198,0.55005527,1.3230126,0.16175267,0.6955068
0.7055788,0.549415,0.65448415,0.0071415994,0.21285792
2.5740798,4.0996833,3.3292754,0.49408877,-0.7107613
2.4746037,0.20808713,2.8736384,0.5,0.69526255
2.6622941,2.3741655,3.3070388,0.5,0.66505605
2.407421,1.4013005,0.58988655,0.46600223,-0.68004715
2.3363135,1.7566136,3.233919,0.4167357,0.68108296
1.9530551,1.2857754,2.3469443,0.26336807,0.66399425
3.21045,2.7893357,3.5839088,0.49545234,0.70831364
1.8098962,3.00616,2.0562234,0.20622697,-0.6779376
2.699842,3.3646793,1.592578,0.4961826,-0.71990037
3.668307,3.7564754,4.5842614,0.5,0.7430841
1.3102041,2.2913306,1.6783792,0.07148531,-0.67729735
2.909217,2.821419,2.5499616,0.5,-0.27819425
2.7545562,0.86360997,4.014253,0.5,0.74022335
0.9216246,0.8432374,1.0882452,0.026163477,0.45935035
2.0453017,1.4304649,0.27337644,0.31246245,-0.75513786
2.4322293,1.7189269,2.179046,0.4634775,0.5180477
1.0808935,1.6353065,0.98287547,0.035676416,-0.6611943
2.8198738,3.224248,2.282456,0.4903047,-0.6781984
3.077112,2.6291718,3.1214776,0.5,0.58293396
3.3074014,3.744434,3.5340545,0.5,-0.26678014
2.4318051,2.9005857,2.9498677,0.47481778,0.046495866
2.735245,2.5989697,0.43841133,0.48866832,-0.65530735
1.4398038,0.82114077,1.2934086,0.07587569,0.5912299
3.9441319,4.480878,3.4926612,0.49314532,-0.71155566
0.811136,1.3218424,1.4427949,0.0045590466,0.17780243
2.9665852,4.035394,0.85970813,0.49644062,-0.753597
2.3248587,2.7748296,1.5578134,0.4171106,-0.6728406
2.3222015,1.6492155,0.88162756,0.4237079,-0.7119261
0.61344707,0.21838231,1.5849164,0.0042058714,0.70710784
1.8593519,1.9464881,2.4194617,0.23286706,0.58178633
1.138752,1.7202469,1.14718,0.038230583,-0.6780621
3.3044477,3.6611032,3.6955388,0.5,0.06206817
2.9332087,2.859519,3.4988909,0.5,0.73552096
2.0493903,1.4481456,3.1102955,0.29681244,0.70824665
0.9677825,0.950697,0.91402376,0.025698971,-0.05930574
3.0389752,4.018071,3.974927,0.5,-0.07869194
2.2396336,1.6782719,2.106149,0.39240327,0.52228284
2.8542337,3.280287,2.791141,0.5,-0.61048245
3.230957,3.605874,3.3264105,0.48981458,-0.3589781
1.7060803,2.2415838,1.9917574,0.16155483,-0.28100738
0.8019045,1.7839762,1.4149877,0.017438158,-0.72024727
2.8086128,3.7420607,2.9309194,0.49440932,-0.69578725
3.703275,4.151031,3.6340177,0.5,-0.61038476
2.911,3.031997,2.7523983,0.48899513,-0.33903715
2.3421178,2.4232898,2.8106287,0.42192134,0.4515897
2.4160175,2.5541878,0.45898885,0.46229395,-0.63548297
3.7957532,5.35049,4.1710205,0.5,-0.6594431
2.4080489,2.6210842,0.83993685,0.4684389,-0.7258388
0.7212139,1.2695639,1.593945,0.011733122,0.62761056
0.82673526,1.1921588,1.5931872,0.0,0.69350654
1.3008099,0.9146234,1.8374984,0.061235756,0.7040851
0.72382075,1.1904733,0.8727151,0.0057632807,-0.6135289
2.625016,2.4481616,2.1292653,0.4857489,-0.39831382
2.3647523,2.1241226,2.3127558,0.45402965,0.21284506
2.316825,2.8348017,2.518472,0.42969927,-0.3808191
0.6670264,0.28954422,0.45588395,0.0018829929,0.30036545
2.6202219,3.2611372,0.48421854,0.5,-0.7384197
2.6639087,3.1378696,2.9593334,0.5,-0.22215976
2.0981002,2.9263988,1.9099368,0.33165646,-0.71900463
1.5381477,0.4125704,2.3686445,0.10886892,0.69207805
2.6978061,2.4525263,3.1417623,0.49775448,0.70112586
2.7865567,3.5928533,3.0377765,0.5,-0.7008948
2.8044064,3.555943,0.9046652,0.49816856,-0.6567697
0.7790658,1.3806216,0.5605499,0.019284604,-0.67880124
2.8800151,3.4475143,2.713296,0.5,-0.715615
2.5049138,1.9491507,0.5812737,0.4900257,-0.6862608
3.1013355,3.7367258,3.5601466,0.5,-0.19485244
1.9843619,1.5396048,2.402765,0.2824743,0.7440966
3.3141868,3.159299,5.10316,0.49805674,0.74769384
3.4712644,3.3283582,3.17783,0.4840468,-0.20294465
2.715394,2.1768095,2.9112723,0.49479416,0.7066255
2.8684413,3.1559,2.8787363,0.5,-0.30213627
3.0746853,3.290202,3.4541965,0.5,0.2110546
1.5026731,2.3776267,2.1080222,0.09346818,-0.31720182
2.3474188,3.0913177,2.621392,0.44590473,-0.56455356
2.6646457,3.0506032,3.1321483,0.47685456,0.10782809
3.8324165,4.4117618,3.7854667,0.49790514,-0.68706024
1.8408637,2.0033808,0.27861074,0.21953169,-0.7275865
0.2,0.29553244,0.2,0.01106447,-0.2013904
2.5191886,2.775901,0.62898535,0.49795842,-0.65481955
2.588266,2.7546935,2.496886,0.49593014,-0.33553597
3.3123376,3.6313093,0.78833497,0.48888323,-0.7044773
1.0717733,1.5925946,0.8126392,0.031451244,-0.69203055
2.8467727,2.4155972,3.307329,0.4687785,0.70325446
0.7028276,0.67375785,0.4725501,0.0,-0.3515204
2.0090382,2.6675904,2.474635,0.30055603,-0.21484783
2.2668812,2.1824496,3.0021322,0.40727034,0.6564242
1.8112969,1.7656137,0.44631448,0.20529884,-0.6862974
2.290571,2.966049,3.1285264,0.4064004,0.1555736
2.8711612,2.8083534,0.6255902,0.5,-0.71353114
2.6556609,3.2035499,3.1279347,0.5,-0.14430688
3.637614,3.9190743,3.8052783,0.4984442,-0.12597464
3.90261,4.491643,3.9777405,0.5,-0.59104484
2.506076,2.7114654,2.2944708,0.49525493,-0.4891046
2.1967993,0.5110858,1.88094,0.3874041,0.71984875
3.342402,3.1853395,3.783181,0.5,0.7707961
3.3630447,4.4146833,0.31588113,0.5,-0.67565113
2.8278005,2.8420682,3.2585802,0.48455036,0.46866894
3.0068972,2.9502876,3.7352347,0.5,0.72761214
2.9254658,2.8763492,3.099695,0.4959532,0.31006482
2.0497139,2.106856,2.8299742,0.31965676,0.65749085
1.9206235,1.8747636,1.2162846,0.26477367,-0.7115287
2.6107378,3.0993984,3.7056224,0.5,0.72390914
0.7378737,0.9380081,0.8807849,0.020899642,-0.13280703
2.7989588,2.646085,2.6355102,0.4966217,-0.028799567
2.5246336,3.0653358,2.6547067,0.5,-0.45696464
1.5701165,1.9314686,2.6116247,0.108037084,0.73171586
1.3698522,2.2128308,1.1882787,0.06817971,-0.7219309
2.999406,3.3740153,3.2995174,0.5,-0.13067232
2.2230313,2.3927643,1.8952014,0.37328538,-0.5654157
2.4361541,2.6076803,2.923395,0.4735552,0.3737455
2.2725165,2.5366251,3.0650668,0.4038516,0.6246434
2.0132172,2.4478369,0.32708442,0.29592207,-0.77404094
2.1098304,2.2916002,2.0813127,0.34194955,-0.24283694
1.0019187,1.0363452,1.0888963,0.021566834,0.11424619
2.4317482,2.9309406,2.7541735,0.47121418,-0.21994476
2.9925401,3.3825724,3.4235811,0.5,0.016693756
1.3759118,1.544406,2.0360813,0.07067745,0.6267652
2.7978945,3.3014472,2.4386694,0.5,-0.6872547
0.8726109,1.0807995,0.80292,0.031018276,-0.49524352
2.6101527,2.809173,3.53306,0.4944195,0.74094653
3.387826,3.9430015,3.8046787,0.5,-0.20501105
3.101433,3.674984,3.3670118,0.5,-0.41914484
3.1786418,3.6726172,3.7305498,0.49608365,0.05410841
2.0187368,1.8440255,1.0769243,0.27541074,-0.706326
2.7685463,3.1289933,3.2777152,0.48440316,0.09976233
1.4723884,1.7158206,2.9092133,0.07053005,0.7156377
3.4295633,3.829093,3.6856775,0.5,-0.15287085
0.97195303,2.1469376,1.336757,0.0323584,-0.7063664
2.3039453,2.4224575,2.3192575,0.4173677,-0.10150477
1.717952,2.0205364,1.4908808,0.17590493,-0.65804714
2.5954015,0.644828,2.5043573,0.49747545,0.6736244
0.78256977,0.6894651,1.4188209,0.0036364973,0.7028885
0.6777264,0.57794845,1.2545178,0.0,0.6995533
1.1232373,0.7674928,0.8864463,0.03580833,0.15347457
1.1392738,0.32933596,1.139854,0.044597678,0.6908073
1.5518682,1.4937359,1.4861437,0.09980044,-0.043688323
1.2303661,1.1577796,1.5235511,0.066290155,0.52326566
1.9371307,2.1706157,2.07422,0.25168478,-0.13306537
1.2274134,1.1555663,1.3688768,0.059760205,0.31104365
2.817926,3.5348823,2.5082,0.4985583,-0.7445042
2.4883704,2.8725967,3.5516782,0.47984532,0.6804398
1.1189646,1.5839384,1.3908087,0.03589597,-0.3250228
0.6125624,1.3213181,0.55569386,0.0087628,-0.7131771
0.77752906,1.6449174,0.50541055,0.0027541888,-0.7313719
1.7346627,2.435501,1.7413636,0.1552189,-0.67920107
2.4981475,2.2700226,3.3492959,0.5,0.6457324
3.1344955,3.7556803,0.6602884,0.5,-0.763417
2.3761752,2.673716,2.3101666,0.43680382,-0.42643365
2.8318226,3.7402604,2.8150966,0.48604718,-0.71038795
1.4213305,1.6226783,0.78236854,0.065067805,-0.6397843
0.9259672,1.7323593,0.3206883,0.027536191,-0.7267527
2.8541532,3.0666802,3.050775,0.5,0.027743435
3.1847427,3.5004032,3.263826,0.48402855,-0.26663557
0.7660479,1.2506918,0.75907975,0.010337008,-0.7282162
3.93126,0.31912842,3.818094,0.49520496,0.722738
1.7174379,2.2291958,2.072983,0.18131359,-0.22462805
2.276104,1.6379824,2.4515698,0.42540136,0.67210704
2.665593,3.1416903,3.381403,0.4890174,0.23622742
2.8167655,2.4391065,4.3869267,0.5,0.65684915
2.1988943,2.6867032,1.8730346,0.3739605,-0.7076789
2.0197024,0.6156715,1.5346247,0.31252378,0.6851585
1.277881,0.58455056,2.2450721,0.06364452,0.7332882
2.7133217,2.9063313,2.894907,0.5,0.0031572676
1.0410061,1.3053825,1.6284424,0.020737348,0.4793209
2.8676927,2.9718516,2.5012574,0.5,-0.5404604
0.92150676,1.5154711,0.35325608,0.033691447,-0.68851566
2.4461052,3.1692815,3.1338158,0.47347096,-0.095675275
2.4223905,3.944354,2.074396,0.45684943,-0.6716208
0.8309389,1.0480819,1.6989057,0.014255226,0.6694908
0.7065168,1.4004446,1.4014567,0.0071517457,0.029696532
2.2616923,2.0492752,2.1579711,0.41049588,0.18237601
2.5891817,2.5320907,3.6327848,0.5,0.7672419
1.517961,1.2199614,1.9841324,0.07600449,0.6799664
1.299424,1.5048572,1.3929425,0.06255251,-0.14713366
1.084083,1.416987,1.3016855,0.039707307,-0.14545546
1.9372361,2.6955023,1.1725945,0.26791328,-0.6786461
3.6086764,3.915435,3.097305,0.493474,-0.70326656
2.6456053,3.4756913,3.194786,0.49923202,-0.33477166
1.7586075,2.6845586,2.1511889,0.17825155,-0.57778734
3.5287163,3.7550104,4.5267906,0.5,0.71740943
3.3803194,3.585457,3.786765,0.48129994,0.26869234
0.53658885,0.2,0.22173333,0.0,0.017684756
2.409434,2.3622298,2.0808516,0.4595354,-0.31071138
2.3346682,2.1228225,0.51180774,0.4230821,-0.6628422
1.4810807,1.2745135,1.3774209,0.075549655,0.15655936
2.7771943,2.8477242,3.083936,0.4881252,0.23235735
0.97857314,1.460895,1.790919,0.042851876,0.54270595
2.9948592,3.2920742,3.5153008,0.5,0.26222777
2.5999506,3.2955942,3.4408338,0.48675373,0.16091771
3.1384053,3.5447423,3.5935843,0.5,0.03286061
1.9536072,1.7834213,1.882575,0.28500044,0.084359534
3.71793,4.2711368,0.64340365,0.49641496,-0.6911462
2.144978,1.6294695,2.7087934,0.3472858,0.68650764
2.2153494,2.8595495,2.4316049,0.3854816,-0.5591283
2.2390704,2.0818586,2.8404312,0.39920774,0.7532147
0.97737753,0.2538831,0.8516023,0.034165032,0.72722673
2.4728248,2.9943843,3.469008,0.49257502,0.555924
0.44645402,0.52871495,1.5364581,0.0,0.6430393
2.6703103,3.4744084,0.7634935,0.5,-0.6902732
2.1191835,0.6395618,2.4951646,0.35689583,0.737884
0.638986,0.3206094,0.2,0.0,-0.24128112
1.8820919,2.9148414,1.7425799,0.24636517,-0.6503625
0.9940679,0.22760528,0.36191365,0.009897674,0.17924692
3.0360086,3.4860852,0.46446306,0.49572876,-0.6457204
2.5466747,3.5096204,2.6349401,0.49787736,-0.7092219
2.199122,1.8978333,2.051027,0.37288654,0.18161458
2.7589219,4.0430384,3.093413,0.49736565,-0.6761088
2.0692089,2.3296468,1.4538103,0.31622288,-0.7073685
2.5557773,0.3957319,3.3108966,0.49356234,0.70720917
2.53845,3.3128731,2.1766324,0.5,-0.66611075
4.157275,4.603808,0.4598077,0.5,-0.7323563
1.0139136,0.63967824,1.0202026,0.05663427,0.635321
0.9686022,0.2,1.683745,0.029883828,0.71118766
1.0883069,0.8901133,1.1154821,0.031739634,0.44402084
1.5468917,1.3443339,2.5063574,0.10498883,0.755614
2.1670132,1.9305836,2.560159,0.3541612,0.7039494
1.8483148,1.6896,1.5283347,0.21981291,-0.22013226
0.5127252,0.25726902,0.5669394,0.0,0.61654687
1.9811522,1.612263,2.1958516,0.27207735,0.72423255
0.8273262,1.2866752,1.379631,0.0,0.23378892
2.562423,3.2215054,2.8300729,0.49700218,-0.47170144
3.2853632,3.0647511,3.381431,0.5,0.36835855
1.1311876,1.7071615,0.93239945,0.050596565,-0.7033422
0.6576668,0.2,1.0967075,0.0021108508,0.70720065
2.4357212,2.8205795,2.4345994,0.49167255,-0.45341033
0.7874757,0.5455833,0.66501755,0.0072597903,0.2540831
2.8480656,3.3777204,2.5549488,0.5,-0.7159598
0.65366673,0.81084555,1.3589166,0.0,0.7109911
3.0016227,1.8925896,2.3716056,0.48776758,0.57123095
2.5918837,3.7759247,3.0878143,0.49852803,-0.7075997
2.4615693,3.6622052,0.61100745,0.47853896,-0.7176174
0.8178671,1.3101099,0.63157845,0.025369886,-0.67269397
3.0365791,3.9057887,2.847603,0.48306385,-0.68879306
1.3450253,1.522107,1.5205569,0.07455475,0.030482564
2.3772697,2.9768984,2.2888951,0.45528015,-0.6353129
3.0316863,3.610153,2.8989575,0.5,-0.7218165
2.8087904,2.874556,3.466901,0.49444255,0.69426644
1.9361279,1.7148379,2.0397289,0.26613265,0.41164786
1.14113,1.8330294,1.3528425,0.052428775,-0.6720302
3.642835,4.766596,3.4217787,0.5,-0.7268305
2.4612048,3.3218858,3.171446,0.48156977,-0.18848042
3.4914942,3.8378782,4.320411,0.5,0.65025634
1.1172874,1.4996406,1.5079544,0.029361628,-0.009898416
2.1399899,2.5275912,2.9856899,0.33512872,0.56415576
1.0835471,0.20362867,0.55239654,0.04384763,0.53465897
2.3187122,2.460279,2.8983264,0.44309625,0.52928257
2.5848918,2.6623251,2.566758,0.5,-0.13242233
2.8273187,2.4487066,2.844412,0.48748696,0.4867243
1.1245987,1.8644608,2.071799,0.044196684,0.35515165
2.7194183,3.0327349,2.707849,0.5,-0.40456372
2.7196987,1.6022485,2.4289408,0.5,0.7044621
0.9262792,1.272346,0.2,0.007889216,-0.6884309
2.4148576,3.2337153,2.6073058,0.4580875,-0.7384768
2.8153496,2.7945235,2.5343716,0.5,-0.34938884
2.7537985,2.4697876,3.9858258,0.5,0.6943438
3.1457999,2.7015474,4.1466866,0.5,0.7393528
2.1103268,2.3364553,0.81865346,0.36342606,-0.6461488
1.1260358,0.9217028,2.0495799,0.0560441,0.68865085
2.4681673,1.9183718,2.2759573,0.5,0.42063585
2.4631264,3.4600992,0.41598415,0.4892836,-0.6983447
1.9608232,2.170003,2.6303256,0.2745889,0.5669254
1.6787012,1.6719189,2.648614,0.14079154,0.7094638
2.2735124,3.2699277,0.49837983,0.40611386,-0.65455633
2.4844768,2.8549442,2.2122726,0.5,-0.7585666
2.654945,0.25539315,2.3186567,0.5,0.70089924
0.985422,0.8002694,1.5555539,0.021770464,0.7049756
0.79779196,0.7827424,1.0707369,0.016108504,0.4830807
3.2628279,3.3770936,3.8249176,0.49987492,0.5542288
2.4922564,0.27077544,2.500794,0.48788548,0.6537291
2.5934155,3.627813,3.2756057,0.5,-0.4411216
1.8274031,1.7651991,1.3705473,0.20417762,-0.46901175
2.528548,3.131779,3.787013,0.47869298,0.74904704
2.4013205,1.8326046,3.8175564,0.45190814,0.72474897
0.6860108,1.231824,0.2,0.0,-0.65766394
1.6837806,2.8495002,2.6857471,0.16782132,-0.20199749
2.1003299,2.2420397,1.3618213,0.3223555,-0.68781215
3.782376,3.640588,4.2894974,0.5,0.66661966
2.3775127,2.3336072,2.0921016,0.45484123,-0.27334186
3.1108575,3.552098,3.5649383,0.5,0.026100827
2.4988644,2.6702938,2.0093658,0.49200216,-0.67427975
1.3615559,1.3949215,1.6880815,0.068232805,0.4595027
0.65488464,1.2174947,0.8488551,0.00992505,-0.74315757
0.8267381,0.61004496,0.92579174,0.039253075,0.55873877
2.8348606,3.4651093,3.1822226,0.49425405,-0.35805976
2.0850284,2.1082766,1.4470686,0.34703392,-0.71969396
2.3628192,2.9272366,2.8349476,0.44578034,-0.1049967
3.215165,3.813873,3.3069282,0.5,-0.6415286
0.90306795,0.2,0.50572664,0.011034378,0.5809716
1.4335228,1.584194,1.9794052,0.06651759,0.50593394
2.9307454,2.306004,0.55587196,0.48164448,-0.6406789
2.141955,1.4923505,2.3002784,0.36280698,0.7047035
2.6700475,2.7441673,3.0299985,0.4975268,0.373476
2.91846,3.2265058,0.56697685,0.5,-0.6979753
1.842877,0.416524,2.009111,0.2201798,0.69422895
3.138561,3.4646704,3.6288028,0.49119338,0.1778291
2.8171675,2.5440545,2.8119488,0.49929884,0.3438927
2.4820073,2.695608,3.241727,0.5,0.66439605
0.2674771,1.6843691,1.0114946,0.005808823,-0.63830125
3.0444994,0.66741943,2.9411695,0.49692538,0.6885762
3.956332,3.6024923,3.9119232,0.5,0.3425306
2.9356427,3.1568596,3.4511046,0.4954393,0.31955022
3.0573604,3.1270595,4.122242,0.5,0.7135615
2.6883326,2.7538574,0.846268,0.48610136,-0.6793913
3.7654533,3.9450755,3.5166495,0.5,-0.53561705
1.7666539,1.8089978,0.2593984,0.18544288,-0.69095516
1.4819633,1.1533372,1.3533597,0.10027727,0.27102858
2.706518,3.3182619,3.6562545,0.4882954,0.3693304
3.0185044,3.804372,3.4218836,0.5,-0.38299015
1.0798075,0.8686611,0.74009186,0.035739303,-0.19388328
1.0471438,1.3917474,0.9751932,0.02852116,-0.6703889
2.4598854,1.669542,2.263714,0.48548582,0.7363547
3.0435593,3.265358,3.0723917,0.5,-0.24773602
2.8769329,4.005478,3.4155827,0.5,-0.7410055
1.5273429,0.5793797,1.4236345,0.098553635,0.7092263
1.9570655,2.1880822,0.54845166,0.2756383,-0.75372523
2.1107767,2.2871623,2.448652,0.34854856,0.19352198
3.0344336,3.172774,2.303172,0.49077493,-0.6121234
0.87539864,1.3394096,0.2303882,0.03106011,-0.69036597
2.2275786,2.9931066,2.1300476,0.40158442,-0.6868589
1.2973329,1.2164235,0.9675671,0.061262086,-0.32072178
1.2238938,1.7798396,1.6298636,0.048340365,-0.18181261
3.8210528,3.6425126,3.8967714,0.49208844,0.30135322
2.9587133,2.956731,3.5029588,0.4751006,0.67175466
3.0374932,2.7242463,3.5779364,0.4950494,0.692216
0.8934749,1.2789816,1.568403,0.01174065,0.4744997
3.2105954,3.4657855,3.1208744,0.49038357,-0.3946098
2.666817,2.9932725,2.6891363,0.49360853,-0.3852295
2.579985,2.8132718,3.740214,0.49653462,0.65082103
0.81421924,1.383551,0.6195979,0.01638571,-0.6961288
2.5923662,3.850754,0.41359204,0.49319127,-0.73432547
2.1347609,2.794191,2.853263,0.3411068,0.03280328
3.781012,3.0003471,4.267825,0.5,0.7103216
2.0299184,2.1229527,2.6950328,0.32128245,0.66604954
1.2214841,1.442056,1.4369698,0.07459679,-0.012323977
0.99343944,0.46709013,1.4610037,0.039197356,0.7127659
2.2129028,2.7607574,2.4683685,0.3848324,-0.34478405
2.9210818,3.9380093,2.3432226,0.5,-0.70226836
1.1535525,0.88731784,1.2507931,0.0524309,0.5659226
1.7940078,2.60389,1.1698052,0.18544565,-0.7382706
2.5757875,3.2825556,3.0786579,0.49697208,-0.282944
3.514558,3.82011,3.7649994,0.5,-0.06940872
2.9690804,3.6137006,3.6563213,0.47525787,0.05475644
0.64024794,0.46265793,0.29627416,4.639375e-05,-0.30337015
4.036251,4.82195,4.272823,0.4983715,-0.6378425
2.5287182,3.3799353,2.779956,0.5,-0.6853493
2.805915,3.3035352,3.9953299,0.49726057,0.73189527
3.5675504,3.9402666,3.7000628,0.5,-0.26756763
0.7449722,0.5458653,0.6565099,0.019601606,0.1993438
3.3876932,3.9819221,3.6436474,0.4888336,-0.41663563
1.9990999,2.2958224,3.118709,0.30437827,0.7053543
3.32382,3.4488723,3.9723737,0.49203256,0.603733
2.702258,3.3646507,3.2078872,0.49910763,-0.2030294
2.1602385,2.2253468,2.2603889,0.36910513,0.10588404
2.7133038,2.5870564,2.8242464,0.5,0.32604772
1.4011319,2.0545464,2.30543,0.06773552,0.3371349
1.012044,0.41907838,0.9908633,0.032245856,0.6961158
2.8798795,3.3754199,2.7722993,0.5,-0.71835595
2.1645548,1.7654849,1.4573653,0.35780147,-0.34915268
2.0133579,1.2849592,1.4397373,0.2941696,0.21076745
2.5620258,3.0768113,3.364614,0.48607123,0.3768966
1.813721,2.171771,1.009802,0.21753994,-0.7009958
0.64597297,0.47876722,1.5874215,0.003358107,0.7030866
1.6395936,1.304017,1.7169247,0.14425413,0.52110535
2.3041615,2.6956198,2.7268932,0.41508192,0.023124898
0.5842952,0.49853542,1.2605661,0.0074076876,0.7141437
2.1803985,2.7844179,2.0601158,0.37686783,-0.7028122
1.1555903,0.98689985,1.6065338,0.031564124,0.68904257
1.603083,1.5097796,1.3290495,0.1253591,-0.19806564
2.6069512,3.3055642,2.4470153,0.5,-0.65708333
2.2715793,1.9621994,2.6229181,0.4087651,0.662132
1.230894,0.65522796,1.5638779,0.04349712,0.60467905
3.8092303,3.5096316,4.137508,0.49511993,0.7071542
3.1357803,3.4590263,0.4565858,0.49588355,-0.675814
2.567003,3.6744509,0.92142147,0.5,-0.7404269
1.220558,1.5487037,2.212575,0.060698353,0.7052747
2.4081256,2.2545598,0.38229257,0.46233153,-0.69936186
0.5986694,0.44856074,1.135856,0.0047609704,0.68721783
1.0321308,1.4562833,1.5820667,0.03050472,0.17232849
3.0717468,2.4442503,3.0423808,0.49945807,0.6667793
1.471081,0.69055885,1.7145566,0.08196628,0.6413553
2.7927036,3.044337,0.5625584,0.48832405,-0.70684165
0.2804271,0.98240507,0.5685509,0.0030175056,-0.7238291
2.4115622,3.034076,2.6300743,0.47042808,-0.44863278
3.8342147,4.197633,0.2,0.48866358,-0.65548193
3.7725546,4.5595775,3.9877634,0.49492443,-0.6463966
2.3518617,2.4881964,3.488058,0.41724795,0.68642634
1.1021194,1.0892677,0.51636136,0.060291804,-0.6933409
1.2121607,1.3625238,0.7985275,0.07636211,-0.67935973
2.2327163,2.6008449,1.9516567,0.39726898,-0.7308114
2.0640838,4.255012,2.2475274,0.31430575,-0.7504816
2.9251258,3.0040438,2.709221,0.5,-0.35822573
0.9874002,1.2126721,0.63880455,0.01693858,-0.6965905
3.4717202,4.6333575,3.4469104,0.49062118,-0.7084782
0.9734172,1.4407313,0.41373828,0.0382327,-0.7126506
1.1768599,0.4860554,1.5356636,0.044229314,0.7255242
1.4839903,2.5482867,1.7815979,0.09065746,-0.7090005
0.7741379,1.1825911,0.31803977,0.0019030763,-0.71859497
3.5697253,2.3080256,4.194175,0.5,0.7203666
2.9832265,2.9900477,2.4510562,0.5,-0.6028128
2.4095414,0.78877544,2.2756543,0.4519728,0.7132485
3.3974535,3.345097,3.748105,0.49915883,0.50767666
0.96900654,1.1629057,1.2069275,0.041152004,0.09367927
0.59687227,1.1450619,0.21466371,0.020078713,-0.73627687
1.507712,2.4045436,1.8893882,0.094205156,-0.58425546
2.82736,3.6599054,2.9884818,0.5,-0.6732546
3.7099118,4.6955986,4.7876897,0.5,0.09363612
0.80225235,0.9062931,1.2959969,0.012470252,0.69057214
3.1746147,2.3096707,4.048929,0.4902056,0.6884867
0.9432134,0.2,0.6716275,0.028137792,0.7133307
2.6682038,3.1837997,2.034066,0.49115366,-0.7174045
3.4147587,3.6149504,4.290146,0.48117977,0.7249215
2.2386003,3.1310146,0.5734297,0.38632962,-0.7363636
2.1185405,2.583034,3.1858916,0.32752088,0.7191821
2.2934113,1.637378,3.0283773,0.4166024,0.6842468
2.6472986,2.4993052,3.3586268,0.5,0.70531684
1.6779588,2.0683522,2.047436,0.16457301,-0.050586924
3.0664492,2.6933894,2.8252277,0.5,0.18482256
2.5168772,0.47980192,2.1729188,0.484424,0.7083929
3.1055949,3.1078851,0.6351399,0.49367476,-0.7129717
0.7537027,0.6556912,0.73902285,0.014291997,0.16838273
3.1711516,2.5027866,3.3333693,0.5,0.71887755
0.9790019,2.1475286,0.820267,0.03001566,-0.69803643
1.1450179,1.1608683,1.3039057,0.048148125,0.22913115
2.6028168,2.9376373,0.55111283,0.49094906,-0.69304353
3.1791341,2.9485042,3.4471374,0.4969365,0.59916955
0.3177567,0.73565024,1.2837033,0.003837383,0.7121588
2.9223788,3.2315514,2.6922586,0.49463978,-0.6645174
0.6911351,1.144855,0.2,0.0054211747,-0.7148518
3.6389773,4.090442,2.978829,0.5,-0.6544721
3.0344193,0.68722904,2.9467242,0.49850252,0.7224198
2.1164713,2.6095986,2.1948247,0.35104254,-0.4819344
3.4256828,3.836657,3.64923,0.5,-0.21295589
0.7780888,0.37210765,1.3515303,0.011542431,0.7112308
2.65388,2.6885617,2.3660307,0.5,-0.38120073
0.6128512,0.2,0.50886494,0.0,0.6136024
3.1717346,3.145745,2.5297685,0.5,-0.70281756
0.77746403,1.2545761,1.2696766,0.019248659,0.018684497
0.6427802,0.6667854,0.6404993,0.0,-0.032879144
3.6155567,4.1570716,3.7113383,0.5,-0.5452287
2.6668675,3.6334298,3.54007,0.5,-0.0759775
0.8440904,0.39970332,1.0959514,0.014877573,0.74411535
0.7835277,0.22411072,1.823783,0.0,0.67958856
2.362344,2.3615887,2.8519864,0.4573189,0.5467342
3.7348473,4.712774,3.755362,0.5,-0.69545543
0.95075446,1.8912827,0.6115469,0.019412814,-0.7020001
2.235123,0.6515436,2.3039634,0.3878879,0.6611132
1.8813126,1.8918005,2.5614483,0.23781902,0.7049567
3.3495333,3.6635258,2.8499823,0.47453806,-0.6792259
3.4978075,4.251502,3.3450272,0.49082503,-0.7610076
0.627382,0.47877118,0.4567147,0.0,-0.027221575
1.9969383,0.7467339,1.9790682,0.28833523,0.7023157
1.1702731,1.4736847,1.5375695,0.0442714,0.12902008
2.4294305,3.1236868,0.5805186,0.44933105,-0.66887635
1.9529443,2.5751486,2.2924604,0.2649017,-0.39675936
2.2954977,1.5026487,1.8125006,0.4169963,0.3426056
2.8805768,0.96038204,3.4108326,0.5,0.6713883
0.656199,0.9007684,1.3321706,0.0,0.71503085
2.798527,0.21103838,2.8279567,0.5,0.7117882
0.8956766,1.0657237,0.5865604,0.025168847,-0.7382139
3.605239,0.58516616,4.2373776,0.5,0.68434286
2.3811102,2.6099653,3.234525,0.45142633,0.6667302
3.17309,3.0548303,3.5030982,0.49667892,0.56343913
0.21560045,0.24134284,0.2,0.00769811,-0.11587061
2.8608086,0.55442065,2.491408,0.49760988,0.7170661
1.9032516,1.4952793,2.3809254,0.25904465,0.70636404
2.1624663,2.1561806,1.5897639,0.37139076,-0.65390456
2.1300216,2.1328115,1.6704135,0.36040568,-0.551047
2.6119118,3.3616369,0.53038824,0.48683727,-0.70041835
3.3722174,3.950076,4.388619,0.49764284,0.5586254
0.9509637,2.0550275,1.615082,0.02765538,-0.71045756
2.051204,0.75388557,2.4334798,0.30636603,0.68663126
2.6438658,2.7326744,1.8041068,0.5,-0.67519945
2.5019443,3.3774326,1.4287319,0.5,-0.6815095
1.2653137,0.5015146,1.3956952,0.06704081,0.69292825
2.5639663,2.7232118,3.6583579,0.4919741,0.66405374
3.039268,2.8507037,2.833719,0.49414963,-0.06625134
0.49675742,0.9052774,1.1537417,0.005726843,0.45585123
2.3865569,2.6321156,2.7670333,0.44389313,0.07907161
3.1490734,3.2669754,0.85472065,0.49181128,-0.718669
2.8704202,0.59592754,2.9075005,0.4980248,0.684607
3.3488736,0.51644045,2.76367,0.5,0.68286705
0.74367183,0.5314374,1.1648769,0.013616051,0.686862
1.756883,2.2984731,1.6784073,0.18175258,-0.6647695
0.76392,1.070907,0.45198533,0.0,-0.7097016
1.2607841,1.8767719,1.4193875,0.06745955,-0.6642624
0.9242857,1.878996,1.0035428,0.0,-0.69162637
2.0875635,3.0431082,1.2569811,0.33300596,-0.7109662
2.4817944,2.371298,2.7743056,0.5,0.42752758
2.4625146,1.7406029,2.853179,0.48706734,0.63114834
0.9864184,1.1174021,1.7766246,0.03426503,0.6980665
1.0580965,1.1786724,0.8114382,0.03582339,-0.58487195
0.6483246,0.2058563,0.98821634,0.0,0.7196432
1.5362908,2.2247496,1.916131,0.09787189,-0.39813507
3.3262117,3.245217,2.830304,0.5,-0.5331263
0.8335024,1.0041248,0.6772581,0.037233196,-0.58517027
2.3585558,2.2267985,1.9860966,0.4314156,-0.2746743
1.3803556,1.4996797,1.0529699,0.0746964,-0.62813675
3.0989146,3.8754063,3.087952,0.5,-0.6807915
1.7370218,1.9157181,1.5465182,0.16477408,-0.45922336
3.0695443,4.3189607,3.2557971,0.5,-0.7123549
0.9290102,1.4194125,1.4121124,0.016324531,-0.0042792326
1.2644948,1.7540084,1.6850355,0.0664478,-0.10429337
3.2784493,3.403877,3.883909,0.5,0.5369991
2.6130536,2.7836347,2.6899326,0.49483943,-0.10489516
0.97564685,1.731486,0.9808227,0.039711025,-0.7020178
1.8541509,2.6583836,1.4433633,0.23452014,-0.6306212
2.7320418,3.005194,3.251577,0.47717744,0.2670606
2.8128,3.311496,3.5554533,0.49573287,0.3429779
1.6382638,1.7443229,2.4844458,0.1402214,0.72381085
2.6155436,2.8919187,2.9556112,0.5,0.023967996
0.7242901,0.6108656,0.58106685,0.007729036,-0.09411648
3.1468246,3.4382288,2.848111,0.5,-0.7118584
2.35198,3.016856,1.9158087,0.43206203,-0.7191731
2.812481,2.992479,2.1084168,0.4960685,-0.66688627
1.0967323,0.4971976,1.7857031,0.03687621,0.69181824
3.1013367,3.221124,0.7749321,0.5,-0.66605693
3.1453695,3.1828103,4.5264707,0.4963697,0.7338836
2.679251,3.0918314,2.8454604,0.5,-0.28955507
0.7679973,0.6258868,1.052219,0.016675461,0.7269868
0.550069,1.3544892,0.9549733,0.0,-0.71044284
2.151385,2.2092366,0.35543585,0.35547137,-0.7412706
3.276835,4.2642856,3.1160173,0.48994502,-0.6637914
1.769633,1.880379,1.8822913,0.2119864,0.031440552
0.7735544,1.2317382,1.3696655,0.00841881,0.256674
1.0530156,1.7048702,1.9366832,0.036593363,0.317778
0.24788024,1.1268837,0.20048304,0.00022270982,-0.7221109
3.0123944,3.452092,3.3140154,0.49427313,-0.22269809
3.4823472,4.982286,3.7353244,0.5,-0.7085678
2.6786945,2.852285,2.7469175,0.49399042,-0.12480341
0.9505252,0.35941076,1.5899485,0.021469189,0.6991823
2.5261323,2.6792393,3.8102596,0.5,0.6813738
2.3638344,3.0156348,2.8376215,0.43785396,-0.23070394
2.9226112,3.3759105,2.7545447,0.5,-0.6932558
1.9795299,1.6308465,1.4553064,0.267432,-0.25924766
1.2473655,0.43361965,1.4146765,0.045251627,0.73561186
3.6169925,3.3671505,4.213703,0.49891207,0.65489155
2.7272196,2.5833447,2.8088365,0.5,0.22710027
1.9549398,2.1210501,2.3310373,0.27032498,0.23219372
2.4003668,2.7635202,3.572735,0.45333418,0.6946064
0.8800345,0.6697891,1.3580165,0.013163558,0.74240416
2.6083016,2.4404962,2.7882507,0.5,0.43275517
3.62033,4.1363816,3.086288,0.49883124,-0.69067174
1.9124898,1.6492997,2.4451034,0.2704695,0.68019193
1.7383654,1.4806072,2.231585,0.1742779,0.6975977
0.8902942,2.1751685,1.4869847,0.012769345,-0.6892542
0.7176012,0.6115951,0.25865155,0.019799411,-0.66235936
3.6272888,2.92428,3.8249905,0.49629867,0.6877692
2.8321574,2.4186397,3.2982118,0.49622342,0.7177631
1.8149102,0.9683455,1.262573,0.21238269,0.3970212
2.532918,3.5896676,2.8639057,0.5,-0.704768
3.6389403,3.8827605,4.4729257,0.5,0.7901345
2.3895397,2.1008506,2.2876482,0.45840132,0.28630316
2.64351,3.1747687,3.3967128,0.4942536,0.23139821
0.6449195,1.7228749,0.837371,0.0,-0.6746885
1.7147883,1.7594075,1.9101137,0.15732074,0.1319311
0.93097764,1.8779532,1.5791843,0.011848917,-0.51707804
0.74715227,0.4411503,0.64242536,0.023330348,0.3786804
1.3643823,0.99064344,0.92652124,0.06613873,-0.09294431
1.8192245,2.9589632,1.8858018,0.21283782,-0.69368255
1.2483721,0.98871994,1.5781486,0.050217114,0.7132387
3.0648563,2.9995828,3.4784226,0.5,0.5127818
2.1780522,2.9273236,0.36667702,0.34674513,-0.72312266
2.8581085,3.072399,2.6816263,0.5,-0.4441139
0.8528479,1.0127424,1.2180941,0.011113648,0.4003873
0.46302712,0.5591219,0.63903403,0.010735297,0.1788579
0.64694023,0.4689499,1.610962,0.0,0.71222514
2.7211666,3.0589135,3.426067,0.5,0.48086718
2.5234506,2.9970808,3.058207,0.5,0.06634889
1.0727022,1.1871731,1.1978364,0.045439493,0.027136099
1.0665555,1.534343,1.0687313,0.036766164,-0.6886515
2.4565938,2.856475,2.5878356,0.4825076,-0.31685027
0.6715677,1.0480068,1.0450753,0.008060756,-0.041579135
1.1324089,1.0862749,1.8169215,0.05040829,0.6730755
2.3239815,2.3994198,1.7749249,0.43178746,-0.7190537
3.3931754,3.8001463,0.4012899,0.5,-0.6871732
2.219145,1.7781906,3.0412629,0.37713668,0.7156922
0.7877249,2.3811002,0.660064,0.0,-0.7721175
3.683632,2.6192627,3.4517806,0.49288553,0.7321203
2.400595,2.3430068,3.1201138,0.45720798,0.6948366
2.161311,2.6458783,2.644748,0.35558948,-0.00020114444
0.649895,1.2791103,0.9807629,0.0,-0.5500265
1.4751701,1.205704,1.9492145,0.06792812,0.6557288
0.7985964,0.69116837,0.9218476,0.018671826,0.39971617
2.565986,2.8400023,2.786632,0.4722353,-0.07334999
2.3269534,0.62515384,2.6338606,0.43271834,0.7143695
3.7848537,3.3967135,3.8335664,0.5,0.47531843
2.5047011,3.1532323,2.5138829,0.48819688,-0.73058516
2.207796,2.8309672,2.0040584,0.389895,-0.76307106
1.0491062,1.2233039,1.031508,0.0410513,-0.31519005
3.1194007,3.6645663,0.39351368,0.5,-0.7531588
3.4336984,0.56011313,2.6830502,0.49506563,0.7113255
3.739843,3.555856,4.21176,0.4961243,0.73979485
0.8190539,0.4803822,1.1587108,0.0037884996,0.68035716
2.4062748,2.9722211,3.3668587,0.46986517,0.49554634
1.4574575,1.3378998,1.0150182,0.06618525,-0.40126055
2.0466275,2.6420515,1.7492223,0.3102585,-0.6813157
2.7350364,2.742892,3.3740413,0.5,0.71865135
1.8685117,2.759597,1.4905531,0.24046184,-0.66866034
1.7465605,1.378884,1.869976,0.18663536,0.5853449
1.0578302,0.6663426,0.2617607,0.0330283,-0.63273287
3.0640914,3.3781617,4.09471,0.49732146,0.65666485
2.4625492,2.4587278,2.645412,0.4811477,0.22584544
3.1523438,3.3763356,3.298035,0.5,-0.08592385
2.9874203,3.0962193,3.3055408,0.4878719,0.28618556
3.268882,3.209414,3.0557966,0.49016252,-0.20020626
3.9322186,3.9742708,3.9025948,0.49437788,-0.11766777
1.3726459,0.45626584,0.9773705,0.0655313,0.73823446
0.93988645,1.8706837,1.4565858,0.027666023,-0.73216134
2.327158,2.2189436,2.8041255,0.41385114,0.70961994
2.6556597,3.0799751,2.3637288,0.5,-0.7045138
0.90040576,0.2085559,1.0172102,0.024508663,0.64872307
0.8076058,0.5467937,1.047638,0.017033126,0.70821726
3.4581363,3.8153834,2.930113,0.49424067,-0.7313917
2.4697814,3.6138098,2.9883268,0.4836178,-0.73208624
2.7359376,3.167754,2.4357066,0.4898603,-0.6772652
1.4359363,1.9296675,0.78619564,0.065947466,-0.696199
1.8110714,1.7754557,2.0739176,0.19679019,0.37376773
2.4207745,2.6133971,2.9511507,0.47989213,0.3598922
3.3935378,3.4309835,4.008408,0.5,0.72490716
2.1149273,0.37875098,2.591769,0.32856247,0.6621495
3.5542164,4.4110165,3.4625893,0.5,-0.7076493
2.2706969,2.2913103,3.386469,0.40809587,0.6885475
1.1699321,1.3521813,1.389082,0.045336746,0.09723015
1.3466287,1.3278142,1.0221591,0.07331922,-0.41788024
2.973678,3.0530326,3.7115166,0.49404457,0.71040493
0.7848239,1.5078367,1.0855025,0.0,-0.7392603
0.79960185,1.284608,2.133743,0.011859903,0.7026239
3.5463696,3.898777,4.6100693,0.48774704,0.68701863
2.6276557,2.789609,2.7016587,0.5,-0.08436489
1.053355,0.81225854,0.6681959,0.0052836393,-0.20804892
1.9262354,2.440072,1.8578311,0.27279148,-0.69627047
3.3704526,4.0393634,2.3857872,0.49695486,-0.66751844
2.377656,3.0138576,2.5623825,0.4516038,-0.5700644
2.3933403,2.6507688,3.0616407,0.4631213,0.51268727
3.197241,3.033534,3.5000494,0.5,0.53755033
3.8315601,4.3127694,4.287853,0.4922706,-0.01467512
2.8095195,3.465982,3.3407507,0.5,-0.19655728
2.4583526,3.1038785,3.4653814,0.47241735,0.410495
0.9398448,0.70281607,1.1843382,0.025959508,0.6869895
2.3928645,2.7116942,2.4374375,0.45501542,-0.36465
0.7401996,0.23562261,0.7296414,0.0011793945,0.69270414
0.6742874,1.6069791,1.6895671,0.0,0.12471436
3.1687036,3.4142783,3.0437496,0.5,-0.4468768
2.5243754,2.7883053,3.6561222,0.5,0.6543824
3.4814177,4.3539805,3.4422417,0.5,-0.6890424
0.5423528,0.49257457,0.3669476,0.0,-0.2416934
2.3898115,2.5447078,2.7187357,0.463299,0.23827533
3.3834102,3.1118636,3.7009885,0.4951448,0.665684
2.6007,2.030386,1.9493527,0.48871642,-0.11256613
2.545307,2.8368578,0.7993796,0.4858167,-0.71360457
1.1901276,1.5083385,0.39955214,0.05449619,-0.7444417
0.9936364,0.24952368,2.1281514,0.027715983,0.7103352
2.7523606,3.3547769,0.7469103,0.5,-0.72649467
3.3356857,3.4656878,3.6680124,0.5,0.23755662
2.490269,2.990746,2.9576921,0.49948815,-0.054877385
3.2784915,3.6084833,3.8846729,0.49090737,0.3667204
2.74555,3.4964294,2.2603214,0.5,-0.6928677
3.1343775,3.9268165,3.5785394,0.5,-0.44891465
0.8497141,1.1266766,0.2166921,0.019661125,-0.7264162
2.0445032,2.6782625,2.3629162,0.31638822,-0.40068138
2.6397915,0.20542748,1.8772504,0.5,0.6745906
3.150722,2.8486295,3.6623006,0.49400368,0.7091889
3.3334258,3.0151641,4.1109347,0.4859459,0.66916317
3.3816388,0.66758525,3.4259377,0.47671038,0.6658453
2.6759715,3.1955385,2.9076085,0.5,-0.39054564
3.5170155,3.3271694,4.075992,0.5,0.6512471
0.9781777,0.21494278,1.3311644,0.021472381,0.6744359
0.817371,0.5143313,0.25069594,0.0,-0.50255346
2.4849248,2.406908,2.0135362,0.49656174,-0.45456284
3.2915843,3.710954,3.323506,0.5,-0.47502184
1.9531771,2.7839413,2.188933,0.273768,-0.6991899
1.6997209,2.392179,1.6360073,0.18277179,-0.6766231
0.9276861,1.2647742,1.2022431,0.010993699,-0.12296858
0.8026009,0.53578097,1.4424204,0.019833364,0.71492046
1.723166,0.8935721,1.7661175,0.16949412,0.7043811
0.34526536,0.3566918,0.2,0.0,-0.28178078
2.4074142,2.4863403,2.8185785,0.4714623,0.45515445
2.1404014,2.3881094,3.0063267,0.36327633,0.7265514
1.9686114,2.6422036,2.3498383,0.27408588,-0.38046148
2.7647524,3.228362,2.709759,0.5,-0.6432085
0.979403,1.1905699,1.0933253,0.025061,-0.13865475
1.1952045,0.28147715,1.131019,0.05041345,0.6875221
2.87425,2.251253,3.155864,0.4908911,0.6696365
2.946858,2.7760518,2.1716967,0.48683518,-0.7201042
3.1403854,2.8955796,3.4007964,0.5,0.6505167
2.7508292,4.182016,2.831479,0.5,-0.7027141
1.9798665,3.1527739,2.6191175,0.284258,-0.63018554
2.893013,2.4434173,2.3813722,0.49046525,-0.11696745
2.9613433,3.3299265,2.6268241,0.5,-0.71441764
2.4506667,2.0106568,2.8918495,0.46698907,0.73202133
2.4641056,2.7446275,3.242518,0.47457936,0.6116082
0.93079776,0.9361363,0.79069483,0.03251287,-0.29321218
1.8469517,1.8931661,1.8892165,0.22843462,0.007991385
2.9606884,3.5930374,2.732277,0.5,-0.7300278
3.227269,3.6088111,3.3910778,0.49637994,-0.24756016
2.4155388,3.04108,2.1092298,0.45331526,-0.71167076
2.5019603,2.9716942,2.0589433,0.4812748,-0.7063616
2.41367,2.199887,2.8095753,0.47035855,0.73972297
2.6586573,2.1556675,2.40171,0.48182714,0.24178237
3.103386,3.220658,3.6508586,0.49790588,0.49270362
2.5022728,2.5656457,2.627821,0.4875967,0.058506418
4.4345646,4.398758,5.1839223,0.49441776,0.6606233
0.96875626,0.7518112,0.60265833,0.036360133,-0.2131657
3.4331098,3.635073,4.0641603,0.5,0.47480524
2.940538,3.7716377,3.1365402,0.48762205,-0.7037683
2.7182379,1.809192,2.0985198,0.5,0.3794103
3.4443424,0.24364579,3.3665843,0.4903111,0.6738049
1.6756127,2.0020862,1.5118945,0.15334797,-0.5528287
2.8094044,1.0486473,3.2472918,0.49980807,0.70369554
2.1835403,1.6348186,1.885344,0.35759345,0.2761601
2.3521616,3.5486693,1.9206543,0.42757168,-0.7028033
2.3657148,2.8461084,2.3148706,0.433455,-0.63905513
0.4613536,2.0645611,1.1175472,0.0113367075,-0.7496917
1.5759051,0.97237027,1.9070894,0.081729025,0.6989059
2.9013412,4.067283,2.9254076,0.49600658,-0.7242485
2.574975,2.0630445,3.0619178,0.4952994,0.6965219
2.383528,1.0796301,2.1282122,0.44748157,0.7375677
3.0834038,2.121423,4.151184,0.5,0.705067
2.873001,3.2028613,3.8860881,0.48536503,0.74315155
2.41757,2.8117101,0.71577394,0.44546267,-0.67132014
4.4464936,0.44667447,4.6904597,0.49652645,0.6291507
3.2556696,2.7376351,3.3713849,0.49263686,0.7207665
0.9020913,0.94332564,0.8448547,0.033555623,-0.13894467
2.334249,2.6610684,2.9900212,0.4350705,0.39328262
2.7301204,2.4330328,2.1776938,0.5,-0.22437517
1.2105675,1.3382621,1.1806743,0.056387126,-0.26083282
2.369311,2.6000764,2.889173,0.42795604,0.36751553
1.005261,1.3990141,1.9921007,0.0263889,0.70649755
4.422413,3.7670245,5.2715235,0.477189,0.74902123
2.193285,2.0889049,2.0328588,0.35729152,-0.09303079
1.191031,1.4545574,0.9389681,0.058595397,-0.7626234
1.7602342,1.7467626,1.7695748,0.22109538,0.011396786
2.8918824,2.5747156,3.8460786,0.5,0.70329225
2.0689855,2.7708266,2.4512491,0.31807113,-0.33097848
3.1715717,3.836765,4.8065076,0.47582626,0.7316749
1.5242963,2.1224213,1.9767033,0.08692137,-0.18095323
0.99721766,1.0273696,1.9991866,0.033830624,0.68633246
1.5411668,0.74537736,1.6329061,0.101676665,0.6928562
2.288349,3.1268046,2.067188,0.40443438,-0.6804651
2.4404738,3.0733104,3.8878348,0.48337352,0.72366434
2.235408,3.1133509,1.7457399,0.4008587,-0.70969737
2.357061,2.5202856,2.6287787,0.43713856,0.16051263
3.1464772,3.7453005,3.4952495,0.5,-0.27908984
0.96577287,1.4929099,0.929865,0.012990466,-0.6933684
2.830811,3.7249653,3.1562169,0.5,-0.70936656
2.0935018,1.1397932,2.1757483,0.33131453,0.7181792
2.6209526,0.77334327,2.3572228,0.5,0.70111215
2.356459,3.0557036,1.9828255,0.4424596,-0.72479177
3.1337838,3.9382915,3.5405967,0.5,-0.4621473
2.7933068,2.7216969,0.40243274,0.5,-0.7037763
1.6143781,1.979521,1.5522169,0.09658452,-0.54671717
1.3242483,1.873056,1.0370485,0.06944644,-0.69113106
3.181702,3.9568186,2.9287558,0.5,-0.7390104
3.5453007,3.8813295,0.45119548,0.4780852,-0.6728606
0.8556397,1.1391251,0.37622932,0.01321295,-0.68375605
2.7673607,2.8209746,2.758855,0.5,-0.083168894
1.0866425,1.7840825,1.5141469,0.04837653,-0.45597652
2.5925655,3.3931737,3.0446863,0.4979134,-0.40343034
2.9137354,3.5674887,2.775036,0.5,-0.6977254
2.186582,2.7240963,2.0270338,0.37871927,-0.7308173
2.8182547,3.1028047,3.5793726,0.48943475,0.5349026
0.8218936,0.76348597,1.2376947,0.022698296,0.7184202
2.3108344,2.1610973,2.8042471,0.4332143,0.6685938
1.1324195,1.8784022,1.9895287,0.04746922,0.23722145
0.868706,1.7348534,0.6527383,0.020821892,-0.7209557
0.6941807,1.0236439,1.308118,0.007023724,0.48771
0.6804833,0.99914545,0.20310427,0.0,-0.6820938
2.9151032,3.231478,2.8419595,0.4936342,-0.47562847
2.3314118,3.086508,1.83519,0.4208016,-0.73325926
0.89183134,1.454213,1.7013972,0.024316216,0.42866942
1.771054,1.7931921,0.6170853,0.17354457,-0.67575854
2.8242464,3.321368,2.7032573,0.4959778,-0.6967579
1.2663999,0.68743294,1.6269982,0.042315807,0.6429453
2.9419632,2.893656,3.4723878,0.489783,0.71813893
1.1517806,0.444386,1.5659077,0.058690738,0.7441501
2.8831966,2.5848446,2.993816,0.48578492,0.46439403
2.202543,2.0252593,3.0368183,0.37657738,0.68451047
0.5181071,0.2,0.5912531,0.0,0.68172777
2.33775,3.0955951,1.8203056,0.43018332,-0.7029668
0.8952192,0.8582312,0.94647425,0.012764792,0.09248077
2.891471,2.978395,2.8744595,0.4927548,-0.14611842
2.8604398,2.5663998,3.3394668,0.49230218,0.692602
2.0262504,2.521616,0.9147915,0.3038479,-0.68536496
3.7402613,4.629464,3.4507303,0.5,-0.6990531
2.800048,3.2601626,1.9161527,0.4911939,-0.6711486
2.2259321,2.5772045,3.3803434,0.40267807,0.7054906
2.8576286,2.0576427,3.1124585,0.492932,0.703942
2.7818463,2.9267862,1.9417249,0.49062964,-0.6954883
2.5032861,2.9819264,1.8416823,0.5,-0.7028737
2.438452,3.2428226,0.53007156,0.4650372,-0.6831272
1.5329275,2.0637608,1.5093741,0.09570769,-0.6716604
0.9209356,2.1393144,1.7111158,0.027719494,-0.6862117
1.356731,1.1944796,1.2962394,0.071586356,0.1189191
3.3637886,3.1775625,3.4768312,0.48707783,0.3016225
2.6781113,3.0314429,2.5151505,0.5,-0.61430794
2.7453222,3.5577261,2.885736,0.5,-0.71332467
1.1303493,2.0562105,1.3322332,0.045819115,-0.7423372
0.6293841,0.23111008,1.5262895,0.011389275,0.67879516
3.1374404,3.356099,3.4479694,0.5,0.14117162
3.3489254,4.05553,3.6225448,0.49641478,-0.5549152
1.0292014,1.6776689,1.5036008,0.027251279,-0.2746926
1.736073,2.2455993,2.6417224,0.17684047,0.46255842
3.6220253,3.7214718,3.1386511,0.5,-0.70336384
1.5337224,0.27322012,1.3663704,0.12709579,0.6377093
2.8835063,4.1201134,0.7057789,0.5,-0.7116348
3.216898,3.719812,3.4363124,0.5,-0.34210452
2.8055966,2.6005075,2.694709,0.4982533,0.13271911
2.9789965,3.030447,2.184563,0.49803254,-0.70654976
2.4525373,2.7330043,2.5102139,0.48051503,-0.29625288
1.084355,1.5558227,1.493159,0.049089663,-0.1303798
0.7678754,0.23323227,1.6839154,0.016226923,0.70160455
2.2650352,1.9686047,2.482543,0.38655236,0.61788046
2.6139839,3.058918,2.7678251,0.5,-0.37211576
1.3190148,0.8463849,1.1124746,0.057074565,0.3423323
2.9720984,2.248363,3.148864,0.4945785,0.70613277
1.0907063,0.8963228,1.0932577,0.03841053,0.3189848
2.8019276,2.9845383,3.323666,0.49829605,0.39814064
2.8770456,2.2566006,3.3228853,0.48753917,0.70682704
0.9876189,1.9924718,1.9661072,0.025783796,-0.10738202
1.8659338,2.671577,0.4058559,0.24541387,-0.72078013
2.3201308,3.0594392,2.8006856,0.39479843,-0.28746566
0.70710576,0.8997458,0.2,0.0052580214,-0.7527663
2.7848303,2.398182,3.1301308,0.49904117,0.6845195
0.72108054,0.5031415,1.2812829,0.020425282,0.6867315
2.7022734,3.502568,2.9462283,0.5,-0.6568462
2.7523956,2.5277154,2.9352791,0.48702195,0.45544648
0.20870665,0.44314587,0.56461453,0.0,0.2802781
0.95802647,0.9866809,1.9444554,0.032133665,0.742823
1.4243709,1.5303615,0.8184043,0.0725131,-0.71640456
0.9936109,1.144213,0.47200474,0.041815534,-0.6825831
2.9278576,3.0036595,3.332328,0.48811185,0.3573965
2.8640945,2.8404598,2.818391,0.49134108,-0.033930946
3.6098735,3.6768694,4.058045,0.5,0.43770826
0.8469013,0.9830379,1.2829287,0.026004435,0.4883061
2.0958872,1.8223617,1.7308888,0.32848853,-0.1306567
1.0421469,0.47978985,1.7004821,0.052781787,0.71853036
1.259833,1.309219,1.6086216,0.056729693,0.4460853
0.6766849,0.47884873,0.49772936,0.0,0.06405434
0.8795616,1.1083022,0.7045192,0.008621089,-0.6712824
2.890711,2.491248,3.3559732,0.5,0.72185016
3.2945354,2.5728273,3.698935,0.5,0.6977069
0.32736194,1.305507,1.0861572,0.008254346,-0.4489437
2.670912,2.6090364,2.8920226,0.4880242,0.37566036
2.5513248,1.6615648,3.1783125,0.47943386,0.7206666
1.1750692,1.722288,1.8031965,0.056311153,0.12708408
2.693473,2.6338463,2.636015,0.5,0.03105718
2.6032546,2.7547824,2.6213484,0.49407727,-0.18046561
3.4593725,3.6760528,3.4662247,0.49492112,-0.25799358
3.3226504,3.9599977,4.2975006,0.48521355,0.42518708
0.8664562,1.1666518,0.3131735,0.032873616,-0.74294
2.6391692,1.9835545,2.9503334,0.4947128,0.7248724
2.3263977,1.8883746,3.2691467,0.41933432,0.693768
2.0221698,1.4755228,1.6419315,0.29140243,0.1690127
0.8138824,0.76259667,1.105418,0.018816646,0.5934565
0.81580645,0.5583205,1.6638318,0.009143986,0.7171842
3.149248,2.8799355,3.1777303,0.4911315,0.35935298
2.987961,2.8105407,3.297302,0.4936142,0.592243
2.2398353,2.0256057,0.31255427,0.3841705,-0.6990671
2.17631,0.25319344,1.9673697,0.36389387,0.70639914
3.7498066,4.302033,3.7849014,0.5,-0.6422965
2.0566375,2.0961707,1.9802164,0.31720367,-0.18369342
3.4597168,4.1371794,2.8757613,0.5,-0.7162803
2.869623,2.705067,3.7222922,0.5,0.6695524
2.228477,2.348748,2.6000926,0.39343125,0.34436443
1.9003102,0.5937894,1.9216479,0.2559606,0.7135334
2.1840644,2.5276692,2.1218493,0.37556872,-0.5104261
2.8495693,3.2849822,2.8374143,0.5,-0.54096663
2.0554192,2.2803485,1.8473862,0.31148884,-0.5095131
3.5531983,5.0687256,3.5591092,0.5,-0.6933551
1.0915431,1.9837635,0.8127084,0.042871915,-0.7183151
3.0253642,2.8993742,3.4897692,0.5,0.71776193
0.9874714,1.8380437,0.23839915,0.038191378,-0.66001874
3.6265323,0.688829,3.8603096,0.5,0.6852242
2.3410234,1.8494893,2.0801938,0.42914802,0.23149967
2.6731827,1.8183722,3.3183014,0.49515384,0.63726693
1.7904619,2.0807219,1.9032782,0.20165727,-0.1834193
1.1109303,1.1955059,1.4275193,0.038590156,0.37095445
0.9556651,0.21422023,0.84055626,0.007214643,0.67466676
2.7411819,2.9550703,3.5067418,0.4914949,0.64440304
1.128932,1.295435,0.7478735,0.060343117,-0.70131636
2.9074237,0.73954713,2.7832792,0.5,0.7413116
0.68189704,1.7330829,0.44167367,0.0,-0.69849294
0.65531874,0.71868014,0.5060094,0.0,-0.39504364
1.7047474,1.7510884,1.929061,0.17686771,0.24189009
0.8077788,0.47980675,0.3865134,0.0044464516,-0.19524257
0.9395894,0.43810657,0.6888479,0.012270186,0.43684602
2.6338935,2.3089814,2.237156,0.5,-0.13125551
2.5980272,0.67177993,2.0228453,0.5,0.6810487
0.6379184,1.0886784,0.5437839,0.014263573,-0.64760363
2.5391889,3.2023025,3.592683,0.5,0.48371482
2.0070183,2.3451936,2.2364872,0.31960443,-0.13045387
0.6789357,0.90517706,0.48681897,0.0069452696,-0.72202766
0.82421654,0.9993743,0.8707519,0.009372702,-0.2613552
0.85930896,1.8582152,0.36323082,0.012607698,-0.7291942
2.7063038,0.5887808,2.1638649,0.5,0.6845871
2.6494675,3.2322357,2.3104713,0.5,-0.6487314
1.1050782,1.6033609,0.59936774,0.03715718,-0.66445076
2.674002,2.1618295,3.3074014,0.5,0.7261881
2.9362428,3.420366,4.090668,0.5,0.6793032
2.2537003,1.8742529,2.8403327,0.40325803,0.72149855
1.6994905,1.5765997,1.5346603,0.1699114,-0.008162064
2.5609741,2.6469903,0.58043313,0.5,-0.7490725
1.965529,2.8009913,0.87076724,0.2722168,-0.72849435
0.48012644,0.68761265,0.8375365,0.0,0.32024094
1.2138636,1.5488077,2.171259,0.061602138,0.6530599
1.0320679,0.544735,0.60269475,0.04021749,0.115451425
3.294864,3.338476,3.5869062,0.49532276,0.27979884
3.1467068,3.15713,3.3987088,0.5,0.32407674
2.6484914,3.4660885,2.6491473,0.4940272,-0.7188281
0.67135894,0.41006237,0.2375414,0.0,-0.32146108
2.8049245,2.2184415,2.296566,0.5,0.16808218
0.97021025,0.99604833,1.8458405,0.016209535,0.72650665
2.0098422,1.9016275,2.6053252,0.30264282,0.70012987
2.9686723,3.2857835,2.6485028,0.5,-0.73120624
0.4131701,1.2402023,0.2,0.008085376,-0.74305916
2.9929516,2.9361677,0.5690689,0.5,-0.7312305
0.91899955,1.2932448,1.072729,0.021693649,-0.409369
1.0188577,1.1541548,0.9082322,0.02994976,-0.36604154
1.8725846,2.2706783,3.0349984,0.2414801,0.68475264
2.7841291,2.4998407,3.5762217,0.5,0.70006806
2.826291,0.5203121,2.389592,0.5,0.71251756
0.9815299,1.6118844,0.62989724,0.020966675,-0.6891375
0.9927645,0.72581315,1.3046727,0.033973575,0.70806074
3.0276825,0.79863846,3.6676033,0.49949542,0.7274329
2.7002745,2.8127697,2.456003,0.4959724,-0.41592225
2.9895158,2.4295661,3.5494616,0.5,0.69567364
2.7543073,3.2573767,4.047022,0.4960564,0.7265191
1.2168132,1.1498233,2.041552,0.023030067,0.69183195
0.9374756,1.0586038,1.5301808,0.031152567,0.7266254
1.1570555,1.6172297,0.4631448,0.030583562,-0.73121125
2.8537743,3.395449,3.4879358,0.4982781,0.09916113
1.5226897,0.46723393,1.952356,0.06975348,0.6620811
3.3803117,3.7599277,3.2118378,0.49129385,-0.7165994
2.2483804,2.9488032,2.3203356,0.3964956,-0.63412774
0.8402404,0.71543545,0.9571748,0.008804017,0.42810377
4.2626147,4.804099,4.6942983,0.48913553,-0.1172377
2.6172178,0.6641614,2.0745966,0.5,0.69832844
2.4846556,2.9218202,2.7081323,0.5,-0.3092122
3.1041043,3.6349816,4.0458407,0.49247542,0.53985107
3.1609204,2.8363671,3.555399,0.5,0.66616225
1.1643039,0.8303885,0.7988224,0.04532242,-0.0015599387
1.7874686,2.5935807,2.1451418,0.21226361,-0.50132567
2.9216769,2.984492,0.40380675,0.5,-0.73967266
2.4278185,1.8864354,1.5912663,0.46849203,-0.37142774
2.0006604,2.153729,2.4279315,0.29364792,0.36191317
2.6315558,2.7848244,2.866188,0.49369666,0.11377248
1.4856979,1.8364215,0.92535686,0.079611965,-0.6830033
3.135712,3.1741693,4.329985,0.48598698,0.73046565
0.9467781,1.9560218,1.2704217,0.010909856,-0.6581525
2.3241916,2.072469,2.392364,0.41341957,0.36717227
2.4910977,0.6060934,2.25949,0.4991728,0.72436905
2.439465,1.9658461,2.7711642,0.4772296,0.657637
1.3359448,1.1780205,1.7250161,0.06392449,0.73822534
1.9459229,0.3868296,2.803154,0.2682219,0.78991556
0.86559147,0.56917137,0.9220917,0.006301411,0.593269
2.4711916,2.8197477,1.9773743,0.5,-0.7013604
1.1771996,1.0350631,1.2197157,0.043885957,0.22236188
2.6838531,0.56499624,2.8694117,0.4809322,0.6814634
2.1454976,1.5479301,3.194884,0.34069693,0.6563155
1.7968688,2.068608,2.1026762,0.20601739,0.023197941
2.8763602,3.3821743,3.255519,0.5,-0.12789746
1.0250225,0.78992623,0.94637847,0.044052895,0.3105028
2.6908126,3.6160355,3.0151484,0.5,-0.66118836
2.5626028,0.7502073,2.303313,0.49674988,0.7275523
2.5498576,0.51018685,2.801551,0.5,0.6901743
2.2817166,2.9333653,2.8795624,0.42505938,-0.047495354
3.2795317,3.0631106,3.5232224,0.5,0.5425495
0.81549644,1.1758826,1.5413584,0.01449702,0.6708351
1.2673519,1.0123196,2.1707766,0.044085275,0.6760962
3.3501675,0.72678703,4.0795045,0.49922717,0.68601024
0.61439973,0.70673573,0.8606298,0.004770589,0.3284807
2.9447615,3.179707,2.6552598,0.49051088,-0.66171044
1.0108877,0.8072386,0.69568354,0.051597904,-0.20752504
2.6174867,2.538669,3.1384997,0.5,0.65208846
3.102848,1.0458503,3.4915884,0.49153343,0.6778172
2.8368552,3.336571,3.0395086,0.47854987,-0.3494934
2.7162704,3.7954717,2.607348,0.4924689,-0.7612674
0.753743,0.4091877,1.0162004,0.0,0.7262736
2.6648521,3.3306959,2.1389635,0.49060595,-0.7073323
3.3494928,3.469145,3.1883316,0.48193598,-0.3482329
2.704767,3.4087079,2.8172748,0.49013627,-0.69472086
2.6492562,2.972624,3.218646,0.4981948,0.2971914
0.91374886,0.9696195,0.7642818,0.011325504,-0.35008135
2.404306,3.4714139,0.4948399,0.45265397,-0.70669097
1.8992463,2.5811179,1.3636017,0.23958747,-0.7104347
2.586811,2.4563847,3.1785724,0.5,0.6963018
0.8590185,1.6343381,1.1194125,0.02330716,-0.68598235
3.169997,3.6939824,3.6621022,0.484657,-0.031865705
0.58585566,0.34326854,0.44909042,0.015071839,0.24547322
2.574293,2.7814183,2.4605536,0.4871818,-0.3778
2.4893875,2.635401,2.312798,0.5,-0.40963897
2.2530406,1.1198381,1.0646346,0.4044405,-0.06157308
2.751325,2.237438,2.397904,0.49030325,0.16160002
1.5861182,2.306313,0.5966941,0.09546056,-0.66349185
2.638145,2.4644713,2.3860857,0.5,-0.12990993
4.318922,4.826975,4.0157156,0.5,-0.7024487
1.7891684,2.473331,1.4151024,0.21043214,-0.71060276
2.6429253,1.8752542,2.746732,0.5,0.6605642
2.8584983,3.815478,3.3288124,0.5,-0.6511614
2.9449837,3.0225954,1.6725134,0.4931896,-0.698226
2.0019326,2.4510508,1.7683132,0.31154174,-0.6147494
2.9257922,4.116925,2.687567,0.5,-0.73471737
1.2546632,1.9197178,1.0264682,0.0675587,-0.68977445
1.7840097,1.8653836,2.5201163,0.2021946,0.7313479
3.1246555,3.049162,2.8070502,0.5,-0.31247875
3.0077002,2.9772851,3.4263127,0.5,0.50453275
1.6343342,1.4760193,1.3689665,0.13933833,-0.12009799
2.307324,3.0859728,3.0579133,0.40283522,-0.07411527
2.2560706,2.7393072,1.9721696,0.40725318,-0.7285308
1.6235558,1.9268104,1.3634825,0.13938756,-0.6712761
3.0664446,3.1189218,3.1923826,0.49593192,0.1029711
0.66394585,1.2282149,1.6058393,0.016290475,0.70325184
2.3887033,0.4673406,2.804248,0.43977383,0.74308765
2.5514665,3.7765388,2.458984,0.48141745,-0.7330056
2.6544185,2.7580292,2.9025617,0.5,0.16784227
0.87245554,0.5896472,0.73661226,0.026968237,0.24307136
0.9340931,1.6810615,1.841505,0.013704061,0.25692293
0.7193695,1.4561063,1.3068658,0.0,-0.30372053
1.1714977,1.2973145,1.3793817,0.05144482,0.08074492
0.9484401,0.27201647,1.199286,0.026511526,0.6675461
1.957984,2.6787763,1.8852847,0.2626498,-0.6815774
1.8325468,2.1301467,2.044425,0.21972752,-0.07901664
2.560593,1.9400593,3.0881126,0.5,0.71215427
2.5681589,2.9200063,3.2372944,0.4898539,0.41296896
2.6697648,2.9327161,2.6756094,0.5,-0.3141172
2.046964,2.1592474,1.2382329,0.31517273,-0.70359653
2.7524729,2.7686372,3.223791,0.5,0.5067299
2.7750676,3.364035,2.6484942,0.5,-0.74376446
3.2842221,2.7885244,3.941918,0.48447233,0.6905352
2.688171,3.5361104,2.134824,0.48436373,-0.6469397
2.219347,2.4712715,2.62017,0.3455411,0.15455393
1.762249,1.57016,0.7180563,0.17495906,-0.65864414
1.7136958,1.7091581,1.6512846,0.16199088,-0.11052326
2.8053372,3.104516,3.766565,0.48120642,0.6519006
3.0776443,4.003801,2.89399,0.5,-0.71265304
0.9761515,1.5762386,0.70304817,0.03057854,-0.7109932
2.7103884,3.5573435,4.0389886,0.5,0.5728827
2.5148466,2.6649182,2.0326028,0.48179224,-0.68530554
1.3895358,1.5626837,1.1274508,0.065535784,-0.55359316
0.65981656,1.8571111,0.8609295,0.0,-0.7668885
1.2715282,1.3591156,1.3761334,0.06994797,0.013557044
3.223191,3.1078231,3.9654357,0.49371755,0.75119406
2.678643,2.6343212,3.4686503,0.5,0.6997687
2.2481112,2.6628714,2.2315242,0.39324704,-0.5492868
2.329884,1.9526576,0.93954134,0.4204336,-0.6802712
0.99454385,1.3037679,1.0766155,0.029391596,-0.3796147
0.9354221,1.2093402,1.217373,0.010694753,0.014482465
2.0525463,2.5343575,1.7093996,0.31570584,-0.68316543
2.1433227,1.5114437,1.7612818,0.352041,0.27825025
1.4637692,0.6586185,1.2807349,0.085191004,0.7115512
3.4792736,3.3890839,3.3822305,0.5,0.015300996
1.1997074,1.2504483,0.5843602,0.06583025,-0.71037006
3.9373305,3.612526,3.1440291,0.48890072,-0.54916906
2.8238387,2.3138537,2.8166077,0.5,0.6004946
0.9031905,1.240827,0.3905026,0.0329119,-0.6679774
0.8078286,0.8264621,1.0023233,0.009324559,0.29036656
2.4576766,3.0366356,2.041991,0.46879506,-0.71017754
2.6326637,2.131101,3.0218272,0.49638903,0.65693593
2.2083735,2.3543913,2.3216553,0.374887,-0.085497245
2.2838392,3.3000567,3.227024,0.4122802,-0.10732774
0.76899153,0.8105339,1.13345,0.0024294981,0.5965008
2.8624237,2.796152,2.966099,0.5,0.1809595
1.7786417,2.4348774,0.6360102,0.19094677,-0.6888884
2.7597854,3.6454678,0.7403425,0.4885233,-0.6719685
2.9509802,2.830337,2.8615837,0.5,0.029468428
0.5423941,0.4904761,0.635418,0.0,0.27672195
2.1742284,2.8279653,2.190266,0.3617805,-0.68305314
2.9106772,3.19316,2.8863072,0.49987215,-0.38067836
0.5691239,0.9049015,0.5159241,0.0,-0.6882503
2.598361,2.9079316,0.22220589,0.49495462,-0.69169044
3.5570533,3.810344,0.6092538,0.49814788,-0.73048156
1.0504054,1.7119621,1.5053458,0.030730197,-0.34303248
3.0868437,3.9859538,3.7229178,0.49287516,-0.31110245
2.9105248,2.6089537,2.8024032,0.48784286,0.27873063
1.7219387,0.78540605,1.2527378,0.18171477,0.5761851
2.9168558,3.1163864,3.4595602,0.5,0.42486516
3.1873796,2.792045,0.71865284,0.4958668,-0.7248593
1.8762544,1.62704,2.375067,0.23354267,0.68711823
2.1809378,2.2515092,2.1525385,0.36192378,-0.10631486
2.6390996,3.4133623,2.8972487,0.49199492,-0.5809748
3.3048103,2.8321285,3.4914963,0.5,0.6820478
2.265227,1.5235785,2.5067384,0.40138558,0.696933
2.6153219,2.6384685,2.3126345,0.49925396,-0.38242656
2.231655,2.1760626,2.8888748,0.38151574,0.69442374
2.6075206,3.3768747,2.3985784,0.5,-0.69932854
3.1749175,3.595039,3.8585837,0.4887452,0.3629076
2.6613765,3.2190666,3.1908653,0.5,-0.007307128
2.3492317,2.3929005,3.2725124,0.44671854,0.7208169
2.57081,2.1235554,3.1393151,0.48976982,0.67410797
2.1082826,2.9530022,1.1294847,0.34458998,-0.71449935
1.1180072,1.0213366,0.5397127,0.040401023,-0.71114993
3.2909403,3.8463995,3.5677555,0.4772326,-0.3372807
3.5910676,3.566461,4.591435,0.49769175,0.71631134
1.1380568,1.6565818,1.1456943,0.034906846,-0.6739331
2.9467373,3.3157594,0.64440817,0.5,-0.695762
3.127821,3.3540862,3.7336059,0.5,0.4213441
1.8618296,2.287074,2.9165788,0.21828538,0.65782976
2.2809885,2.3878264,2.1199358,0.40496555,-0.34043568
0.7308044,0.76699275,0.68146473,0.017212415,-0.17519394
3.7266028,4.1158795,4.7681246,0.48938364,0.6943771
3.6189263,4.271618,3.133831,0.49054626,-0.70093334
0.6807224,0.8738928,0.489235,0.012860225,-0.6887413
1.7578763,1.7575161,1.4132372,0.18804838,-0.40640602
3.055652,3.3710835,3.3306398,0.49473602,-0.048635513
2.898013,3.6056366,2.9595761,0.5,-0.70639706
3.3811598,3.407148,3.2429218,0.49762607,-0.1616509
1.990691,1.4235344,2.5709114,0.2905297,0.68287724
3.0589252,3.3111355,3.6195862,0.49506217,0.42047277
2.1677892,2.5163064,0.7263209,0.3576242,-0.65807635
2.9716845,3.2625349,3.1926372,0.5,-0.050431736
2.5897608,2.5431914,3.1953533,0.4901522,0.72798467
3.7477827,4.118541,3.3580368,0.5,-0.76406395
2.9011824,2.9816318,3.4575646,0.5,0.59522474
0.97422564,0.9598953,1.5726926,0.023990732,0.66472465
2.6790955,2.8255038,2.4797077,0.49360275,-0.39304098
0.9677998,1.2391473,1.4931564,0.022838471,0.42429206
1.8989788,2.3144915,2.254789,0.26323023,-0.046533104
3.730081,3.7479556,4.162166,0.5,0.41459855
3.6059625,3.8346343,4.201104,0.49213076,0.45937666
1.294022,1.6229967,1.5695891,0.06225197,-0.121107765
3.034912,3.4662724,3.8030026,0.49495032,0.45683947
3.839638,4.240944,3.4953568,0.5,-0.6600667
0.4759549,1.3455498,0.31052935,0.006540659,-0.67228496
2.3811295,2.906904,0.2,0.44365287,-0.6565506
2.507241,3.6868677,2.360577,0.48874703,-0.687548
1.5882951,2.2946723,1.8503163,0.11258805,-0.53885925
0.9143788,1.5489317,0.9103975,0.008937143,-0.6955365
3.3624618,2.979773,3.4348125,0.5,0.54908395
3.3544366,3.8943632,3.3998804,0.5,-0.6051547
2.9869645,3.6403456,3.3134553,0.4959541,-0.34932226
2.7843728,2.9391234,3.0091252,0.5,0.08114802
2.0401278,1.1929538,2.3922982,0.2969612,0.72390455
2.8294973,1.7853913,2.8018277,0.5,0.7204756
0.2522976,0.3718246,0.34316257,0.0,-0.05738151
2.9482713,2.8292031,3.470294,0.5,0.7024517
2.1269655,0.8907811,1.9342847,0.35571137,0.6942908
2.8902283,3.3209536,3.261875,0.5,-0.058777887
3.3757942,3.0724626,3.6347451,0.5,0.6625057
2.8520672,2.1609342,4.1920075,0.48041534,0.6691913
2.7722661,4.0565386,1.6690112,0.4898283,-0.68377185
3.1668055,3.5789921,3.0084224,0.5,-0.7201569
3.6658182,3.6815128,4.025515,0.49032167,0.3954944
2.5430486,2.0920055,1.9068842,0.4989218,-0.22496298
1.0761393,0.85279787,1.317712,0.021693615,0.69535
3.4945207,3.403244,2.9079223,0.5,-0.597017
3.0451825,2.925965,3.15737,0.5,0.28471315
1.4118184,1.3924128,1.637238,0.06989465,0.3225974
2.1932025,1.7413071,2.7126062,0.35415033,0.70227194
3.028657,2.8093154,3.4140375,0.49079475,0.72075707
2.3928077,1.6615032,2.0810394,0.4516769,0.5291636
3.4604433,2.7029197,3.6674798,0.5,0.66817933
3.7623146,3.178188,4.109925,0.5,0.65858865
2.2323742,2.1884751,1.9869621,0.39236915,-0.25191215
1.958306,2.018607,2.6950507,0.2898519,0.67472583
0.9318336,1.3493555,0.2,0.027517566,-0.692425
2.3634982,0.77301544,1.7279328,0.43937087,0.7293082
3.4819586,4.014216,3.6697938,0.49155065,-0.39332026
1.9632841,2.0213854,1.6257176,0.27248272,-0.48881748
3.0518606,3.5577192,2.2342951,0.5,-0.70933896
3.4397554,2.53648,3.2885466,0.48710442,0.6598806
3.0983572,3.5816803,3.1566617,0.5,-0.50913817
2.8478627,3.0277898,4.1266837,0.5,0.72871995
2.5418937,3.1757548,2.4202442,0.5,-0.7041112
3.6719737,2.592638,3.916511,0.5,0.6917821
2.4893155,3.089688,2.8092268,0.49815646,-0.33608884
3.175225,2.5582201,3.1998203,0.4837505,0.6627555
0.9723889,1.7679108,1.339148,0.028325126,-0.79220736
1.4883065,1.3179737,1.3493313,0.096116394,0.03083008
0.6806205,1.0065472,0.2762334,0.0,-0.7003194
0.8381151,0.9586721,0.7295748,0.0007366168,-0.38231185
2.4608326,3.220057,2.0905073,0.4788883,-0.6796409
2.2013786,2.4640481,2.6796963,0.37947488,0.2411572
0.6613374,1.6190974,0.77856636,0.011910467,-0.7680314
3.0350823,2.89817,2.98617,0.5,0.1406047
2.3799555,2.1374154,2.923793,0.4490954,0.7031917
2.3746157,0.6528564,2.278817,0.4550185,0.6917968
1.9390543,2.4850247,0.67911816,0.28081656,-0.68381935
1.3656901,1.894862,1.218462,0.07623938,-0.74510384
3.426206,2.9568474,3.9417884,0.5,0.6997934
0.8277626,0.5743971,1.5362728,0.010802951,0.7497272
2.2480712,2.5754943,1.7841115,0.3826432,-0.70514566
3.789156,4.57981,3.716192,0.5,-0.74196154
2.339391,2.1435213,2.948786,0.42298552,0.6487879
1.3066405,0.7893344,0.7902868,0.06194236,0.025227351
1.0623658,1.7687937,1.063612,0.053365726,-0.6556976
0.5743031,0.2,0.87966216,0.025979728,0.6688468
0.46230268,0.85394144,1.2929902,0.02727645,0.71755475
2.418993,1.5856715,2.3258915,0.48255485,0.6717693
2.2710114,2.3438778,0.5728025,0.41129595,-0.67432743
0.71603566,0.7165061,0.53779566,0.0,-0.33877936
1.9842432,1.7598715,3.3472376,0.2661457,0.67092764
2.061711,3.0062487,2.3886826,0.3209554,-0.68179363
3.179674,3.3727586,3.9617836,0.4955497,0.6595098
3.6870573,3.8230004,3.8007548,0.49650258,-0.04153165
3.6831658,3.7947967,3.4897633,0.49680784,-0.3667769
3.0103533,2.8934264,2.6766725,0.5,-0.2902231
2.2874022,3.4484236,2.2550106,0.40735325,-0.70257705
2.1792943,2.2111578,2.7533545,0.3777963,0.6910932
3.0886676,4.158128,2.6133285,0.5,-0.7312806
2.484573,2.2001817,2.9829452,0.5,0.68032396
2.8107667,3.0593169,2.4353514,0.49458128,-0.7444535
3.7715151,0.9073808,3.7947564,0.4989065,0.7282615
2.7079372,2.5542548,2.908623,0.4867466,0.46767846
3.9682386,4.0504966,4.3953066,0.49235076,0.44466853
1.9731852,2.9623764,1.9493284,0.27715266,-0.7053638
1.0652125,1.8751582,1.4769585,0.038573496,-0.6507386
2.7693758,3.0020964,2.7679656,0.48781458,-0.24609688
2.010796,1.52929,2.4184995,0.29856828,0.6692494
3.0879755,3.4660432,3.2377992,0.5,-0.28856206
3.5293088,3.459393,3.7554812,0.49315485,0.3472984
1.3126819,0.37009317,1.601266,0.061676197,0.76410747
0.6195859,1.1230133,0.76627326,0.0,-0.6926859
1.4583308,1.0418144,2.191208,0.07317022,0.7104308
1.22573,1.45402,1.707976,0.059686244,0.4200921
3.03606,3.460461,3.2584798,0.5,-0.21128187
2.446329,0.9322089,2.3550947,0.46887618,0.6652682
2.740807,2.2550547,4.111861,0.5,0.7243056
2.268013,3.318849,3.2493525,0.42372894,-0.08684103
2.4689703,2.8492227,0.7140154,0.46521428,-0.7066983
3.1994212,3.384544,3.7346587,0.5,0.3381863
3.4597,2.9271746,4.2909203,0.5,0.6837471
1.8633499,1.628292,2.2350237,0.22756091,0.72268605
2.2753005,0.42234358,2.4429665,0.41433203,0.6686159
1.6410486,1.828252,1.4881289,0.13605268,-0.40725267
3.7508683,4.0643735,0.6731685,0.49567157,-0.68946296
3.1714325,3.055791,2.815454,0.5,-0.2851422
1.394768,2.2923925,1.3935118,0.0677714,-0.6823108
2.5417802,2.5806758,2.4298298,0.5,-0.16278762
2.4181843,2.7084148,2.8234963,0.47857124,0.14827995
2.1314554,2.9087818,2.9993105,0.35966462,0.13443597
3.228871,3.157148,3.1629574,0.4966606,0.05252918
0.83025813,0.38410306,0.78563255,0.0036156373,0.68278724
2.7100272,2.7551315,3.5980234,0.5,0.6912959
2.2308655,0.49421102,2.1820836,0.3836334,0.6832736
2.2136278,2.4209704,1.0680256,0.36304298,-0.63994426
2.6802227,0.61590946,3.7371716,0.47705492,0.6868112
2.3030457,1.8478278,2.996449,0.4175877,0.7148556
2.5767334,1.9345887,3.1890335,0.49511117,0.6691876
2.9233015,3.4000762,3.332474,0.4922846,-0.097309366
0.97777367,1.4056705,0.6414392,0.019330695,-0.6708937
2.1511447,1.879671,1.445081,0.35907137,-0.5721231
2.5645492,2.2162704,2.6396623,0.4894332,0.4754075
0.9719687,1.0242046,1.0038221,0.0,-0.09800642
3.1265519,3.341084,3.2211914,0.49816036,-0.17950763
1.4351135,0.9809193,1.848441,0.053019356,0.7054057
2.848292,2.99473,3.757298,0.49458635,0.71585214
2.545674,1.9869488,2.6661808,0.5,0.65807843
0.9933106,0.9084124,0.625862,0.029380439,-0.46264192
2.9245553,2.4079316,3.799979,0.49641553,0.70166135
1.3911202,1.5909111,1.2679511,0.05887973,-0.4042616
1.7587061,0.5765284,2.0051026,0.19036764,0.7292125
0.96858996,1.8157587,1.1755985,0.03916059,-0.6894511
2.7752552,3.057803,0.3139291,0.5,-0.6926897
2.919766,2.4151382,2.8978326,0.5,0.6157165
4.088112,4.717287,4.0574603,0.5,-0.7304648
1.2017491,1.3360062,1.7988096,0.04504683,0.694414
2.5724964,3.1268501,2.5996447,0.5,-0.6035229
2.5191548,2.100138,2.5906272,0.48544386,0.60678726
1.3728875,1.8455799,1.7288493,0.06628264,-0.10429933
3.6491785,4.858422,3.5876117,0.5,-0.70203763
3.143669,3.6005301,2.863834,0.5,-0.68751484
1.6212906,1.5136184,3.0926437,0.14505868,0.72978866
3.5492482,4.271421,3.6407506,0.49794227,-0.6903255
3.5449011,3.3376577,3.7972345,0.4836551,0.57358104
2.754889,0.5985278,2.7789776,0.49512818,0.73882407
1.6094133,2.8949971,0.66325665,0.13893479,-0.7294102
2.472297,2.4125276,2.4637828,0.4999782,0.032982275
2.8815126,3.3382711,2.51123,0.48829016,-0.6680603
3.2006404,4.3839784,3.6726599,0.49354833,-0.6932889
1.5584173,2.244229,1.8980352,0.09614764,-0.4293433
2.137961,2.6854064,2.6496851,0.3358728,-0.06643618
3.27748,0.5663898,2.9219284,0.4917127,0.69672596
3.5472867,3.1994882,2.6219888,0.5,-0.70050913
2.8047755,3.5341196,1.9038569,0.5,-0.69338864
3.2466118,3.2827275,3.6651006,0.5,0.42037857
2.8676858,0.89829516,2.8230124,0.49331704,0.7206727
0.2,0.92319685,0.20391327,0.0005319074,-0.6712093
2.6827514,3.2554085,3.1245322,0.5,-0.15246941
1.1811053,0.92971575,1.7719653,0.059879836,0.7039526
1.9070213,2.4668102,1.9979446,0.24651903,-0.5913101
3.0532064,2.6792998,2.916426,0.49968642,0.27764326
1.0030913,0.4753939,1.0624719,0.02070569,0.72935885
0.62482613,0.96115565,1.4051839,0.0,0.738262
2.3123457,0.46849576,3.0666344,0.42110285,0.6890873
2.8286011,2.3850443,2.8797388,0.5,0.59583
2.0290802,1.7220838,2.245603,0.32375124,0.60869235
2.289871,2.4818482,4.726337,0.40970415,0.7104704
2.8735251,3.409998,4.0536113,0.48466137,0.6586043
3.037246,3.1129353,3.2359247,0.5,0.15781198
3.2247815,2.8047872,4.152645,0.49966967,0.7364384
1.8987722,1.5728316,2.2929785,0.25879338,0.6941533
1.6823417,1.0984652,2.6477377,0.16519219,0.69254595
2.0252676,2.5187771,1.8195543,0.3063736,-0.7082628
1.980127,1.7196693,2.4850988,0.2693299,0.71163535
0.81254405,1.170362,1.5197246,0.0038431264,0.61447424
3.440855,2.6678143,3.579007,0.49829748,0.6455729
0.5480257,1.3970742,0.50310236,0.0059517375,-0.7061746
3.605635,3.8647485,3.8923333,0.5,0.005519769
1.0317721,0.36869782,0.51288056,0.037833758,0.23192199
1.5901722,1.4596196,1.5721998,0.10837646,0.10662897
0.9248316,1.1459612,0.84576833,0.029947694,-0.4951577
0.8827495,0.57499737,1.5800482,0.024286421,0.6997904
2.5938528,2.851693,2.9915555,0.5,0.14591087
2.6101823,3.435699,3.1077886,0.5,-0.4198754
2.6162777,3.2893856,3.4200761,0.48500502,0.1961429
1.367862,0.6323751,1.005326,0.04978753,0.42544013
1.738265,2.6403196,2.7466583,0.1718183,0.16016433
2.7501495,3.0387535,3.3834019,0.5,0.3773106
0.5911447,0.704885,0.2763052,0.020542586,-0.7203782
1.40657,1.4604583,0.48518562,0.061463274,-0.67607933
1.82982,2.047813,2.2993405,0.21707053,0.31494278
0.8266154,1.1651112,1.1573448,0.010368922,-0.0014195027
1.8217325,1.5859555,1.5921457,0.2127155,-0.03237613
2.5937126,3.2676592,2.7916656,0.4962662,-0.63811797
1.8204632,2.6607897,2.2997322,0.22870275,-0.47719854
1.1195942,2.5488286,1.2889837,0.03416191,-0.7003454
1.3831723,0.7546874,0.8814838,0.063515455,0.19959095
2.391617,1.0134454,2.429012,0.45400292,0.6667082
3.1644332,2.954594,3.5469272,0.5,0.6908022
2.9095776,3.495323,3.0724645,0.49042115,-0.5245432
1.0591643,1.7741784,2.1725833,0.02764844,0.6593337
1.0252447,1.1994569,1.5744858,0.03350896,0.61401564
2.4863064,2.4990468,3.0269358,0.49601728,0.64416516
1.8722765,1.7144113,2.1145005,0.24680442,0.46877843
2.5100853,2.6329854,2.4994094,0.5,-0.15035267
2.5442085,2.920852,3.590392,0.5,0.6579241
2.317007,2.7377322,2.352105,0.4166146,-0.42755976
3.2147977,4.1606174,3.40605,0.5,-0.73200494
0.8964871,0.95300704,1.0030763,0.02221573,0.09907381
1.5467632,2.2102218,1.0403113,0.0846479,-0.6940413
2.2832382,1.9940534,2.6945412,0.40854597,0.7201256
2.7043207,2.237407,0.93590695,0.5,-0.71269065
0.686167,0.5569349,0.5895493,0.0,0.02753299
0.9366343,1.3916712,0.21061797,0.031410504,-0.6897522
1.8993095,1.9020929,1.6733137,0.2572555,-0.28127688
2.0109868,1.7318693,3.1299748,0.2989646,0.7158907
2.320415,2.2594764,2.7501712,0.4128734,0.56285733
2.28696,2.556134,3.0835922,0.41643187,0.60317475
3.2192514,3.5230923,3.2409036,0.5,-0.36208424
2.8106787,2.207079,3.1980195,0.5,0.6708769
1.1396725,0.6123772,0.5836553,0.050043534,-0.06885114
3.2491136,3.4929516,3.167474,0.49937335,-0.41149208
2.9175858,3.2920332,4.081716,0.5,0.6741622
1.7927341,1.623935,2.1692848,0.19689365,0.6237759
0.6269392,0.2,0.7195578,0.0,0.6601444
1.7806095,0.66494,1.0954574,0.19833687,0.52420485
0.9590647,0.2,1.2691126,0.018228332,0.7040477
3.122489,3.2056396,3.1485283,0.49418858,-0.032985006
1.5579549,2.0978765,2.2182298,0.084173776,0.14678814
2.9766073,3.069048,2.4198103,0.48953956,-0.72563607
0.85985917,0.2,1.48156,0.016066765,0.6440556
0.98501116,0.26939476,0.9950417,0.026716651,0.7139867
3.1656547,3.4048996,2.843297,0.5,-0.664538
3.4988997,3.7170966,3.6850145,0.5,0.0026487743
2.8969223,0.27105257,4.006919,0.48931292,0.72932106
2.84822,2.9185288,3.4451015,0.5,0.6364928
2.4040036,2.4947307,0.8272091,0.44977793,-0.66374993
3.1035068,3.8596904,3.002762,0.48076597,-0.7357347
1.8232881,1.576413,0.25882554,0.209234,-0.72248966
1.0004823,1.682723,1.3391633,0.026300095,-0.5855917
0.7618251,0.4548107,0.24327466,0.0,-0.44859144
1.4877791,1.2933639,2.025134,0.094381005,0.71812886
2.3335538,2.7254796,2.5901825,0.43696675,-0.15119314
3.2216606,4.1186204,3.3459733,0.49973777,-0.6847716
2.464422,2.7392743,3.2773387,0.48353064,0.7162324
3.0901146,2.7018237,3.0160582,0.5,0.37681264
2.0549748,2.7325025,2.0774097,0.3218719,-0.64653504
3.019601,2.7898545,3.1530817,0.5,0.4388567
1.1598932,1.6976334,1.6227278,0.05918846,-0.10100597
1.4853903,1.8678756,1.306409,0.06526018,-0.66390413
2.4836876,1.9476284,2.2161133,0.49655452,0.28271535
3.426502,0.7073562,3.5083213,0.5,0.73166955
1.92937,1.539853,1.942118,0.25926578,0.5234589
1.7209139,2.6124382,0.8757665,0.1759225,-0.727469
2.8622606,2.253642,2.0162878,0.49568972,-0.31444815
1.6164954,1.7732788,2.1789777,0.13775235,0.4542938
3.544891,3.2241035,0.3684437,0.4876207,-0.75593305
3.6107018,4.4043756,3.684545,0.5,-0.7233985
3.1863885,2.6964962,2.9398434,0.49547303,0.27701035
0.7899311,2.1977398,0.2,0.012372509,-0.7158053
3.615219,3.5849085,4.3756638,0.5,0.7232613
3.3922975,3.4011304,3.898134,0.5,0.5999806
2.2967453,2.8988106,2.5288236,0.4199745,-0.4163225
3.4527614,3.6616821,3.6656656,0.48752612,-0.0134142
2.0631678,1.8077476,1.8468475,0.31326574,0.089613415
2.5444837,2.3270195,2.4212224,0.5,0.044495776
0.89507294,0.97241825,0.8581812,0.030086566,-0.1628575
2.7096539,2.525473,2.6148775,0.5,0.09031792
2.4450033,2.9568744,2.526763,0.4742244,-0.5901786
2.403395,2.6375225,3.1775663,0.46613142,0.6697816
0.89943993,1.3418579,1.3489038,0.0005631311,0.051326826
2.293876,2.248657,2.5900714,0.4238814,0.42228633
2.6216018,3.1094859,2.3313613,0.5,-0.74227065
0.8606901,0.73356146,1.2529607,0.021293202,0.7019045
2.01726,1.6963034,0.93585193,0.29500073,-0.7024201
3.1409001,3.0290983,2.960035,0.5,-0.104635194
2.686167,3.5908384,2.2873354,0.5,-0.7343076
2.8204412,2.7637963,2.8301423,0.49600673,0.097911
0.7901462,0.48678952,0.8431746,0.0,0.60986865
2.1653852,2.53448,2.1579113,0.35970402,-0.41947266
2.8531647,0.6571709,3.020997,0.5,0.70189553
2.8892071,0.32454517,3.1961408,0.5,0.6978227
2.106657,1.7445806,0.7582239,0.3422944,-0.7231359
1.8013852,2.37842,1.6309559,0.20926592,-0.6594444
0.614423,0.2,0.35255924,0.0,0.29107794
3.1388958,3.6614518,3.1757214,0.4957293,-0.5926231
0.97926426,0.9711109,1.3416066,0.011625259,0.58492696
1.0590338,0.24893612,1.2876822,0.0419809,0.72206694
2.8046947,3.367799,3.9549065,0.49280593,0.72268736
2.4460742,3.0219133,3.0827858,0.47263178,0.07956415
0.70096046,1.1669337,1.4940385,0.0,0.65285087
1.854993,1.8110306,2.249548,0.21988772,0.5540767
2.1755793,2.2307992,2.4097698,0.36279947,0.21236582
2.5488963,2.5482461,1.5205156,0.4921049,-0.6770363
2.4511166,2.3000662,2.6185615,0.47976685,0.29608068
2.7157595,3.0042176,2.6750674,0.49751887,-0.38679713
1.768629,1.8477453,1.7738419,0.18320832,-0.06907264
1.918146,1.9087952,2.585597,0.25294396,0.7018405
3.0301242,2.9657598,0.4273874,0.48474038,-0.66477454
2.122559,2.3601665,2.8512423,0.32986346,0.58811337
0.79462934,1.6016784,0.78857213,0.011382027,-0.7264498
0.70565486,0.5796767,0.961959,0.0,0.70508665
1.2286589,0.8309505,1.7537532,0.04214374,0.7384758
3.2531946,3.459988,2.5226984,0.4987375,-0.71932065
1.8505845,0.59506786,2.177558,0.231307,0.73889756
0.6964127,1.2320187,0.22741193,0.0107949795,-0.71216166
2.187832,2.5922441,2.5292006,0.36983112,-0.07741504
2.7042198,2.9830544,2.2824159,0.5,-0.67761004
2.2644286,3.8290138,0.6774751,0.40079373,-0.6863636
2.5744867,2.187359,0.4802346,0.48788688,-0.69108367
3.2959895,4.2749486,0.80227244,0.49096322,-0.7118956
2.1334252,2.6403513,2.4177277,0.34393084,-0.23620522
2.14688,3.5463493,2.7251754,0.35322604,-0.66015875
0.76656383,0.24191946,2.1126132,0.016028093,0.7245649
3.4759479,4.492881,3.3195314,0.5,-0.69940776
2.5658581,3.5901175,2.7705457,0.5,-0.6832231
3.346533,3.4428961,3.4188511,0.48662993,-0.02408345
2.5032008,2.2853847,2.1524024,0.49198386,-0.18489717
3.3337371,4.580163,2.4702547,0.5,-0.68717897
0.7892481,0.56693995,0.48834735,0.009082617,-0.118277274
2.8871942,3.7001293,2.8024979,0.48157528,-0.6631932
1.826076,2.6522098,1.7202185,0.21986458,-0.73954225
0.82434964,0.89622086,0.2486575,0.003943564,-0.6715886
3.2101116,3.3829763,3.322717,0.5,-0.12451024
3.229822,4.317776,3.3018332,0.49971384,-0.75295705
4.074444,4.12802,3.7163374,0.4950734,-0.5472308
1.7661865,1.5750875,2.22897,0.18554413,0.7351851
2.9031985,1.7269403,2.2158155,0.5,0.61177105
2.0587485,2.7775748,2.2861104,0.31588888,-0.5399485
2.2162955,2.1405222,2.2330325,0.37796158,0.13844202
2.311719,2.8952727,2.5033233,0.41568598,-0.483319
2.839306,2.9233165,3.2066357,0.5,0.32663843
0.68750125,1.6606492,1.080129,0.0,-0.69777286
0.76111585,1.6492336,0.21090001,0.004374863,-0.67988944
3.1211991,2.7981493,3.1058948,0.49756864,0.30825034
0.9291705,0.55732757,1.3471041,0.019473191,0.7250849
0.91086435,1.4104679,1.3434501,0.0057695564,-0.15018025
2.8916018,3.7645211,2.608737,0.5,-0.7603935
2.5033207,2.7837992,2.0942671,0.49569163,-0.6914808
2.2736697,2.5741248,2.6636634,0.3969819,0.14447455
2.9081423,3.2890604,3.3054883,0.5,0.008948819
1.9783963,1.7062036,1.6231891,0.2830396,-0.08118639
2.7115903,2.642703,2.167032,0.5,-0.573115
0.81380653,1.0346557,0.8085332,0.0034368797,-0.4174715
2.5888102,3.27487,2.3386424,0.5,-0.73716867
1.9376249,3.0434768,2.1658998,0.26742795,-0.6902786
0.9011548,0.5651134,1.6727395,0.0212464,0.7002899
0.8377891,1.3643129,0.4011165,0.018487923,-0.7280567
0.9298559,1.2326388,1.0776582,0.02964441,-0.28307536
2.5310545,2.448857,2.2868638,0.5,-0.18672703
1.1292224,0.8468709,1.7423402,0.059891503,0.6647168
1.5209273,1.8005749,2.0598607,0.09991455,0.29318237
3.0631042,2.9844565,2.827475,0.4915514,-0.11349025
2.693971,3.0873632,3.2961195,0.5,0.22884731
0.42079,0.22672626,0.9841285,0.0,0.6621306
3.1520827,2.8016915,3.2408946,0.4995444,0.5837758
2.2398775,0.33600342,2.724745,0.39131966,0.6802319
2.3144052,2.5888522,1.606928,0.403241,-0.7144605
2.1226997,2.4145782,0.7537653,0.3413917,-0.73145294
3.7304971,3.6816952,3.8527706,0.4836336,0.18363845
2.7508192,3.3244045,3.5336177,0.5,0.2664109
2.7294338,2.837955,2.5610926,0.5,-0.28848055
0.90448564,1.5233696,0.2569275,0.034465782,-0.67539394
1.4545339,1.4165752,1.8768557,0.07921704,0.5983098
2.21272,1.8828903,2.0110312,0.39251828,0.17424035
1.1844356,1.0288028,0.9979159,0.04521262,-0.028341854
2.6365461,3.0081556,0.57746476,0.499488,-0.69037396
3.916452,3.6377988,4.479088,0.5,0.7323802
2.254325,3.3657455,2.6125038,0.40429726,-0.72990596
3.1406608,2.7154453,3.7826476,0.5,0.7033163
3.0794954,3.1994922,3.0955317,0.4961069,-0.1264154
2.6896417,3.527653,0.93927914,0.48741588,-0.7313643
2.7814126,3.118454,3.3564198,0.49596015,0.24866387
2.4741945,2.477225,2.0299609,0.48979422,-0.5362279
1.4711769,2.1874237,1.8715248,0.07225149,-0.38892597
0.7612285,0.49251506,0.8935788,0.0012502129,0.63005435
0.81658626,0.44021788,0.5155481,0.0,0.17037547
2.9444447,2.3290267,3.3724768,0.4957394,0.686604
2.648332,3.2381003,2.9912121,0.5,-0.26127955
3.1624439,3.6395953,0.49650773,0.49610627,-0.7417222
2.0626066,2.545422,1.5695843,0.32194978,-0.6584847
3.4387305,3.76444,2.5358784,0.5,-0.732166
0.8703244,1.1302543,0.86969316,0.0053779734,-0.4463336
2.5173287,0.56989497,2.5461988,0.4984909,0.72112495
3.006076,3.3269002,3.305355,0.5,-0.05726244
2.2615988,2.6150942,1.0567216,0.40821806,-0.652796
0.77566874,0.54762435,1.2309368,0.01619995,0.707264
2.3855894,1.4922293,2.8978324,0.46264556,0.69699436
2.708448,3.853856,3.2022705,0.49814257,-0.65309066
0.7154188,0.6148434,1.3161058,0.0,0.7216694
2.293372,2.3491106,1.7747631,0.4204544,-0.74227625
3.9668083,4.673221,0.88474715,0.5,-0.6993867
2.0756183,2.4600735,2.1436505,0.31192043,-0.3668888
1.2321271,0.71143454,1.2765952,0.045986004,0.67342395
2.1537173,1.7404228,1.7821752,0.33265334,0.05863203
2.6985116,3.2757745,2.9017832,0.4989779,-0.42010763
2.371944,2.8705723,2.7357163,0.44182038,-0.21224916
3.1942058,3.1766636,3.488638,0.5,0.38058954
1.0922903,1.2893182,1.353986,0.027350357,0.12855192
2.3981702,2.6211874,2.7580943,0.462453,0.20632315
1.150062,1.4721105,0.5495214,0.048612062,-0.7322879
0.811672,1.2120837,1.271238,0.012929367,0.13056773
2.514514,2.6046004,2.9529407,0.5,0.41089907
1.7090294,2.1778405,1.4558225,0.16280805,-0.69040644
2.3960068,2.8177185,0.9047706,0.4745948,-0.7396556
3.520179,4.1434464,0.6763378,0.5,-0.7036554
2.8001463,3.3701558,3.334662,0.4840013,-0.0843146
2.641264,3.1876652,0.5806675,0.5,-0.69278246
1.9752058,1.8855852,2.2644289,0.29303148,0.5071526
2.719844,2.892644,2.63566,0.5,-0.24190083
2.4506462,2.2302425,3.1542356,0.47101057,0.6678702
1.2768875,1.5219786,1.5782832,0.0617562,0.07644931
3.049868,2.8147523,3.5520108,0.5,0.72219276
3.1572125,3.5643563,4.048304,0.5,0.5424281
2.6700032,3.4344838,2.0516207,0.48732042,-0.7362848
2.916615,3.0785189,3.3076158,0.5,0.21879074
2.3203585,0.832447,2.0591671,0.42517212,0.7041568
3.2836099,3.707188,3.3341956,0.48200452,-0.4631682
2.1092007,0.44176722,1.8399259,0.34299448,0.6730109
2.5067773,2.3051941,3.278944,0.5,0.69057745
3.3105884,3.5847533,3.759522,0.48416904,0.18060054
1.127215,1.4184132,1.2894053,0.033458475,-0.18957248
1.2358294,1.3553569,0.72046185,0.048045654,-0.70736223
2.3792214,2.7690165,2.2738092,0.4530659,-0.5534754
3.4218724,2.8190408,3.3626459,0.48513302,0.6566044
1.2219845,1.6264538,1.6247807,0.058959402,-0.041126575
2.607252,3.763912,2.650376,0.5,-0.75681335
2.2026367,2.6659153,0.5770228,0.3748165,-0.6723174
2.5214293,2.6747253,1.463013,0.5,-0.6488008
0.8748132,0.51654035,1.5699321,0.0074124536,0.76536494
3.1626823,3.237525,2.7545748,0.5,-0.5435527
2.6307113,2.9772341,2.4002836,0.5,-0.7130733
3.1778789,3.4225485,3.6563118,0.49764785,0.25416
3.4098604,2.942208,4.0295076,0.48700547,0.74715704
2.602786,2.9104304,2.8055286,0.5,-0.12946956
0.9669103,0.74689347,1.3398708,0.019355508,0.706436
2.8518174,2.7452345,3.4582155,0.49129105,0.70043933
2.8910663,3.5956326,1.8118206,0.5,-0.7043101
1.8911136,1.9724232,2.4689143,0.24395885,0.5874007
1.4012445,1.2242078,0.47564894,0.06617419,-0.6943473
2.4712017,2.1438775,2.4653285,0.484115,0.40763748
2.389354,0.37246582,2.705264,0.45018616,0.72882617
2.211853,2.155528,1.8703481,0.36809984,-0.30660498
2.2437942,2.835678,2.3057957,0.40379778,-0.64681613
0.52992785,0.653422,0.21414915,0.0012236962,-0.7113578
0.7068609,1.510446,0.21907642,0.0,-0.7120952
0.947146,0.55656236,0.7201262,0.039716564,0.33897483
0.96329784,1.7612516,0.6542502,0.042278312,-0.70387226
1.9294055,2.0404215,2.0670981,0.26535654,0.012747272
2.704845,2.81681,3.7596352,0.49516505,0.68358517
1.9042537,2.0470877,2.4344368,0.2597488,0.47698647
2.9269824,4.292713,3.5727756,0.5,-0.7493705
2.4481883,2.41493,2.8702183,0.4774025,0.5134573
3.0889053,4.335622,2.571972,0.5,-0.68297523
3.452583,4.0852766,0.48554602,0.48727292,-0.6901328
1.5771656,1.1568233,1.8638737,0.11426428,0.6907113
2.3179398,2.028744,2.7484255,0.43063214,0.71267164
1.0158309,1.2487546,1.5938809,0.019341793,0.5833518
3.918298,4.181266,4.3160725,0.4929303,0.16976087
2.3786557,0.5286089,2.6943674,0.44317618,0.6795659
0.9448846,0.8526259,0.6964101,0.025958287,-0.29146847
0.985896,1.9398721,0.6980379,0.011298253,-0.7105549
2.210099,2.4187942,1.8335174,0.39750358,-0.70649225
1.2753217,1.6899933,0.20137568,0.054020893,-0.7209475
1.9022989,2.1414437,1.8302853,0.2532404,-0.35214216
2.703065,2.9767134,3.1054177,0.496715,0.16952482
2.6089609,3.9196072,3.3413746,0.5,-0.6941297
2.030751,2.6015854,1.9439031,0.29340523,-0.6976294
2.3010182,3.8420846,2.425241,0.43104354,-0.6937611
2.6213055,0.5104378,2.535946,0.5,0.6514992
3.3626807,3.247895,0.6128136,0.5,-0.68453246
2.8239553,3.5966716,2.2809248,0.5,-0.6948449
2.2301152,2.438017,2.1581924,0.40289602,-0.27798617
2.489363,3.398434,2.2197154,0.5,-0.76384735
3.0521188,2.9292047,0.6306192,0.5,-0.6612023
3.6226892,2.9946573,2.8904536,0.49020287,-0.0926436
0.78026855,0.96979326,1.1726412,0.0021724482,0.39544684
1.024808,1.9772666,1.6958404,0.025923178,-0.49871778
2.3141425,0.24231854,1.8961744,0.41363582,0.69219124
1.6541512,2.0941951,1.4484946,0.14511293,-0.7131292
1.5110649,1.3767953,1.2666086,0.09075162,-0.10478302
1.038579,1.7111137,2.0223763,0.054344185,0.494827
3.454812,3.5064123,4.334318,0.5,0.74185926
2.234065,2.598139,2.8358276,0.3886528,0.28785405
2.503931,2.5103886,2.8883069,0.49699765,0.45971578
1.5391113,1.3675541,0.55292434,0.10669788,-0.74375874
3.0365658,2.2856975,3.5379252,0.5,0.74432045
2.5614946,2.0660553,3.548296,0.49881786,0.6978894
1.6821402,1.699254,1.9044695,0.17171066,0.2526261
2.7037725,3.128169,1.6748056,0.4757117,-0.7408678
1.7634716,2.8811667,1.7947104,0.20350203,-0.6840855
2.9534476,2.9001598,3.4020813,0.4944473,0.6474442
1.1211402,1.0458156,1.2267797,0.03188625,0.22987871
2.8268373,2.3414023,3.6014843,0.48839617,0.7163481
1.0370822,1.6210246,0.76137376,0.035647195,-0.69384986
1.1650885,1.6362141,1.8539134,0.05035038,0.32756564
0.35239157,0.78007656,0.2,0.015090926,-0.7448988
0.6844137,1.1070279,0.38795403,0.0,-0.68746483
1.0124428,1.0482557,0.7973848,0.028416077,-0.40523753
1.2454165,2.0614033,0.7503282,0.057582296,-0.69626105
2.8535795,2.7228832,2.9876173,0.49149406,0.3020209
2.8658352,2.875488,2.482837,0.48335633,-0.48421156
3.655391,3.2887907,4.2040944,0.5,0.7357508
2.847137,2.9917169,2.872657,0.5,-0.11303893
0.9633619,0.8324401,1.2586378,0.039101712,0.72961974
2.839733,2.7774832,3.008355,0.5,0.21031858
2.3554828,1.9352478,2.8133261,0.43659014,0.6662718
0.91628736,0.58965176,0.7511527,0.027897002,0.31737435
3.308989,2.7144732,4.1163893,0.5,0.6839303
2.9489923,3.313686,4.132328,0.48816538,0.70034873
1.4687551,0.6808945,1.1348944,0.07255854,0.55199486
0.6383192,1.6903539,1.5918664,0.0,-0.1691784
1.072291,1.739379,0.9765473,0.025285957,-0.673298
1.6767594,1.876903,1.6587865,0.14829911,-0.2539656
2.162738,0.2825855,2.7912195,0.3675811,0.67251444
4.220365,4.8075705,3.8332431,0.5,-0.69012403
2.4432764,2.3220599,2.9030852,0.47847947,0.62389797
3.262657,3.3239872,3.7385507,0.5,0.50056857
1.1145216,0.28863972,1.3193876,0.03624988,0.69288856
2.0583513,2.7943842,0.7305564,0.32642597,-0.7436454
2.728638,2.5766444,2.707774,0.49824595,0.14338623
3.84195,5.1956973,4.3504806,0.5,-0.7505298
2.8511264,2.391095,2.8295107,0.49539158,0.5171617
4.006274,3.1067226,4.762334,0.5,0.6365232
2.2346258,3.2346637,3.0578136,0.39844042,-0.22054808
3.60542,4.2203274,0.60902107,0.5,-0.7243173
1.175853,1.5394855,0.7636799,0.028395304,-0.7333979
2.4298832,3.002915,2.5782516,0.47587657,-0.5073909
2.9480362,2.8462093,0.5042589,0.5,-0.7499228
0.9629164,0.21924499,0.80299294,0.027843082,0.73609287
2.5263186,2.4850783,2.3435183,0.48482534,-0.114487916
2.8910067,2.747883,4.0312004,0.49883792,0.69748384
1.5026411,1.2574402,2.292932,0.07741258,0.65440196
2.099907,1.9853318,1.8960433,0.35255864,-0.13208348
2.9529438,2.952734,2.2640498,0.5,-0.74569744
3.2008154,3.1841383,3.038684,0.4959979,-0.14351514
2.8347144,3.1790578,2.337083,0.5,-0.7694192
2.7757483,3.2635264,3.2986789,0.5,0.03465572
2.8824346,0.90599334,3.089,0.5,0.7168674
3.1792684,2.129935,3.0947754,0.4886313,0.64019334
1.7527195,1.4166274,1.9128469,0.17749299,0.6141229
0.99276763,0.69179934,0.6172049,0.033992674,-0.16003405
2.5549722,3.3799393,2.657257,0.49342418,-0.67847
2.709961,2.5276873,3.779469,0.5,0.6902337
1.3345348,0.5468147,1.2215315,0.06858676,0.7555845
1.8038404,2.4106839,2.0753973,0.19457531,-0.3819483
2.5920615,2.8104272,2.401747,0.5,-0.5235299
3.173894,4.6133733,3.0420372,0.5,-0.6740724
2.3143446,1.8238996,2.9703577,0.43225774,0.6722779
2.197865,2.308874,1.7525247,0.3745157,-0.67802465
0.8566672,0.48806635,0.9419169,0.012234431,0.69946384
2.4126525,2.0913224,2.1288333,0.46587107,0.04396423
3.093999,2.901319,4.0044966,0.5,0.7058362
2.507457,2.0842254,2.332697,0.49782342,0.3181819
1.9173081,2.2394798,1.4751253,0.26942214,-0.7238468
3.447412,3.648694,3.5826287,0.49027604,-0.095162444
3.332775,3.5468812,3.473879,0.48183125,-0.066984266
2.0092378,2.8708808,2.795655,0.30075997,-0.10749211
2.8224,3.2789836,2.7779634,0.4889203,-0.6497206
2.4555268,3.0478275,2.8346403,0.4874412,-0.20557505
3.021821,3.2261953,2.644687,0.5,-0.69892037
2.0794141,2.4690979,2.8107595,0.3306597,0.41123566
0.7108926,1.4053009,1.3603384,0.013051993,-0.14387845
3.3298998,2.911002,3.8493896,0.5,0.6845897
2.073615,1.9031396,2.6770406,0.31085762,0.7131966
2.557817,2.8570733,2.9586291,0.5,0.10760672
3.312859,3.5741792,3.5733798,0.47865754,0.039549567
1.9684857,1.457342,1.6449434,0.26840466,0.19792658
2.1470838,2.8038435,2.0647051,0.35511786,-0.62230873
2.99874,3.9414413,3.6204138,0.5,-0.33563304
2.5277147,3.4348261,3.0937023,0.48872367,-0.46677762
1.2265625,1.1012905,1.8485923,0.056187324,0.717091
0.80399173,1.4325619,0.787659,0.00013143214,-0.69628835
3.6762679,3.696674,4.7163973,0.5,0.7158737
1.0831103,1.4095316,1.260352,0.034909032,-0.20823592
0.51315135,1.2556671,0.9343278,0.0,-0.61232215
2.019798,2.903682,3.6435907,0.298167,0.7210817
2.2939465,2.3096507,2.2597964,0.43345103,-0.035434484
3.72582,3.6546733,4.2381325,0.5,0.7225577
3.1096716,4.0404925,2.5477064,0.5,-0.75798106
3.4728684,3.599618,0.6847354,0.5,-0.7487026
3.2658188,1.8789848,3.6891935,0.4976875,0.7003216
0.61935914,1.037641,0.5023134,0.004657924,-0.7104611
2.0394957,0.6901012,2.2954547,0.3211047,0.7186275
0.89741987,0.99116445,1.2199882,0.017921133,0.32926977
2.2801392,2.7651007,2.5072045,0.4029987,-0.3534637
2.2207577,1.5195804,1.2746738,0.37766182,-0.3266577
2.3043547,0.51723516,3.5984466,0.41637474,0.69619775
3.0128384,2.3974025,2.6344042,0.5,0.2521526
2.7142184,2.452261,2.497658,0.5,-0.0031569328
3.32141,3.7177117,2.6890929,0.5,-0.76933926
2.7319415,2.3081162,2.4717903,0.49792078,0.157021
2.1945405,1.8432592,2.3793156,0.35667044,0.6580318
2.708198,3.0893817,3.3505251,0.5,0.3018987
1.6680174,2.1036308,1.5204988,0.15578346,-0.724881
1.2360677,1.3117582,1.4659445,0.06804974,0.19709684
2.9614599,3.4837594,3.3336918,0.5,-0.16146773
0.83419895,2.9557803,0.44456923,0.006979287,-0.74672765
2.6710565,1.0695057,1.9329809,0.5,0.712575
1.0777922,0.2,0.73457456,0.039994337,0.665925
1.7453984,2.5976896,2.650448,0.168662,0.084677465
3.3758245,0.560913,3.0769153,0.4871827,0.7264312
1.2670238,1.6651554,1.0658265,0.054432396,-0.6440017
0.85934746,1.3795713,1.160094,0.013137117,-0.38398468
2.5511606,2.7489445,3.0094025,0.4907768,0.35407522
2.3059373,2.6660814,1.9276098,0.4367148,-0.7022569
1.9214597,2.994839,2.4457207,0.25087282,-0.6581806
2.7725124,2.619672,3.157018,0.5,0.6453096
0.82327455,1.7064277,0.80194914,0.012099598,-0.6873926
2.3194852,1.8704367,1.5748191,0.42571148,-0.35838267
3.6404452,4.0082197,4.1469584,0.5,0.19574308
2.5268233,3.0017323,2.9218957,0.49651557,-0.09288182
1.149667,1.3426726,1.3935606,0.033297583,0.06888306
2.2753472,2.9216821,1.7772208,0.38085803,-0.70903254
1.9843376,2.1938941,3.3173234,0.281899,0.7247413
0.5222581,0.8673629,0.2,0.0,-0.70164585
1.7368566,1.5891917,1.6585443,0.1881589,0.027412016
2.857191,2.5944548,3.4728508,0.49315476,0.7033685
2.4873142,2.1349642,2.6170127,0.48319617,0.5396081
2.3424373,2.2116187,2.5743742,0.44129226,0.39031887
2.715362,0.79016906,2.2236326,0.48990014,0.6971666
2.5071492,3.6820188,2.0631368,0.498078,-0.6808632
1.0271634,1.083983,0.58157057,0.044793777,-0.7534261
0.8063548,1.0303121,0.7804018,0.0,-0.46361375
0.98358995,0.5776643,2.119143,0.03236252,0.677344
0.57719624,1.8057129,0.2,0.001144791,-0.6918463
2.7933426,2.7996376,2.6685498,0.49617225,-0.17184663
3.273918,3.1322858,3.5505996,0.5,0.4958788
2.2183604,2.2125459,2.260432,0.37455854,0.06645674
0.7896434,0.87819237,0.5580512,0.0,-0.52191085
4.056779,4.123785,4.2613187,0.49630284,0.18258621
2.544158,2.065334,3.7517111,0.5,0.68152255
2.5463667,3.2565079,2.4228694,0.4861418,-0.7008269
1.8225349,1.4908006,1.1754738,0.22217904,-0.4086175
2.1748893,2.7946115,2.6434646,0.37123913,-0.13814965
2.502122,2.0254517,2.5166023,0.49416283,0.62854487
2.8824706,3.1727958,2.5475354,0.5,-0.68397474
2.9752417,0.59589136,3.5278158,0.5,0.6695933
0.6197071,0.45673093,0.976791,0.006610544,0.7178763
3.0794256,3.5435433,2.9127946,0.5,-0.6876138
2.0092766,2.794141,0.94728637,0.29143062,-0.71120685
2.9131663,4.025841,3.566961,0.49741897,-0.57730055
2.6150796,2.9192386,2.4618301,0.48074436,-0.54409295
0.5710757,0.74242043,0.91350716,0.0,0.3258946
2.3665338,2.0974412,2.476591,0.43955562,0.4750229
0.6322222,0.23546156,1.0293177,0.0,0.7402638
1.8792336,2.3688426,0.57208675,0.24585082,-0.76295435
2.7881708,2.8705485,3.671475,0.49069008,0.6914619
0.72382367,0.9826297,1.3189559,0.0,0.6444454
2.4551528,2.48895,1.7362012,0.4864575,-0.71591604
0.7371268,0.5912248,0.76723015,0.0,0.3309602
2.15478,2.687715,2.445673,0.35954297,-0.26289457
2.9242392,3.9399047,2.8518877,0.5,-0.7147236
2.6416237,2.2020733,3.4061518,0.5,0.7050326
2.3694735,1.6141286,2.7773614,0.44316408,0.69905823
0.6998603,0.8233041,0.2,0.026049621,-0.63864887
2.927939,2.809433,3.0077705,0.482703,0.29861075
1.6641661,2.4175403,0.54180217,0.15295163,-0.73428994
2.6073258,3.0788386,0.5994595,0.5,-0.66160995
1.9933149,3.155306,2.5841672,0.2928158,-0.7093861
2.657735,3.4360478,3.1800096,0.5,-0.3396925
0.47617447,0.7936804,0.7652918,0.0,-0.026162744
2.718832,3.0218048,3.2507613,0.5,0.30880472
3.078333,0.85110456,3.8797889,0.49835575,0.69551927
2.4998205,2.2654696,3.148413,0.48773402,0.7150218
1.883328,2.375564,2.4805367,0.26482755,0.1158986
3.8077333,4.660906,3.9535112,0.5,-0.70492417
3.2800224,3.1747427,3.247267,0.5,0.110872746
2.278092,2.3631034,3.4806066,0.40213808,0.72400945
1.0255351,1.5124681,1.3709937,0.03714264,-0.2957142
1.441323,2.3571565,1.2032821,0.07516176,-0.6684753
2.873687,2.708837,3.0909064,0.5,0.41751114
0.9706303,1.3466291,0.6154439,0.03513832,-0.67742354
0.53080595,0.6984064,1.1660758,0.008398552,0.70986164
0.85992455,0.88551205,0.8471095,0.01746908,-0.071081586
2.5895998,1.8223785,2.0041654,0.48935968,0.2595556
1.0363249,0.86281294,1.5318699,0.03953502,0.7363698
0.7001632,0.30180272,0.66810286,0.012797775,0.69766337
0.85791457,1.0121499,0.2,0.01855058,-0.7409936
2.6236277,2.5998518,3.314846,0.5,0.72021997
0.8599252,0.4779353,0.40421483,0.009003469,-0.1640502
2.722716,2.7951863,0.5950885,0.48233253,-0.6862996
2.5004907,3.5872095,2.7738488,0.48970214,-0.7128417
1.8267708,1.6428088,2.0545864,0.22438842,0.4821894
3.4092793,3.4240692,3.3108206,0.5,-0.13262397
1.1736609,1.2495942,1.5430365,0.045937806,0.43846273
3.1658123,3.0981057,0.8527372,0.5,-0.71239585
3.1319387,2.5739534,2.8989785,0.48535654,0.40627834
3.6955051,4.783559,3.8860168,0.5,-0.65991205
1.99887,1.2664638,2.280991,0.29406253,0.6708541
1.9678044,1.3083932,2.8165202,0.27204344,0.6832308
0.25467435,0.8270726,0.5919836,0.0,-0.46389598
0.9696067,0.2,0.2791153,0.013763308,0.11848626
2.463581,3.0229752,3.8347878,0.4999439,0.7614833
1.9660156,2.6601508,2.2852817,0.28000748,-0.4646722
2.602372,2.4055905,2.896698,0.49064457,0.6349572
0.34970582,0.25181636,0.49164405,0.007761131,0.4346778
3.0378885,3.331667,3.4335654,0.5,0.0852712
1.0930877,0.89766014,1.4759014,0.037638564,0.702236
0.96603537,0.8256543,1.5027667,0.026273785,0.7023957
2.8182073,3.0014272,2.9176037,0.4987207,-0.09729519
3.5665183,3.4705858,0.29147512,0.5,-0.6847349
2.5991483,3.0860205,2.575637,0.5,-0.5962846
3.215523,3.2913256,3.2663085,0.4918625,-0.03572647
2.2994003,0.5075296,2.1784413,0.42113203,0.73076063
2.93559,2.9568088,0.5989935,0.4915849,-0.6906366
2.19646,2.670321,2.1368122,0.36688042,-0.57847
2.3844397,3.0814183,0.6345928,0.45530954,-0.7591029
2.4312377,1.7068014,2.81211,0.48133516,0.70607215
2.8938031,3.2091358,2.3669553,0.5,-0.6565174
2.1086283,2.0169837,1.3754094,0.33086762,-0.6747927
1.6907593,1.7047892,1.0308839,0.18282156,-0.67428136
1.4362442,1.7219954,1.7129731,0.06948195,0.02900311
2.8634436,3.137124,2.3934276,0.4858119,-0.70204234
2.6696298,2.7474675,0.5627735,0.5,-0.7066747
0.95748585,1.4422963,1.4689296,0.017970728,0.063758686
0.8653744,1.0898342,1.2042288,0.012992399,0.1848645
2.7592936,2.5880256,2.819983,0.5,0.24748601
0.8798672,1.6072782,1.8550214,0.022064473,0.46459362
2.4377985,0.9754689,2.297983,0.47470993,0.7351769
0.7757739,0.95292133,1.0786763,0.03415655,0.2388932
3.9802332,0.42593238,3.9214125,0.48379675,0.71020716
3.0930097,2.8762233,0.42866564,0.49427524,-0.68073285
2.885343,3.9760745,3.5441966,0.49845126,-0.47309777
0.85396785,0.9845675,1.296907,0.005822347,0.5183301
1.1888467,1.4649949,0.5170809,0.049698137,-0.70536613
2.8239973,3.203238,2.4727385,0.49085975,-0.71729267
3.107713,2.006136,3.7864313,0.5,0.7576303
2.7043307,2.3859315,2.1423223,0.5,-0.22532023
2.5504246,3.9245012,2.2695813,0.5,-0.6457484
2.0257416,0.80404294,2.4030175,0.2954794,0.66069716
2.3407905,1.7598811,2.9812713,0.43738806,0.6366395
0.72272503,0.73629165,1.3308257,0.024048343,0.69123876
3.2235184,2.8800008,2.5751777,0.4966568,-0.36777186
0.5498534,0.3740959,0.59619963,0.0135939615,0.42637137
3.7263825,3.3508852,3.7654924,0.4767765,0.48575768
2.0400229,2.2300117,1.9386458,0.3091621,-0.33458298
2.1807387,2.6016922,1.5844752,0.37861753,-0.6487632
2.1916323,2.5647693,3.0096319,0.37430423,0.50063914
1.9637985,1.7714263,2.119724,0.28017682,0.4331626
1.9812989,2.6477776,1.6635085,0.28606555,-0.70676214
1.2875599,1.5524718,1.6795939,0.052946668,0.23943974
3.1070201,3.8445425,3.2393885,0.5,-0.7837344
2.1438117,2.5177197,2.7618554,0.34544766,0.3648347
3.1993864,1.0087942,3.169551,0.5,0.7063292
3.4159503,3.5244,3.3547115,0.49146608,-0.23180221
2.746292,3.1418538,2.9695163,0.5,-0.22550608
3.2971332,4.203359,3.914826,0.5,-0.3463933
1.805284,2.00104,1.443014,0.20399112,-0.6206181
2.3034585,2.5619445,1.7513521,0.41238424,-0.6675414
0.94079113,1.3936176,1.3619449,0.015106888,-0.028620262
2.7829936,2.045018,3.0942352,0.49355647,0.72328305
1.1812222,0.7168525,1.4351956,0.039764084,0.6964274
1.9973642,0.5662062,2.2501202,0.28557882,0.7068856
0.8234516,0.55128336,0.99945337,0.022421947,0.70221263
2.5711527,2.6688073,3.4007866,0.5,0.7026284
2.335255,2.4916174,2.6267965,0.42018518,0.1655615
0.57987547,1.9777441,0.63228416,0.007757899,-0.672358
2.3383696,2.3949378,1.9549421,0.42291772,-0.52314466
2.5551186,1.6197224,2.4767525,0.5,0.72198576
0.89395154,1.1117083,1.3332655,0.017828885,0.35518605
1.991308,2.7107487,2.5254278,0.28669226,-0.24966806
3.0524447,3.522942,0.5414535,0.5,-0.70177835
3.3610713,3.7637198,3.9947011,0.5,0.2818244
2.2945776,2.0589855,2.4197156,0.38580936,0.40515372
1.0478687,1.0058719,2.3642976,0.030455045,0.701138
2.9370248,2.7024195,3.761897,0.49942794,0.63869923
2.8291905,2.7113702,2.9124734,0.5,0.16775335
2.6471584,2.7675586,2.2070372,0.5,-0.65107965
0.7464953,1.4190446,0.45996815,0.001512878,-0.6934018
1.0842663,2.733156,0.9680533,0.03983419,-0.7006422
2.4205704,2.6524525,3.4160855,0.45547968,0.7341142
0.963471,1.5254991,1.0214995,0.011337439,-0.6700587
2.748741,1.7035666,2.96705,0.5,0.71364236
0.8638662,0.88071275,1.0585802,0.024635263,0.29008687
3.7957864,4.7480707,3.8004322,0.5,-0.5903863
2.173427,2.364185,0.7015924,0.3523403,-0.630186
2.6180842,2.790818,3.5391905,0.5,0.6318343
0.9160205,2.5583515,1.553674,0.010160092,-0.7193863
0.7844474,0.66735256,0.25431958,0.0036801728,-0.6595621
2.5657709,3.1966574,1.9900461,0.48388335,-0.68695426
2.4064794,2.5937428,3.0100524,0.46440646,0.5271976
2.6376345,2.9462266,3.336133,0.5,0.47090426
2.6412024,3.8985689,2.3714914,0.4951355,-0.6937466
2.134363,3.4464188,2.1386323,0.34855232,-0.67760473
3.2829976,0.5221647,4.05636,0.5,0.6646439
2.934195,2.4138324,3.4845545,0.49188358,0.7086087
3.057677,3.311213,3.2658885,0.48947573,-0.069163665
1.0242704,1.5939643,1.4714987,0.04920695,-0.20222114
2.173827,3.2862191,2.2024584,0.34830263,-0.68713045
2.5554,2.6681442,2.4871845,0.49220532,-0.18294527
3.0960417,3.1146476,0.74825794,0.5,-0.6971563
2.9272647,3.6585135,2.7465258,0.5,-0.7145831
2.160034,1.8854038,2.1135607,0.3704685,0.22582312
0.9458869,1.0249083,2.0346048,0.028216926,0.72155684
2.0588858,2.2617462,1.7899643,0.31487572,-0.5945005
2.1443493,2.3883598,3.1886535,0.3307248,0.61477023
0.2,1.0241311,0.5212201,0.0,-0.63431317
1.9139726,2.3494298,2.0775385,0.24216647,-0.32741982
2.0135927,1.9877478,2.508123,0.29276237,0.5991589
3.5193462,3.6148093,4.1415277,0.5,0.6213669
3.3927333,5.078532,4.2865925,0.5,-0.7430938
3.998276,3.4176955,1.3112369,0.49152458,-0.6688644
1.0880488,0.3019476,1.4833908,0.04996262,0.7419709
0.9587048,0.62337303,0.9860072,0.031210104,0.63646424
2.4761074,2.8712516,2.4481864,0.48277035,-0.44368416
2.4841695,3.170249,2.642064,0.5,-0.6464494
3.1473877,3.2912366,3.6738427,0.48511627,0.42053965
3.39929,3.4113698,3.1444228,0.5,-0.32806134
3.1003673,2.9163368,2.3954566,0.492779,-0.64370346
2.1391442,1.3989913,1.7450918,0.32575548,0.41294342
2.8569918,3.8192635,2.7669566,0.5,-0.6984366
2.1616597,2.2564,3.0002308,0.35848552,0.67221636
2.3956673,2.7155654,2.1854308,0.46674415,-0.61414903
3.6089659,0.6620335,4.07993,0.5,0.71188504
1.9114988,2.7773046,2.6438637,0.25755215,-0.13762477
1.2633953,1.3260689,1.043343,0.054719277,-0.32955146
2.9051533,2.6645193,3.8324106,0.4809922,0.7606157
2.3173788,2.5379236,2.8324323,0.4355538,0.33325708
0.800857,0.901798,0.5373507,0.00062167103,-0.70876163
2.2013748,2.1507502,2.169072,0.39288014,0.02272719
2.2037554,1.8299853,2.1163287,0.39720446,0.29886276
2.6518986,3.0461094,2.7292573,0.49615735,-0.27550244
2.4178,3.2701147,2.7346797,0.4618959,-0.6449947
2.0004537,3.0863202,1.9532884,0.2802118,-0.7226684
0.7680757,0.5593489,1.1116241,0.0,0.6981127
1.7991766,2.868397,0.74226344,0.19413713,-0.6544089
1.834698,1.5257275,1.5329487,0.21740425,0.017725745
1.9112349,2.124161,2.2420683,0.25893182,0.14044774
0.6412592,1.3561983,1.3516549,0.0,0.010269046
2.8155036,3.380706,2.8986588,0.49863955,-0.53583527
2.9897907,3.828015,3.5302205,0.5,-0.37275973
2.6680973,2.3023407,2.2845607,0.5,-0.011587378
2.9384978,3.0436602,3.9260712,0.48657826,0.7177896
3.335669,3.4152899,3.8075335,0.49394873,0.43412948
2.847365,3.6540947,3.3512487,0.5,-0.34188733
3.606679,3.6711059,3.425779,0.49736157,-0.3003601
1.1472039,1.4232457,1.6179296,0.03410381,0.27143282
2.9564016,3.0645072,3.343608,0.4938382,0.36567563
0.7388202,1.0580914,1.3215207,0.004627956,0.4949967
2.0931492,1.9576267,0.5273161,0.33651817,-0.71297663
2.6012409,2.2686267,2.570018,0.5,0.36029035
0.8509525,0.81010455,1.6748115,0.010054979,0.70810956
0.9444491,0.2567202,1.5240589,0.037683852,0.6655826
2.4600194,2.4856102,0.2,0.470677,-0.6727496
2.4284506,2.9760668,3.455933,0.46403947,0.5018489
0.6396274,0.2,0.58811426,0.005559196,0.68808544
1.2964684,1.263422,1.621879,0.07861116,0.5063791
2.0644748,3.4052083,2.3739758,0.31223574,-0.7073476
3.7088652,0.39284492,3.460098,0.5,0.6622506
2.9484673,2.5748148,3.5800138,0.5,0.7008254
2.1089833,2.5182621,2.1011975,0.32904318,-0.52346885
3.0135322,2.4170709,2.5481608,0.4946708,0.1683948
3.1564407,3.3674119,2.992022,0.49684694,-0.4689705
2.794336,3.9186404,2.1188035,0.49542826,-0.72395796
1.9973816,1.8690739,1.4683172,0.29504827,-0.47323403
4.003511,3.7086215,0.8973954,0.49354225,-0.6827301
2.9029849,2.338897,2.4210625,0.5,0.026871314
1.8354964,1.5696148,2.201731,0.23028097,0.7555215
2.6765025,2.843078,2.6964602,0.4951483,-0.16050129
0.25358507,1.4330194,0.87422925,0.0,-0.67240125
2.5915475,2.682288,2.845757,0.49957934,0.20695677
1.8501172,2.0021052,1.5297729,0.22987676,-0.447022
2.6589313,2.7962127,3.128038,0.5,0.4348342
2.1313155,1.8569713,2.11902,0.35665786,0.30826265
2.3816247,1.3455856,2.9087224,0.4571736,0.7078169
2.8662689,3.733886,3.178004,0.49371457,-0.6809119
2.3485034,2.8322618,1.9749279,0.4389331,-0.70767474
2.4606209,3.2048829,2.5841706,0.47312024,-0.68935597
3.0527375,3.3768697,0.40440413,0.49578825,-0.66580045
2.051398,0.7125093,2.1001322,0.30139875,0.66908956
2.2073772,1.6079082,2.3839629,0.36581007,0.7311551
1.8235886,2.0799358,1.254398,0.225735,-0.7056374
2.1131432,2.570742,0.45278573,0.32750553,-0.71020085
2.635656,3.5170813,0.39338955,0.4878018,-0.71854025
3.0129921,3.4056926,0.7674894,0.5,-0.70715106
2.1556077,2.521575,1.7380753,0.36437827,-0.67838824
2.9170747,3.3707335,2.3159702,0.49569866,-0.6907156
2.751033,2.113973,3.8272538,0.5,0.73077196
1.7846019,1.6982723,1.9243959,0.20021747,0.23633787
2.728099,2.697288,3.071119,0.5,0.44558316
3.3535445,0.50120115,4.254686,0.4894965,0.7063143
1.4740604,1.9363103,3.0299265,0.08649118,0.7232923
3.7887964,4.7631736,3.6246161,0.49657965,-0.74973094
2.2258813,2.6652417,2.179567,0.3869408,-0.55842006
0.548194,0.52695,0.2,0.0009842567,-0.69697785
0.57138586,1.412731,0.67736053,0.002518523,-0.6770555
1.1389923,0.85589296,0.46217415,0.06462584,-0.5803061
2.4626296,2.5031018,3.3313828,0.4833271,0.66105324
2.7592576,2.5029368,3.2171524,0.5,0.69021946
3.855951,3.5022624,4.0353765,0.49498537,0.6712437
1.3153594,0.90453005,0.78195935,0.06900834,-0.17567196
4.453043,4.2594604,5.350845,0.4922793,0.65749466
3.4411228,3.6609533,3.2987878,0.49055207,-0.4334815
2.6109374,2.6045697,3.7290914,0.5,0.71089876
0.93760264,1.2381272,0.9646401,0.025694566,-0.47963184
0.9238288,1.2218348,1.1511314,0.015585587,-0.14751995
2.7183504,1.7127916,2.3333473,0.5,0.75309473
2.972484,3.2772477,3.716032,0.4977411,0.5176537
0.48557097,0.36881322,0.20736283,0.0,-0.28846115
0.7445443,0.2,1.2444493,0.0,0.66622335
0.7326142,1.0779015,1.6779774,0.029297024,0.65052736
3.179375,3.3752327,2.5749674,0.5,-0.7001652
1.7793374,2.03665,2.3902175,0.215504,0.44921565
0.98897755,1.5318356,1.8559753,0.033548355,0.51430136
3.2090685,3.034893,3.6972678,0.5,0.6806879
3.1800005,2.890969,3.668845,0.4932194,0.6881681
2.190301,2.3564823,2.594041,0.38848498,0.2593866
3.2409046,3.1504898,3.397122,0.5,0.29750392
0.8564055,2.4759107,0.6001837,0.0051680226,-0.7215095
2.8374104,2.9490068,3.0492618,0.49556643,0.11306444
2.0666144,0.8836891,2.1172478,0.30085242,0.6834706
0.2,0.20657392,1.2145172,0.0,0.69558114
0.7041699,0.29133016,0.83018416,0.0,0.74918616
1.3358284,0.649363,1.5471145,0.07279525,0.7149892
2.4364362,2.49245,2.7275405,0.47391483,0.3056116
2.984072,3.0431552,3.3383508,0.5,0.34063494
3.2717927,3.9721348,3.0643775,0.5,-0.676182
1.0677288,1.12014,1.761138,0.035933908,0.69080526
2.3084373,2.241068,2.5220416,0.43160665,0.27182317
1.3261492,0.7788,1.9286987,0.076215535,0.7715051
1.0160086,1.1518716,0.79954493,0.028251288,-0.5592321
1.7861974,0.761581,1.8976591,0.19801374,0.7129025
2.8980224,3.784543,3.9017496,0.5,0.15698291
2.363836,2.5667489,3.5571337,0.43697193,0.69842136
2.2914927,1.9346005,2.7967083,0.40047622,0.6985345
2.2140682,0.68079644,1.8033285,0.38072067,0.70119476
2.0795512,2.4407537,1.4060262,0.31275976,-0.70299923
3.1142192,2.6507013,3.7406626,0.4957814,0.67659414
0.78096086,0.8022774,1.9529872,0.017000968,0.730592
3.1862144,2.5676556,3.2027237,0.49207595,0.7391292
1.3243767,1.6357546,1.3648094,0.06031482,-0.33621487
2.9315457,2.4511428,3.2622247,0.5,0.68656975
0.9034682,0.9367581,2.393016,0.031292904,0.67940855
2.4752274,2.5420117,2.7097464,0.49493837,0.18902269
3.4104948,2.8923712,3.668836,0.4771706,0.7151793
0.9063029,0.98796695,0.87684995,0.019205473,-0.15531124
2.886525,2.4685519,3.1852918,0.49395716,0.7255304
1.9812627,2.901645,2.8157034,0.2814819,-0.09688844
1.3057159,2.1462283,1.2171367,0.0694628,-0.6870827
1.6916215,2.424778,2.3222482,0.15831524,-0.16640994
2.5583801,2.7913313,3.243834,0.5,0.51704377
2.8589623,3.0948038,2.649975,0.5,-0.4767573
1.4218851,1.5374506,2.0109484,0.07918501,0.5691637
0.88363385,1.2702653,2.141707,0.0072188443,0.71874356
2.2816088,3.2523718,1.9053093,0.40313956,-0.6867078
2.2002027,1.8945806,2.320079,0.38099286,0.52477884
2.4304256,0.47275385,2.8062289,0.4603457,0.7188271
2.098721,1.3542746,2.4179,0.3190455,0.618874
1.2992985,1.296818,1.0364074,0.066364616,-0.38457483
1.9653759,2.0880764,1.5257918,0.2765007,-0.6681905
2.6287167,2.8639936,2.446549,0.5,-0.5046495
2.5216444,3.0276768,2.7083662,0.4875065,-0.38849598
2.9355438,3.748358,2.9056776,0.4943784,-0.7812677
3.126806,2.597431,3.7416546,0.5,0.71814
2.3354905,2.9392595,3.1235194,0.43551698,0.19154587
1.6469551,2.758763,1.4192891,0.1474602,-0.7280183
2.8735092,2.8066475,3.1662078,0.492103,0.4256101
2.5348773,2.4869423,2.8079734,0.4997944,0.3571208
2.436722,2.71748,3.9121764,0.4733801,0.7165846
3.3260708,3.4528239,3.2873054,0.48396003,-0.2365397
0.6447422,0.731766,1.0191244,0.014772663,0.55170816
0.8349801,1.7370529,2.0359774,0.0076914025,0.5465213
1.3558699,2.7438855,0.5808173,0.07081684,-0.6909117
3.104283,3.1250033,4.0233693,0.5,0.7090045
0.9615871,2.2870438,0.826214,0.026205169,-0.720327
2.0707054,2.049653,1.4703504,0.324663,-0.71854836
2.3833232,1.1403095,2.81329,0.4414072,0.705319
1.8965089,1.5855559,2.214766,0.2461933,0.68568283
2.5481315,2.343814,3.062771,0.497234,0.64880085
2.6525166,2.69648,3.2484064,0.5,0.65240574
2.5878053,0.8964907,2.7234142,0.4941713,0.67291296
1.0730146,1.3375883,0.6849826,0.027063629,-0.6329614
3.578547,3.02966,4.4907823,0.5,0.6825359
3.161962,2.6963618,3.6000516,0.49953124,0.73656446
1.1387081,0.47561106,1.4967386,0.0412782,0.7421804
2.6331866,3.0260322,3.4551296,0.5,0.51620996
3.4014568,3.6707006,3.6091237,0.49817076,-0.094152674
2.2945852,2.5388532,1.8375647,0.41261685,-0.74859524
2.0241063,2.245131,2.1522553,0.29680622,-0.098032646
1.0366955,0.8669109,1.0846356,0.041590825,0.29337978
2.8741083,3.1406686,3.1954107,0.49185872,0.066220954
2.896436,3.8168182,0.5602362,0.5,-0.67789596
3.1117477,3.5532558,2.7991998,0.4932925,-0.73397887
2.1493702,1.7841676,2.9385545,0.3600991,0.7146606
1.768994,0.69359916,1.999775,0.21377529,0.62253535
2.208446,2.1180067,2.320829,0.3814064,0.25802886
2.9431155,3.5851057,2.9296787,0.4923936,-0.6810122
2.0173101,1.730995,2.2038717,0.2916578,0.59629667
1.4752927,1.7544392,1.7470682,0.09589723,-0.011563646
0.80450845,0.8552842,0.21045794,0.010643089,-0.7306703
2.2300162,2.024537,2.2879288,0.39137015,0.30485559
1.5499351,1.9247938,1.872086,0.08441041,-0.04003356
1.1853921,0.5741401,1.2172184,0.041114077,0.68861216
2.3847048,2.9625587,1.761722,0.4447275,-0.69904804
3.5887742,3.5747056,3.8127067,0.5,0.3095915
1.1471282,0.7254092,1.35992,0.031040898,0.6768031
1.2150955,1.3475668,1.0932736,0.055645447,-0.36903608
2.5835242,2.9139533,2.3323076,0.4900942,-0.67097163
2.2427957,2.7062974,2.535564,0.40054497,-0.19142157
0.96274936,1.0817657,1.2098285,0.05025345,0.27801105
1.1339962,1.8085953,1.6405796,0.043097846,-0.25345987
3.0218818,2.5799136,4.3153086,0.47975263,0.67296636
1.7579573,2.4192576,2.1764855,0.18769695,-0.29016918
1.8769401,2.3286772,1.6744912,0.22107266,-0.75623494
0.9686184,0.9956306,1.8586364,0.0217788,0.6956447
1.2107774,1.9015356,1.2767301,0.047493786,-0.694603
1.5289515,1.9179033,1.6249776,0.0915269,-0.28445327
3.152531,3.9338279,2.8278196,0.49290988,-0.66069436
2.8738625,2.654405,3.330126,0.5,0.65136445
2.7193015,2.562696,2.7114089,0.49341914,0.15501209
2.2913492,2.794665,2.9613373,0.40332046,0.19548218
3.3086374,3.5607204,3.8653514,0.49506435,0.30110198
2.692594,2.1168067,2.4208543,0.5,0.41882363
0.6578411,1.8128505,0.4173149,0.0024005296,-0.6769829
1.8611708,2.9357054,2.2079122,0.22856402,-0.6458022
1.5785245,1.9080291,2.479233,0.11019172,0.66798955
0.8114282,0.6735743,1.6253133,0.0,0.6763708
3.4618464,3.2963142,0.41504532,0.49856225,-0.7473428
3.2363172,3.66732,3.5076277,0.4988241,-0.21116155
2.54143,3.4320083,3.1727588,0.48831415,-0.32517332
1.5013962,2.961702,2.2547276,0.07032181,-0.7167785
1.975202,1.9956614,3.2543018,0.28570852,0.6653687
2.0032117,2.0772421,2.37044,0.29613504,0.33819535
2.618289,2.6639442,2.6179316,0.4879924,-0.09140665
3.4445562,3.8471127,4.280678,0.49921942,0.52345884
3.416338,3.23326,2.9800775,0.5,-0.23942652
2.2824416,1.8275126,3.138234,0.41405678,0.68922776
1.3072785,1.2762512,2.1521983,0.06832979,0.68098384
1.9394028,2.2489202,2.6627963,0.25090575,0.5628438
3.3371828,4.3733706,3.130068,0.48749888,-0.6487419
2.7470233,2.42293,3.1072395,0.5,0.67429364
0.89752275,1.7146398,1.6671951,0.02209471,-0.11554339
2.322034,2.4364035,2.8940067,0.41928145,0.55709213
2.1611583,2.2442377,2.453409,0.36628208,0.2657406
1.8384897,1.292815,2.2313805,0.23387128,0.6930349
3.9025044,4.2501874,5.6379786,0.5,0.6256379
3.6739008,4.0177712,3.357953,0.5,-0.71444476
0.94152576,2.2264922,0.5092318,0.030955598,-0.63620025
1.5254884,1.6009092,1.2633103,0.08523578,-0.38464144
2.725808,3.6874695,4.00049,0.49832556,0.3647909
2.5578718,2.5429103,3.140955,0.49476317,0.63952225
2.9532728,3.0224512,2.9374578,0.5,-0.13884385
0.69385636,0.2,2.067772,0.0059654773,0.74613035
0.81612545,1.5893624,0.45935643,0.0,-0.6892566
3.4217312,3.6650863,3.3284833,0.48499224,-0.4253687
2.3225687,2.606135,2.0513554,0.42176113,-0.67949563
3.005425,0.65574455,3.2231917,0.48011485,0.6868094
2.4901278,2.7689278,2.947284,0.5,0.23034836
0.64974225,0.45823205,0.95495677,0.004038142,0.70524764
0.6319975,0.99400073,1.4753972,0.0070306147,0.70544815
3.0228724,2.753308,3.1038883,0.48249015,0.4529391
2.062571,2.2641106,2.1669421,0.31666383,-0.100010626
2.6695933,3.0672889,3.0282686,0.49018392,0.013432614
3.360819,4.263559,4.4847074,0.5,0.27224293
2.0519052,2.4148743,0.28884664,0.3270284,-0.67927754
2.0506022,2.8580668,2.110261,0.29513472,-0.73951304
0.4173449,0.22325428,0.9842724,0.0033407388,0.71223754
0.65081334,0.30987084,0.73480815,0.0,0.71038
1.9931513,0.35972485,2.3461926,0.27533415,0.77191937
2.6550937,2.8342328,2.8324134,0.5,0.030579168
2.693384,3.40941,2.3290353,0.5,-0.6665782
2.874102,2.7619555,2.7626388,0.5,-0.008295167
2.124649,2.603299,3.1196246,0.3482029,0.63438404
1.0137429,1.3870026,1.368195,0.02256872,-0.054007858
2.4990957,2.7547123,2.8442397,0.5,0.116928086
2.4416485,3.6410062,2.6687257,0.4805089,-0.7308103
2.4692342,2.8748627,2.5564926,0.5,-0.41651514
2.1477513,2.1771805,2.4227016,0.35755882,0.26162773
0.98420227,2.0024784,1.0182358,0.04002499,-0.6849544
2.0267808,1.2906374,2.390865,0.29203823,0.7145204
2.51766,1.9937589,2.2744408,0.48684406,0.38174108
1.24129,1.8248501,1.8228648,0.071256034,0.027521556
2.5594373,2.9066684,0.42701963,0.5,-0.6660967
3.3292735,3.20455,2.941188,0.49487352,-0.36318472
1.7888145,2.1708498,1.9392781,0.17855181,-0.25995445
1.1886322,1.8285737,1.19685,0.05041481,-0.6872696
2.2351375,1.9718806,3.0055304,0.37412658,0.7184829
0.2835432,0.41482666,0.36376074,0.0038513732,-0.09567755
0.82299453,1.0229189,0.62034464,0.0053836145,-0.66004044
3.6063583,3.9670708,0.69423467,0.5,-0.68639356
0.49787268,1.0254972,0.43571126,0.0,-0.72197473
2.9921505,2.1990788,3.8156524,0.4914181,0.70159143
2.4427645,2.8629358,2.845327,0.49231225,-0.04362433
2.9339085,2.0923944,2.7051277,0.5,0.70951945
2.3447368,2.5046167,2.516266,0.43140933,-0.01600827
3.1339202,2.7574558,3.3884954,0.5,0.6824067
2.696925,2.9325988,3.7497108,0.5,0.7516862
2.5683787,3.1403153,2.817927,0.49596396,-0.3732675
2.599544,2.8647633,2.5719078,0.47352847,-0.344579
3.5085185,3.3691692,3.9132423,0.494434,0.652634
2.6769633,2.246474,3.248363,0.5,0.6440042
1.917724,2.1610045,2.6074264,0.23474474,0.5649484
2.8142688,2.8075516,3.3593504,0.49842033,0.68895304
2.9189005,3.2419448,4.1740584,0.49889123,0.73628366
2.5330136,2.4781187,2.15022,0.49713042,-0.36685053
2.5325112,3.4863682,2.7228038,0.5,-0.6953407
1.912472,2.135288,2.124412,0.24065007,-0.030875092
2.6490338,3.3072984,2.2335556,0.5,-0.6734081
1.856664,1.820283,1.4652959,0.23086217,-0.47970182
2.403398,3.0064633,2.6000457,0.45969874,-0.5073705
2.1802297,2.7043905,2.2520502,0.3680088,-0.53228116
3.207532,2.9963074,3.1538775,0.49631065,0.19870374
0.7244803,0.28799692,0.2001577,0.0077018086,-0.19783705
1.9208292,2.7166932,1.5322229,0.27817112,-0.6833222
0.78110653,0.47643468,0.76499707,0.0,0.5358909
0.82213223,0.72574735,0.95578504,0.0,0.40964195
2.869005,2.9670231,3.2403724,0.5,0.32457596
2.649971,2.4100382,2.7361326,0.49404547,0.3884103
2.2832453,2.8985076,2.2751975,0.42113978,-0.70143545
0.55268425,0.69734406,0.9310288,0.0,0.4528872
2.4936452,2.7162144,2.819417,0.49776566,0.17494099
0.7848639,1.5715885,0.5535705,0.017573567,-0.7320888
2.1208074,2.4135804,3.3106995,0.33894652,0.7049
2.7317202,3.7771127,1.8692584,0.49139792,-0.6973331
2.9034646,3.1159894,3.5063753,0.49371284,0.48044398
2.8606558,2.3065186,3.5390859,0.49646676,0.7131738
2.414064,2.1542919,3.0848465,0.4763821,0.65281546
0.7862374,0.579768,0.88552016,0.014946299,0.6018002
1.3913237,1.5678557,0.8831114,0.07682927,-0.70900303
1.021198,1.9461247,2.2170458,0.033225093,0.4430105
0.90238047,1.2664217,0.45655861,0.025682569,-0.6891074
2.0797482,2.2254508,1.754712,0.34290367,-0.56074524
2.0405848,2.1003985,1.9730815,0.30848956,-0.14527637
2.318824,2.821178,1.8782834,0.42860302,-0.7211284
2.1054385,2.5027094,1.7158006,0.3498101,-0.67038524
0.8689111,1.4352608,0.6598233,0.0015457452,-0.6868917
1.7388185,1.525298,0.9519448,0.17037627,-0.67085636
0.82220745,2.1565602,1.1007541,0.019764973,-0.65052027
3.297213,3.2620883,0.7834787,0.4974288,-0.66214734
1.791453,1.6307946,1.8309119,0.20778981,0.20177764
2.689501,0.7213324,2.993826,0.49334875,0.6870244
1.0000315,1.6877325,1.1132878,0.026250461,-0.71116596
3.1885848,3.1152258,3.0990355,0.4928739,-0.01757669
3.4111292,4.0549965,3.9155064,0.47744766,-0.16659254
2.2200909,2.2560544,2.288603,0.3780868,0.05926626
3.1879396,3.5807703,2.9260955,0.5,-0.6735318
2.3728132,2.695632,2.5064926,0.4684346,-0.22734587
2.907788,4.448682,3.8173954,0.5,-0.6790365
1.1676639,2.0694604,1.1076856,0.039852653,-0.73863214
0.75719655,1.48923,0.8715543,0.0027345503,-0.67419046
1.4779099,2.0458689,1.2253891,0.053542882,-0.68517137
1.1943694,0.7460762,1.4250917,0.033573378,0.70433915
2.8735764,3.1992826,3.266007,0.5,0.100426756
1.1241655,1.0982081,0.91518587,0.04904335,-0.2452176
2.500159,2.6435237,2.533002,0.5,-0.12517597
1.2880594,1.6152815,1.062169,0.056665607,-0.67792535
2.7496111,2.0369534,2.5316017,0.5,0.6209114
2.2761576,2.2961967,2.4822702,0.38406956,0.17689826
2.658414,0.6862154,3.6198063,0.4746751,0.716296
0.96073925,1.6362591,0.69198203,0.02555121,-0.743478
1.0046583,0.7726703,0.5242917,0.023578478,-0.4065524
2.8531396,2.6201956,3.822745,0.5,0.68700594
2.7079103,2.4728632,2.2811408,0.5,-0.27751318
0.78943855,0.76953024,1.6136402,0.014484245,0.6735036
2.4935126,2.0446455,2.5111594,0.5,0.57094294
2.6114044,3.4980977,2.95606,0.4870433,-0.6314864
2.6910586,3.282167,3.2151933,0.49051163,-0.065087676
2.7252614,4.356952,3.2379289,0.48828727,-0.71139014
2.9255142,2.8124096,2.9061007,0.49946487,0.08925584
2.7529862,3.4185803,3.3774276,0.48227644,-0.03818336
3.7213783,3.366587,3.7749932,0.4836729,0.4617093
2.1774054,3.0983248,2.1654935,0.3716217,-0.70478344
0.64620775,0.72884303,0.745675,0.0,0.031818405
3.6718793,3.8012855,4.0984507,0.49945745,0.32940406
2.4880962,3.342285,2.2453752,0.5,-0.72079456
0.93209946,1.7261597,0.6905553,0.021702573,-0.67709005
2.7153575,0.30363658,2.0039089,0.48538396,0.6729525
2.4180148,2.6029947,2.5460794,0.45089293,-0.12562905
3.1737347,4.0779195,3.9307592,0.5,-0.15230203
2.9491904,2.942633,4.7408924,0.5,0.704748
1.6734208,2.0609283,2.000307,0.14834341,-0.09903281
2.7000933,3.1565087,3.7117336,0.49444678,0.6598533
0.5884354,1.4133143,0.5905203,0.0,-0.6947619
0.7128548,1.2195319,0.975238,0.012285441,-0.4405488
1.0814364,1.1260085,1.1813128,0.024621751,0.09719015
3.7559528,2.9256778,3.9295623,0.5,0.6768176
0.45017502,0.9280243,0.595011,0.0,-0.6086532
1.0931122,1.360683,1.1516684,0.026316982,-0.35970667
2.8217504,3.898633,3.9068623,0.5,0.03817904
2.0360773,2.5524127,2.544669,0.30287972,0.03791933
4.0481935,3.9797075,3.8722346,0.49215618,-0.13074026
3.2955074,2.9080606,3.841067,0.4880299,0.7406845
2.7754827,2.935089,3.5059767,0.5,0.68375045
3.1772404,3.5737445,2.806036,0.48502576,-0.6747074
2.3288243,2.5405858,3.0359817,0.42342559,0.57594675
1.9204729,1.5149577,2.5931776,0.2600236,0.76660395
1.258739,0.2,1.6877564,0.06106208,0.64574295
2.6090555,2.4243731,3.6702013,0.5,0.6674
1.1632445,0.2,1.9305478,0.050769936,0.75970894
0.9963992,0.74050707,0.9575164,0.030819803,0.3311009
2.5492916,2.9000359,2.9401402,0.49340776,0.054506376
2.895546,3.8309639,3.8798857,0.49755803,0.10618891
0.9828091,0.22673908,1.039145,0.038618647,0.7084407
1.7136877,1.4202785,1.8201638,0.17514068,0.5348476
1.2113664,1.6251478,1.5323031,0.0595421,-0.17021745
2.3830361,2.335431,2.4844768,0.4418559,0.21501559
2.9202151,3.1702073,4.382089,0.5,0.7104133
3.2176073,3.5573056,4.1219935,0.48741955,0.66916984
3.2080157,3.1954677,4.531674,0.48772037,0.7379605
2.7040367,3.4949243,3.5182335,0.4884137,0.026817314
2.7460635,4.10069,3.0364656,0.48811713,-0.69251215
0.7753828,0.3177573,0.2,0.014305024,-0.23651128
1.7080371,2.3792126,0.68289125,0.1779064,-0.6860264
2.008947,3.300689,0.73064876,0.28887096,-0.7589624
2.4412148,3.3549726,1.9055767,0.47831452,-0.69418806
1.8306589,1.6108553,2.6441274,0.22857144,0.7026922
2.4355145,2.4775805,2.1323018,0.48673773,-0.4605119
2.3900032,1.7047843,2.2512043,0.44023734,0.6351382
2.6858504,2.541333,2.5930598,0.49473488,-0.009656105
0.45015106,0.39250755,0.9155791,0.0,0.6970004
3.316447,0.42293873,3.3757553,0.5,0.7317022
2.932421,2.5505288,3.484477,0.49763578,0.739556
1.2816557,1.4962636,1.7962874,0.03466361,0.42886463
2.3996685,2.7343364,1.8660057,0.47211635,-0.7027188
2.5125945,2.575409,3.5225284,0.5,0.67877704
2.5979612,3.1984653,2.1778617,0.5,-0.7152402
0.9735437,0.93965685,0.6542251,0.031317726,-0.4649237
1.6967769,2.0917141,2.7733047,0.14541832,0.72236764
2.0399866,1.614724,2.209647,0.3007648,0.74649924
1.3044615,1.0802162,2.0725808,0.054601066,0.64664286
2.741899,3.410467,0.72490734,0.4922209,-0.71589893
1.2793443,0.6094935,1.7335925,0.07307881,0.6716355
2.2605734,0.5504822,2.1080961,0.41219184,0.71852744
3.1801243,3.1776779,3.1740608,0.5,-0.028553506
2.837308,2.0072205,3.908312,0.49570367,0.75302
1.0206225,1.0044743,0.9065154,0.026283324,-0.19613704
0.80290717,1.4889954,0.6688772,0.0054407124,-0.72060055
1.3154265,2.6815033,0.7785299,0.058616467,-0.7182707
3.0042453,4.1382093,0.8061477,0.49966267,-0.6889254
1.8933712,1.573444,1.6474282,0.2603564,0.055944785
2.7193935,3.323064,2.8535519,0.49567494,-0.57401586
2.5882761,0.67138064,2.6705472,0.5,0.68252385
2.59265,2.517112,2.0324779,0.5,-0.5994492
1.8505247,0.7040788,2.2256575,0.24046862,0.76198083
3.2248855,3.5633185,4.0744786,0.5,0.5782495
1.8312224,2.1324685,0.38746434,0.22555883,-0.72525704
3.05628,2.451784,3.3240004,0.5,0.70008934
1.7718692,1.4370537,0.4355446,0.18654637,-0.66303027
2.6063738,2.278604,3.501814,0.49958763,0.6773608
1.1121782,1.5195103,0.8657354,0.054041907,-0.721721
4.083689,4.562514,4.2185235,0.5,-0.36931533
1.312331,2.3877475,0.987805,0.071586385,-0.7503037
2.1254616,1.873693,3.3402138,0.33380827,0.66363436
2.260918,3.3930347,3.5147996,0.40031973,0.14935383
1.3140395,1.3701047,0.99536216,0.053329416,-0.58762795
2.578471,2.7728922,2.1158707,0.49114692,-0.6896176
3.242713,3.410316,3.8986979,0.5,0.57782197
2.7625813,3.1000736,3.4757006,0.5,0.50093806
1.9137709,2.439693,1.9335043,0.24679972,-0.5815073
0.8534446,1.5411434,0.4984902,0.02898461,-0.74551815
2.2325623,2.3414645,3.2229435,0.3895196,0.65371287
4.024224,4.2495174,4.049702,0.48084047,-0.26150325
2.861306,2.4614363,2.7787814,0.5,0.4307288
3.2108803,3.7639108,3.478918,0.48169363,-0.35828987
0.9689619,1.2227442,0.44232202,0.03701535,-0.6757242
2.351262,2.2487812,2.2994475,0.4320992,0.084458224
1.0301802,0.64755136,0.82650375,0.03296918,0.2674026
1.9553264,2.2732856,1.1313323,0.26494533,-0.665125
2.6125672,3.423107,2.338011,0.5,-0.71144664
2.0794566,3.0676005,0.4148387,0.3424325,-0.696093
3.137095,2.6588593,2.9239936,0.5,0.32397333
2.9398103,3.4905074,2.986384,0.5,-0.61143917
3.013749,3.61996,2.6878753,0.5,-0.70908153
3.0935853,0.68944865,3.631558,0.49876258,0.76922745
1.0812066,1.4304692,1.6802698,0.036142707,0.40320164
3.2252748,3.2470357,3.7165399,0.5,0.5526219
2.297259,2.83999,2.5312927,0.41271362,-0.37242845
2.9733856,1.9074758,3.64624,0.4996108,0.7032187
1.4265777,1.0878031,1.3113123,0.080329224,0.2573267
0.5217361,0.3801128,0.34964123,0.0,-0.03393902
3.9688706,3.862765,4.1426754,0.48938966,0.37937766
2.9794316,2.3896043,2.882906,0.5,0.5480657
2.9651148,2.8855774,3.8475087,0.48250148,0.6699376
2.0961998,2.036884,3.2646465,0.32066774,0.696003
1.9144219,2.0407703,3.443871,0.23856144,0.6973986
2.4204643,2.7750978,3.110513,0.45523444,0.406818
2.5255835,2.1624844,2.9297998,0.49314207,0.6544859
3.7631872,3.7378027,0.7271126,0.5,-0.7173659
3.1995275,3.3905854,3.2211552,0.4788856,-0.21656679
2.6645005,1.9952152,2.5059001,0.5,0.61234707
2.6190934,2.7963817,2.5120838,0.49164525,-0.35396272
3.0587163,3.3375783,3.9281483,0.5,0.7380907
1.8468658,2.3887813,2.7304146,0.23154706,0.3598334
0.7867742,0.3442971,0.7908844,0.016345331,0.6861548
3.0100107,3.1443949,2.9763103,0.48905697,-0.24880926
2.6222034,3.4564576,2.7104177,0.49196193,-0.646275
1.8544949,1.1331979,1.1130561,0.22072731,-0.038159415
1.331013,1.5082968,2.2112029,0.054953735,0.700638
3.1510916,0.54058325,3.7692773,0.5,0.70251805
2.2737558,2.3341248,1.8547804,0.39942163,-0.58397406
2.7700326,2.5873673,2.3691428,0.499936,-0.2919987
2.4160278,2.7504578,3.4374397,0.46467796,0.7258608
2.5490444,2.6428237,3.1718717,0.5,0.6766851
2.319735,1.8452848,3.4171867,0.41826037,0.736212
2.5350199,3.5259554,2.389881,0.5,-0.6758443
2.9987226,3.1801014,4.0668497,0.49858755,0.6867309
0.7625752,0.56613797,0.43822896,0.0,-0.18565899
2.405527,2.0078254,2.6908865,0.47184786,0.685856
2.9572716,2.9838467,0.74557954,0.5,-0.7290931
0.9217518,1.6315556,0.8741957,0.014885911,-0.6890726
1.8681607,1.7438493,2.247705,0.23474479,0.65065086
2.5993912,2.7713196,2.6124897,0.5,-0.23197025
2.309059,2.4634528,2.7999792,0.42263305,0.35447496
2.6766634,1.618077,2.4065778,0.49171972,0.7281947
3.4813118,3.5720937,3.7138968,0.5,0.19231889
2.7904952,2.7746348,2.8789902,0.4976988,0.07580396
0.74847174,0.62253976,0.7883962,0.017108139,0.32450143
0.6436943,0.45060757,1.2906526,0.0039053317,0.73418194
2.4765437,2.032994,2.413005,0.48390675,0.40876797
2.555393,2.3748016,2.6786065,0.5,0.34339723
2.6381688,2.689364,2.6738842,0.5,-0.011150002
2.8210046,3.3173678,3.8206255,0.5,0.62375665
1.9970125,0.530548,2.2208784,0.3041616,0.7110958
2.4418771,2.7345285,2.7259374,0.46929517,-0.010073707
2.1495275,2.500342,2.218159,0.36453137,-0.36855212
1.0136249,0.6578981,1.3495898,0.020320022,0.64733636
1.4504973,2.1225972,1.4754615,0.0822021,-0.6729382
2.7008617,2.707579,2.6941655,0.5,0.021815887
1.7679567,1.6355611,1.60451,0.19665398,-0.033161927
2.8543668,3.6810596,3.1187835,0.5,-0.6776895
2.394863,2.6406443,3.0490408,0.4338309,0.5075665
1.5306382,0.5035104,1.5681024,0.09191422,0.6852283
3.1584258,2.0561442,2.7760868,0.49761224,0.71650136
1.0914019,2.106806,0.5389865,0.04610873,-0.6837416
1.049969,1.2229658,2.6806343,0.02929616,0.7249575
2.9753993,3.1359642,2.8353825,0.5,-0.36580184
3.4337492,0.62701154,4.6145377,0.5,0.705891
1.6717881,1.7871916,1.7244087,0.15994367,-0.05147063
2.2742407,1.9345138,2.0427983,0.41094172,0.20310076
1.1205554,1.1733799,1.2614783,0.05049393,0.1437748
3.3108203,3.2055397,3.8270638,0.5,0.68634164
3.371445,3.4060647,3.4562113,0.4982889,0.07465878
1.0152986,1.3662484,0.9135008,0.029326867,-0.7117549
2.2606153,2.6696732,0.5206691,0.39335918,-0.66273844
2.8637927,3.0058599,2.6994328,0.49966466,-0.31909248
2.4162087,2.6001122,2.7932355,0.45860127,0.20473169
1.4333026,0.6837416,0.84743685,0.082752466,0.20142455
2.5690944,2.7149048,2.5273714,0.5,-0.24553934
1.1240268,1.485505,1.4911473,0.046278067,0.04007077
2.3336885,2.4744318,0.6511595,0.42826572,-0.61928016
1.6646119,2.6522808,1.3521571,0.15236902,-0.68831855
2.8791146,2.8780937,0.4959538,0.49542388,-0.70925176
2.1071389,1.7162083,2.5845182,0.33837453,0.7309337
1.5448555,1.7528052,1.1411815,0.08811231,-0.70499724
0.8133501,0.599378,1.119338,0.026664434,0.7293429
2.2770092,1.5855395,2.1035352,0.4019349,0.5947682
2.3241136,2.405257,1.7409654,0.437898,-0.7267892
2.0043473,2.9046154,2.1237369,0.28840822,-0.6790601
3.3083847,3.2871923,3.4548597,0.5,0.1862774
2.828883,3.5019531,3.1224146,0.49844617,-0.4697355
0.79250485,1.3603913,0.52250516,0.005948618,-0.6902179
1.4153374,0.7258954,1.2324294,0.07311994,0.6768451
0.7719794,1.174285,1.4860353,0.0071549756,0.5980259
1.0556927,1.2130836,1.6483481,0.032526307,0.7193001
3.448143,3.720122,3.0692844,0.5,-0.7058263
2.1482282,2.5541644,1.5515935,0.3435566,-0.69040394
2.2250404,0.48840922,1.9182547,0.3821734,0.7007304
1.4031394,1.3850994,2.2090979,0.08522683,0.69048613
2.0484502,2.5167396,0.7544831,0.3159529,-0.6804339
2.0211246,1.8760043,1.9417044,0.29264438,0.086298555
3.4751284,2.7517679,0.32044694,0.5,-0.6806961
2.5436947,2.105603,2.879126,0.5,0.6922655
0.85090125,0.36572325,0.9870155,0.023238245,0.70011115
0.9906123,1.0796937,1.6548795,0.028326744,0.71950924
2.242651,2.8391297,2.307969,0.39679438,-0.67256767
1.4235915,1.2425233,1.2964318,0.070929855,0.08670329
0.90754,1.5380583,1.4865075,0.016272364,-0.09833701
2.2909727,2.7295299,3.4718285,0.41987664,0.74352556
0.8922514,2.0442436,0.8085829,0.027020259,-0.7201197
2.6791413,3.5704052,2.556792,0.49324134,-0.67844933
0.5647609,1.1446114,0.38477024,0.0117602935,-0.6883318
2.484071,2.348911,2.4178927,0.49363256,0.103141256
2.322488,1.9668882,2.55333,0.40282053,0.7379696
3.3505864,3.4846203,3.5387557,0.5,0.08855302
3.2266295,0.40349248,2.8208966,0.4967534,0.7093918
2.4211967,2.4732563,0.8086567,0.4676353,-0.735379
0.85138726,1.3410571,0.7808374,0.028580414,-0.7450918
2.368043,2.5699985,3.1609612,0.4530253,0.69787
1.9215493,2.0582674,0.26987872,0.2427959,-0.7190789
3.8824208,4.919412,4.0477815,0.5,-0.6496974
0.5330943,0.7555542,0.9771525,0.0,0.46665302
2.7616706,2.3072152,1.8269855,0.5,-0.6149167
0.84959376,1.5303634,0.200949,0.037083507,-0.7141472
0.95155096,1.2621113,1.7261385,0.023551952,0.67047155
1.8811194,1.9062527,2.044448,0.24267507,0.14637
0.8613458,0.41506603,1.6520095,0.028061554,0.77084273
3.6588442,4.463145,4.449798,0.5,-0.023443185
2.926867,0.7396661,2.3004148,0.5,0.6683335
2.6624777,2.5080335,3.1825175,0.48644465,0.75064564
2.490584,0.46658868,2.2879088,0.48185977,0.6344417
2.539634,0.27107674,2.6011255,0.5,0.7218543
2.8261929,2.1578572,2.4394221,0.48646912,0.33609518
2.5818307,0.652451,3.3634257,0.47682396,0.6647187
1.1257141,0.4406249,1.5370129,0.04993433,0.68775135
2.0557504,2.2075222,1.9056922,0.28537187,-0.37581572
3.4820035,4.835609,3.3295398,0.49393475,-0.6718854
2.353479,1.8167441,2.9619815,0.43078583,0.7228577
2.2075775,3.2835798,1.9555874,0.3597924,-0.77570426
1.094331,2.228462,1.0571198,0.01822426,-0.6650534
2.7959502,3.021792,2.705245,0.49837214,-0.45729142
1.5386237,1.9889327,1.3757915,0.095607825,-0.72607446
2.317903,2.357087,2.8090744,0.42331645,0.5525704
1.2736589,1.3119737,1.6289043,0.06433157,0.43139574
2.193675,2.5465693,2.102546,0.37935764,-0.52558863
2.1730723,2.0411122,1.8803692,0.3502324,-0.15770479
2.7881367,3.26653,2.9814384,0.5,-0.2932604
1.0173167,1.2934424,1.1306117,0.045058608,-0.28331155
2.2643938,1.960328,2.8663669,0.41439736,0.67469096
3.3579364,3.9422379,3.1802166,0.4781775,-0.6728206
3.8020005,4.4147863,4.2285204,0.49910474,-0.19239816
2.0647886,2.7893836,2.096318,0.31155902,-0.66534597
3.2158804,3.1364467,3.5981045,0.5,0.5697372
0.86170477,1.6592797,1.9415826,0.01370388,0.5302128
1.5092803,2.8676152,0.81246907,0.08220143,-0.72909844
2.09624,2.3380847,0.51705503,0.32670182,-0.65449065
0.8317982,0.99621826,0.8887236,0.011879605,-0.17942733
2.817186,3.3334925,2.486059,0.5,-0.6851643
1.9617025,1.0692891,2.951471,0.25276464,0.7153466
2.6890054,2.1543956,3.756766,0.5,0.67492163
1.1378717,1.0956872,0.91510916,0.035656475,-0.23548019
3.5866249,3.5876725,3.4445975,0.49920276,-0.14057143
0.82777137,1.0916663,1.3867974,0.004798614,0.4900038
1.972235,0.68109244,2.4792447,0.27180836,0.7125511
3.3742003,2.8707178,3.1451347,0.5,0.38545868
1.9540092,2.7776535,1.8110856,0.29057643,-0.64973766
3.1791234,3.5179305,3.5472958,0.4990068,0.037136555
4.1868677,4.495366,4.2937646,0.49845654,-0.2877791
2.9752316,3.4411027,3.5028956,0.5,0.078368396
3.2500794,3.1843805,3.7746205,0.5,0.7408937
3.2330537,3.2947176,3.9166808,0.5,0.7272317
0.87761074,0.53331643,0.21630803,0.012048587,-0.5630818
2.731626,1.8799855,0.89308757,0.49434814,-0.67470753
1.0639796,1.1670874,1.5508734,0.029797506,0.4960959
3.3676016,4.453426,3.4050543,0.49361703,-0.72839606
1.9764882,1.79777,0.81581074,0.27233422,-0.70541954
2.9773872,2.4218829,3.5541553,0.49387744,0.7075223
3.3179793,3.817154,3.6101015,0.4964842,-0.2517981
2.358807,0.74873626,2.593005,0.4643217,0.73124796
2.1638522,2.556461,2.2937028,0.35440338,-0.29717734
2.5297706,3.005529,3.5520625,0.5,0.67444783
2.0559072,2.0376093,2.4785423,0.3050761,0.5320897
0.9761649,1.3652407,1.7094539,0.034745052,0.5462859
2.0693858,2.2407465,3.3680825,0.31862694,0.7147517
2.157802,1.2740302,2.7437062,0.3611474,0.6682096
2.9594514,2.9039454,3.3313794,0.49918827,0.55939496
2.9551492,2.717417,2.2341657,0.4963414,-0.61693424
2.481157,1.8716142,2.426821,0.47782648,0.65859514
1.6327978,1.3906397,2.8455808,0.13615961,0.7446596
3.2983713,3.850178,3.6868548,0.5,-0.1558441
2.3315508,2.5362084,1.8549564,0.4221263,-0.68311214
3.8485403,0.68656945,3.9105532,0.48582155,0.6603207
2.5069613,2.1707904,2.1204078,0.5,-0.051149834
2.688284,2.898326,2.6349876,0.4977016,-0.3469639
0.8395308,1.0426693,0.8263186,0.01016648,-0.37144044
2.7653859,2.7799482,2.6126513,0.5,-0.17629415
4.6640573,5.2537403,4.9232225,0.48297277,-0.3667403
0.84066373,0.58425057,0.23032306,0.028187752,-0.5892769
3.4315028,3.2922416,3.907067,0.5,0.67381734
0.50895214,0.31838742,1.4055629,0.0,0.68036747
1.0466908,1.1334295,0.33984596,0.021579493,-0.69366676
1.4438546,0.6083666,2.1887734,0.06783247,0.7269815
3.6925285,4.119106,4.366178,0.4878709,0.2473467
2.8107255,2.3616571,3.1827784,0.49390438,0.72469056
2.4420996,3.1963327,2.6816106,0.46846747,-0.599708
3.1588757,0.28217492,3.432334,0.49587417,0.6948156
2.7034392,3.0707874,0.52898496,0.5,-0.6826288
0.8193372,0.2,1.1466804,0.0,0.7043291
1.162376,1.091666,2.7148306,0.05260406,0.73255795
3.6912076,4.0670986,3.5720766,0.5,-0.56648755
2.4283297,3.1279457,3.5285132,0.4625393,0.45413774
2.2354236,2.8877513,2.3770387,0.4060165,-0.60924447
2.2947936,2.8741379,2.3008947,0.41351914,-0.74891764
3.5031588,4.0700336,4.1461205,0.4859632,0.07128543
2.315993,2.9048204,2.3899288,0.42026982,-0.6021565
2.9949346,2.9300594,4.0782557,0.49795774,0.69987845
2.4324102,2.4217641,2.2436318,0.4792329,-0.2333145
1.7865063,2.3863811,2.7176783,0.19525595,0.36558363
3.1171257,0.77876157,3.6352794,0.49796072,0.68963385
3.1927848,3.3569233,3.4463656,0.5,0.06713187
2.1842258,2.1057448,1.9014403,0.36258557,-0.23217702
2.556261,2.4981275,2.2931688,0.5,-0.2387052
2.6166234,2.4073365,2.4623206,0.4950112,0.015650852
2.8534281,3.3107743,3.6032834,0.495044,0.35338175
3.8321335,4.5363283,4.024259,0.48775178,-0.6152689
0.7370185,1.1023089,1.2956158,0.0,0.33357728
2.433608,2.5903819,2.6804407,0.47761452,0.071966685
2.5191188,0.71657735,2.1591456,0.5,0.6130701
0.67198086,0.84933966,1.1086857,0.018334284,0.52383167
1.516303,2.4435456,2.117421,0.10679215,-0.33276644
2.639192,2.2810967,0.7517699,0.5,-0.73191977
2.9123783,3.226884,2.809359,0.5,-0.5350534
0.6015047,0.3058945,0.445226,0.0008070166,0.245468
2.5587707,2.31717,0.5538652,0.5,-0.7031009
2.06282,1.8162433,2.353096,0.32924655,0.6006223
1.1619501,1.3942059,1.4593985,0.06458436,0.080452055
0.8521044,0.81366915,0.23084937,0.01778838,-0.73496825
0.88843983,0.20557348,1.5060722,0.027746346,0.7325106
2.7840743,2.797903,2.7604704,0.5,-0.027977752
1.044195,0.92734796,1.0775433,0.038355764,0.23737967
3.3815005,2.6996565,4.535332,0.4828863,0.7150723
2.9155817,3.3382304,3.3943107,0.48575446,0.07981565
0.52704763,1.0945086,1.3470372,0.0071683936,0.5071507
1.5716103,2.0698025,1.0373027,0.09944547,-0.67454445
3.2573035,4.2203274,2.6310298,0.5,-0.6935852
2.433609,2.0098662,2.425846,0.46802852,0.519159
1.1714826,0.8767184,1.941563,0.04612518,0.7290733
1.8701109,2.0189958,2.812589,0.22115225,0.71137553
0.78779197,0.9736919,0.6010246,0.00013029526,-0.6563557
1.0710005,1.3414607,1.5821815,0.042421155,0.362888
3.5393796,4.150684,3.9098034,0.5,-0.29437166
2.8585057,2.9286282,2.446807,0.5,-0.54922605
0.7779078,1.4599086,0.60772914,0.021645822,-0.704693
3.862094,0.70380956,3.9200277,0.4997548,0.70352054
2.8795931,2.8792162,2.449251,0.4897464,-0.50907654
1.2129375,0.83361596,2.653085,0.039942786,0.66629845
0.413125,0.20220311,0.2,0.013894533,-0.010123386
0.84697014,0.2,0.8068447,0.0067251613,0.66858405
3.6249504,4.2339616,4.006046,0.4980653,-0.2576158
2.3575583,3.1368554,2.672672,0.42652678,-0.55585885
1.0167797,0.5339113,1.566167,0.026823878,0.651637
3.5353568,4.1193337,3.2199745,0.48771942,-0.72484374
1.1225817,0.2,0.66161585,0.053434018,0.725776
1.2710204,0.7396586,1.5280296,0.048649978,0.65317535
2.756561,0.78313124,2.625298,0.5,0.6940486
2.8818374,3.656179,2.6755943,0.4903849,-0.6616803
2.428644,3.548188,2.2529378,0.48054546,-0.7278826
2.0600297,2.0696375,1.9292322,0.3136614,-0.14209676
2.2784698,2.3822088,1.7054341,0.42784998,-0.6569211
2.464754,3.1340327,2.067485,0.49781585,-0.7067393
2.8393304,4.160647,2.8108082,0.5,-0.68564963
3.0850773,3.86032,3.8125305,0.490576,-0.048585746
1.320924,0.85845596,2.516717,0.06917197,0.68810374
2.7368138,3.38185,3.3540893,0.5,-0.023970975
2.9014006,2.7813425,3.2103417,0.47269166,0.49768075
2.7369702,0.7022473,3.4195497,0.4969837,0.6828019
2.3624785,2.8528368,2.4662106,0.44385716,-0.49723595
3.4362826,3.162674,3.8251717,0.5,0.67383844
3.422647,4.1618853,4.0075793,0.5,-0.1807244
2.3988445,2.8335676,2.8549857,0.45519418,-0.04502058
2.5053189,2.917752,0.5705186,0.48709095,-0.7336918
0.8170846,0.96191347,1.2978489,0.0042130123,0.5634622
3.344854,3.3559034,3.2015429,0.48660818,-0.21185482
2.085883,2.6428633,2.5717726,0.31236747,-0.08635853
1.9989182,3.2939317,1.7972035,0.2913594,-0.7512647
2.7512803,3.9257202,3.3027499,0.5,-0.7336096
1.8793699,2.0225012,1.9009334,0.22682923,-0.13291287
1.3891015,0.5503081,0.9790665,0.06450022,0.5885289
2.1090162,2.0179334,1.6166013,0.3280413,-0.514169
1.1155012,1.4310806,2.4390786,0.04524565,0.6959026
0.7227835,1.0457478,0.35363162,0.00022909272,-0.6831739
2.1949959,2.7994905,2.8990743,0.37480402,0.082864426
2.5273826,3.0960634,3.0532084,0.4919788,-0.0036825866
2.6799598,3.2877011,3.3487997,0.5,0.051770903
2.2002754,2.082561,1.9207088,0.36516285,-0.15488464
2.142245,0.8391617,2.1032555,0.3487799,0.7003366
2.8379958,0.8716228,2.5555887,0.5,0.692232
1.899373,0.53191394,2.5401134,0.25575706,0.71596724
0.805385,1.4596808,1.7142478,0.026841795,0.4849389
2.46057,3.2438397,2.687002,0.4917076,-0.6924709
2.8118086,1.7798991,4.0622406,0.4996597,0.7110457
1.6874287,2.1218913,2.0536911,0.16198646,-0.105610386
0.9943947,0.651011,1.0637066,0.039192934,0.72522914
1.8440944,2.3285828,2.083575,0.21044214,-0.2777489
2.1822827,1.8905678,2.5804594,0.36928022,0.7005155
3.0485027,3.622243,2.4910665,0.5,-0.6686455
2.576176,2.4604173,2.9307196,0.498883,0.5545616
3.5918868,3.4185584,3.7320757,0.5,0.33587575
1.1441814,1.717615,1.1903046,0.045256626,-0.7199902
0.6274395,0.56177765,0.785979,0.0032561596,0.40348268
0.9752842,1.6252505,1.6519749,0.030060768,-0.01169951
2.6051917,3.1645286,2.8350506,0.49028793,-0.365758
1.8241763,1.9219085,1.4561026,0.22837858,-0.5891587
2.5480344,2.51582,2.7945647,0.4989025,0.39489195
2.24927,3.0856135,2.366702,0.382052,-0.70320106
2.2127573,2.8308203,2.447928,0.3777618,-0.48279667
2.7141776,3.6806355,2.8496106,0.49118853,-0.710821
1.7432612,1.0311505,2.0846248,0.20234391,0.69856066
0.8275777,0.84229773,0.3208134,0.006304182,-0.70447624
0.76419103,0.7114049,0.26366755,0.004465262,-0.72567624
2.461788,2.920455,2.593719,0.49170992,-0.3811772
2.1285977,1.817063,2.2643507,0.32583606,0.5407336
2.1754065,1.9552128,1.9511021,0.3626203,0.024189407
2.6409972,2.9188805,1.8128453,0.49232757,-0.68900454
2.3321426,1.5839275,2.6434572,0.437261,0.77192664
2.637607,1.8260789,2.5207472,0.5,0.695175
1.9091562,2.0374637,2.2317111,0.24295266,0.24241433
1.3368545,2.8777049,1.687039,0.060418796,-0.68176526
0.81776625,1.1237944,1.4196008,0.021815822,0.53399146
2.2146173,2.1812265,1.8945115,0.39221442,-0.36780748
1.3292123,1.7209495,1.5214107,0.048193935,-0.22909398
2.7776692,3.3120906,4.061542,0.5,0.670729
2.1646035,2.2833683,0.48213172,0.367136,-0.7016873
2.6845522,2.6066241,3.667462,0.48705515,0.6761207
2.5462904,1.9830334,3.1048317,0.5,0.6649584
2.9584963,3.5631366,2.7043548,0.5,-0.7027789
2.556829,2.5266988,3.9623964,0.5,0.70939404
2.4590757,2.8962767,3.3704236,0.48665377,0.5251342
0.20693551,0.95753497,0.2,0.0038793164,-0.70907843
1.2678423,1.3152484,1.339256,0.054424014,0.03562415
1.7735579,1.310307,2.9188292,0.22030471,0.67464
1.2197558,1.3450313,1.7077178,0.041426197,0.5036718
1.5718603,1.7475321,0.8459069,0.11666847,-0.7021653
2.279655,2.7956586,2.1240203,0.3945199,-0.70736337
1.0122921,0.83443063,0.7861288,0.024002383,-0.07692583
3.1773274,3.0736217,0.5290255,0.5,-0.70513326
2.5609887,0.54622245,2.9874067,0.5,0.7220678
2.4495354,2.8271542,0.37481898,0.4821243,-0.65267736
2.39217,0.677388,2.199688,0.44291106,0.68563545
1.0805225,2.432675,1.586794,0.036570653,-0.66115475
3.120675,4.284132,3.2831585,0.5,-0.6894701
3.3428867,3.4387462,3.6262615,0.5,0.20171636
1.8399428,1.6660446,2.3788278,0.23146364,0.6949094
1.2778037,1.2638222,1.652706,0.05901447,0.5240779
2.1638777,0.9356712,1.7008169,0.3558515,0.73008865
2.1634703,2.4005096,2.7971735,0.3594919,0.50032437
1.0376072,0.7720843,1.7889342,0.014606534,0.6611225
2.9305873,0.52091616,4.2253013,0.47379035,0.6915918
2.5536304,2.2006743,0.37221164,0.5,-0.72114754
2.4049265,3.0969698,3.2117078,0.4558861,0.11452428
1.2829251,1.4668847,2.1475015,0.059709415,0.6560524
2.269681,1.7008833,2.9825046,0.40401986,0.7145451
2.517247,3.123549,2.8234632,0.49401388,-0.30184615
0.80071115,1.5952188,0.38367274,0.020111263,-0.66119087
1.7768286,1.8189052,1.8341212,0.19689463,0.07150337
2.3503907,2.179244,1.9382335,0.43197682,-0.34011585
3.1865885,0.6655484,2.5809686,0.48969135,0.702515
1.0037405,1.3029774,0.38122088,0.013185925,-0.6659924
3.1193082,3.758056,2.922336,0.49671796,-0.7004138
1.8162633,2.0132072,1.0411478,0.23026048,-0.7218167
2.8130977,2.3088005,3.0855958,0.5,0.71968865
2.4366322,0.472121,3.0246396,0.46837577,0.71762705
0.9284573,1.0566148,1.4225659,0.010792868,0.6137003
3.0992336,3.166707,2.8473108,0.4990067,-0.4011587
2.562403,2.994467,2.48218,0.5,-0.6016717
0.6093884,1.314077,0.98642534,0.0,-0.6035122
2.6507661,2.2928112,3.280882,0.48760307,0.681114
2.969937,2.5847347,3.4529052,0.4883002,0.7281821
0.53600436,0.6603044,1.1784488,0.0,0.73839545
3.4101465,3.5906305,3.5572505,0.49915102,-0.058586627
1.8036405,2.4931452,2.1652675,0.20160572,-0.40593407
2.7198942,3.570145,3.0550792,0.5,-0.65643233
2.0909588,2.0227933,1.7586687,0.34164515,-0.27501503
2.5448415,3.0643404,1.9737808,0.49386448,-0.70571524
3.1863618,3.6044137,2.9497774,0.5,-0.6941927
0.90229726,1.3757737,0.7733462,0.022019207,-0.6552699
0.7328402,0.205345,1.5993865,0.0,0.6765282
0.82841045,1.2618692,0.9509623,0.01588871,-0.56501466
2.4270751,2.1640134,2.193028,0.47018537,-0.007292609
1.663761,2.2310998,1.8412067,0.1381637,-0.49560258
1.0687612,0.7769233,1.4114397,0.032082353,0.6783365
2.3007467,2.5918188,2.3501391,0.41025683,-0.26051137
3.1094658,3.1096845,2.9550576,0.49050006,-0.26444104
1.1666256,2.411839,0.6781132,0.054695092,-0.6906383
2.6297843,2.3547487,2.9633102,0.5,0.72492635
3.1119115,0.5715812,3.2965713,0.5,0.67472214
3.4571006,4.3727636,3.3732913,0.48907033,-0.73196113
2.1059225,2.6862295,1.9125764,0.31999037,-0.6992966
3.4552982,3.7455232,3.8665729,0.5,0.13170032
2.6107788,2.5169244,2.589151,0.5,0.045396864
1.492049,1.0266984,1.9108624,0.06718425,0.710531
2.7645118,2.7593434,3.771313,0.49420202,0.6785282
2.5425334,0.95417356,2.126969,0.5,0.7212712
1.7619131,1.5664529,1.8848202,0.1838164,0.42249152
1.0524095,1.0179324,0.45501733,0.032538295,-0.68664485
0.874363,0.7735324,0.93328077,0.011179328,0.2703785
2.7838,3.4284298,3.9310277,0.4818129,0.59293383
1.0841784,0.6558684,1.6561302,0.047788657,0.6501104
0.6967509,1.0876021,0.54820997,0.0,-0.69343984
2.0831797,0.7824041,2.603446,0.32404646,0.7089117
1.511582,1.7415962,0.51307166,0.093705736,-0.687631
3.1753795,3.702234,2.8298366,0.49263677,-0.70022625
2.817063,3.2509067,3.3984103,0.48761725,0.14825945
2.3694787,2.6177795,2.4014616,0.44189805,-0.26574337
2.18213,0.4856217,2.2314773,0.3660436,0.7254591
0.8040166,0.2,0.98269415,0.014489437,0.6440776
2.5381515,3.7193158,2.5632896,0.5,-0.652306
1.0099549,1.813743,1.8756088,0.02150369,0.13381203
2.2510176,3.2666512,1.7094532,0.36702484,-0.63612264
0.8240879,0.52439046,0.5900505,0.0144879185,0.08264849
2.9292428,3.2403412,3.2552636,0.49966007,0.020287775
1.733392,2.0491629,0.58911335,0.18671015,-0.7244674
2.612981,0.25644407,2.470431,0.48708352,0.70152473
0.7410277,1.0837848,1.3503053,0.0033262179,0.50872356
2.5360088,2.8535101,2.369673,0.47940075,-0.5326055
3.23192,2.8091855,3.8204343,0.5,0.67721057
0.8174257,1.3313589,0.68674767,0.009777075,-0.6954132
3.1376762,3.670165,4.3854504,0.5,0.76073235
2.2695713,2.1198645,2.7785451,0.41451144,0.73692644
2.5881557,2.1368845,3.1819658,0.5,0.71269673
2.817679,3.0267103,2.850258,0.4880602,-0.23389605
2.3747473,2.1558177,2.5321617,0.44412,0.44451192
2.2940674,2.5870883,3.8174098,0.41357213,0.7028562
2.2937503,2.1015136,1.8840858,0.40673435,-0.26241356
4.10763,5.096328,0.2433982,0.5,-0.7084938
2.4860013,2.3477364,2.4888115,0.5,0.15169773
0.780074,0.49982414,1.0561728,0.0057589556,0.74998057
2.0688581,2.3569417,2.6179204,0.30873632,0.29402897
3.5913947,3.022268,4.050479,0.5,0.67227334
2.3492825,2.0721104,2.0371735,0.41960278,-0.06541515
1.3719064,0.7262267,1.9016362,0.06924197,0.73416436
1.4697192,1.8246601,2.1065803,0.074387684,0.36897758
3.2624764,3.9693816,0.5567157,0.49085724,-0.6976347
3.4232967,3.4360228,3.252789,0.5,-0.2463397
1.8696069,2.7422843,2.2221029,0.23307647,-0.6230231
0.9419738,0.67220587,1.0198171,0.010160817,0.6308825
1.8218125,1.7420706,2.023046,0.2147934,0.28521055
3.0127094,3.6565993,3.1885183,0.5,-0.5910039
2.4480567,2.999047,2.233825,0.47883198,-0.6353987
3.421865,3.8566136,3.6143532,0.49681696,-0.28838468
2.7512531,3.4596152,3.5178447,0.49886495,0.10986716
1.3212299,1.5566512,1.9157057,0.058345202,0.51997167
3.353535,3.7082536,3.4883,0.5,-0.2906885
2.3782845,0.61249346,2.5262616,0.45695695,0.6973522
2.52106,3.7659724,3.7219775,0.5,-0.08839719
1.9468548,1.8855562,0.7946608,0.25171617,-0.7009958
1.1693766,1.2614876,0.6004369,0.0280304,-0.7220322
3.7868488,4.086308,4.567142,0.5,0.5689391
3.0815713,3.580948,2.6647162,0.48063,-0.7223903
1.9118593,2.4872186,2.1058185,0.2489092,-0.48804006
1.0476154,0.2,1.7093816,0.03204753,0.6452125
0.5590158,1.6609092,0.3829741,0.011299027,-0.752576
3.101765,0.6102261,3.406856,0.5,0.74232554
2.897487,3.722466,2.3681548,0.48311496,-0.6459673
0.86129045,1.1320628,0.8739088,0.009891928,-0.48678628
1.293893,0.8272149,2.1028771,0.05800474,0.77278525
3.26406,3.5853667,2.7677429,0.48978248,-0.6755651
1.225884,1.5029094,0.6386754,0.037476655,-0.7043496
3.1788204,3.7515063,3.3421342,0.5,-0.46827814
2.647764,3.120417,3.1421118,0.4892794,-0.00079640344
3.1480927,3.8392746,3.0014098,0.49802575,-0.7005689
2.6918523,1.826147,2.7770221,0.49901384,0.6812156
3.226508,3.4047103,3.8129733,0.4968656,0.47312725
2.5816286,2.2303827,3.4564474,0.5,0.7042807
0.8076799,0.45633456,1.2596704,0.0067119994,0.66634893
1.0421293,0.8100036,1.7612665,0.036411095,0.6971412
3.7031348,3.7409372,3.8476813,0.4903271,0.18426226
2.926172,3.6050158,2.8154502,0.48958275,-0.6939154
1.7588466,2.656825,1.2602698,0.19731396,-0.6827398
2.2868123,2.8690095,1.838206,0.4196145,-0.74590605
2.96631,3.5459127,3.1074648,0.48966426,-0.53171617
1.1050609,0.67317075,1.895837,0.05162314,0.69620883
2.1529257,1.8398216,1.8720344,0.35783598,0.11514427
3.9844716,3.4331424,5.695627,0.49545512,0.6856999
2.6681905,2.3226135,2.7647414,0.5,0.5546988
2.8383193,3.141822,2.5596886,0.5,-0.65557176
1.8892095,2.5413482,1.7766734,0.23693424,-0.71465695
3.2961402,4.013386,3.4464266,0.49914604,-0.7077647
0.87878263,0.22028619,1.6921564,0.019309258,0.7086747
2.138487,2.3550863,2.388951,0.3733168,0.032304298
2.43729,2.4493349,2.0121171,0.48813456,-0.55472505
3.3902924,2.4740834,4.477215,0.5,0.7172261
2.9155214,3.4782515,2.8176093,0.4991106,-0.6476242
2.0733721,2.7122693,1.898656,0.31665963,-0.72589463
2.2801661,2.1870313,2.7035463,0.39572492,0.64723086
3.4639664,0.23663995,4.166603,0.5,0.6877555
1.347891,1.5854579,1.9987904,0.042776093,0.53483605
2.9514608,3.3385377,2.2431564,0.49254736,-0.7208342
0.7636391,0.6021453,1.7329055,0.0,0.7246069
0.657871,0.34646043,0.22176713,0.0,-0.2027007
1.1312561,0.35472926,1.7092013,0.053105768,0.70142674
2.0945585,0.8306867,2.5145402,0.32063043,0.736175
2.3536496,3.1231606,2.9159045,0.44342667,-0.24662288
3.5428653,3.153564,3.5757408,0.5,0.4702262
0.47854343,0.22370914,1.2856491,0.03296304,0.74192905
2.8986645,2.6236908,3.1434867,0.5,0.6256178
3.063831,2.4838479,3.880586,0.5,0.7131602
3.185858,4.3510323,2.81269,0.5,-0.69986737
3.4523919,3.2629914,0.7132928,0.5,-0.736265
3.5346084,4.120835,2.8532507,0.48435828,-0.72950506
1.2572241,1.2778801,2.2976077,0.04994887,0.70763594
2.1702273,2.2688184,2.128451,0.3613019,-0.19694054
2.415825,2.453705,0.6906979,0.4755072,-0.6884451
2.7209806,3.1286347,2.6694343,0.49720067,-0.581367
0.2,0.8472555,0.21929604,0.0,-0.7250367
2.05027,2.5301244,2.0470438,0.32126594,-0.561841
2.896253,3.661793,3.5289147,0.480641,-0.14698254
1.6522746,1.5763447,2.0689273,0.14644504,0.5629976
2.6166277,2.9765732,3.463908,0.5,0.58602756
2.7040467,0.34622502,3.1634226,0.49569458,0.66409653
2.6857157,2.623299,3.0545123,0.5,0.53269637
3.0276177,3.259003,0.53895736,0.5,-0.7619474
0.9671256,1.0876641,1.4272892,0.021119986,0.5789742
3.9060943,4.0772624,3.7010524,0.5,-0.4913487
2.1883168,2.6818442,1.9119039,0.3768687,-0.74550027
2.760426,3.3564608,3.8846,0.5,0.63152117
2.723246,1.9069543,2.842877,0.5,0.763623
2.6641893,2.9627192,2.9205532,0.5,0.007759309
1.846743,1.9022585,1.7544764,0.22507265,-0.17347689
1.8241268,1.8220317,0.68734777,0.20871542,-0.67376316
2.6222756,3.4810383,3.8132172,0.5,0.43692437
1.675377,1.0136577,1.2474463,0.16463211,0.25945723
2.3328438,2.6070874,2.093823,0.4323886,-0.607635
2.213833,3.141856,2.1908627,0.3656284,-0.6601273
2.390068,2.652607,2.399459,0.45447257,-0.30717242
3.2868364,3.0261528,3.1965613,0.5,0.20561644
1.9537525,2.0435028,2.5189798,0.26994738,0.6060019
3.154624,4.2257404,3.90312,0.5,-0.3953492
0.86034995,1.7131383,1.0641074,0.022476465,-0.69429564
2.273736,2.272754,2.6881754,0.41726115,0.48171002
2.8668573,3.818139,2.6529884,0.49118343,-0.7430299
0.8838608,1.3532225,1.338848,0.012367855,0.025465531
1.1273487,0.22677068,1.1643181,0.047774114,0.71363926
2.3437397,2.5137117,2.382925,0.4444001,-0.16543886
1.491993,2.676904,2.2089858,0.09206289,-0.5523191
2.8573108,2.9455094,0.5443144,0.47421092,-0.73420596
0.94922036,1.0038273,1.6568753,0.033822373,0.71381676
0.95609194,0.5588606,1.1667798,0.030775744,0.6300522
2.9579298,2.519821,2.9053376,0.5,0.4628961
3.5436227,4.3290143,4.616376,0.49917778,0.32713595
0.6274885,1.2258657,1.2900889,0.008631388,0.10794571
3.1312292,3.3219502,2.556756,0.5,-0.70242476
2.2356672,2.861059,2.9984663,0.37961885,0.16497035
0.780008,0.6665307,1.2420725,0.0,0.687855
1.8837985,1.493924,1.444408,0.2166916,-0.070695765
1.469844,1.9011852,1.655416,0.083304964,-0.33784527
3.7257235,0.8367995,4.3204265,0.48914924,0.70451444
2.9827294,3.3597705,2.252108,0.5,-0.6654022
1.4623369,0.20321976,2.1584003,0.07635003,0.7306926
1.7923554,1.8044046,1.817175,0.20161766,0.016267968
2.982048,4.0336046,3.069627,0.49596858,-0.66194916
2.0297208,1.7776139,2.853044,0.31051034,0.7010638
2.1627085,2.4243124,1.9893357,0.33390856,-0.49729446
0.6428854,0.7285947,0.2564278,0.0113806315,-0.7106771
3.8499458,4.268747,4.4412293,0.49941817,0.24620257
0.8697677,1.0452063,1.1365278,0.030797197,0.1586292
2.5627093,3.2515492,2.5301807,0.4981102,-0.6718828
3.1532843,3.4355552,2.6940084,0.5,-0.71272177
1.1564063,0.45499402,1.1559575,0.0406733,0.69506204
0.9013263,0.55284286,0.7832108,0.022100592,0.37342373
0.9143093,0.7522065,1.1047629,0.017445551,0.62559855
2.5859199,2.3334293,0.62202054,0.5,-0.7103082
3.1465442,3.638507,0.6211629,0.48094496,-0.66737944
2.6037006,2.8089495,3.0410807,0.49077326,0.31811607
3.0752244,0.2,3.2707431,0.48703337,0.73939514
3.1706443,0.31232572,3.232494,0.480605,0.70666915
3.4395602,3.4931033,3.1640556,0.4952737,-0.4309178
0.56289864,0.9342996,0.26545286,0.024169022,-0.6869558
2.7536004,3.480551,2.861272,0.5,-0.75953174
1.063838,0.5004578,1.2969868,0.0526831,0.71922046
2.4226558,3.4455996,2.2875495,0.4588945,-0.68991
1.3083937,2.2220013,1.6446542,0.07398222,-0.72614104
3.2958446,4.007601,0.94569445,0.5,-0.7064538
2.4325147,3.172372,2.048021,0.4705914,-0.7101085
2.2964942,2.338039,3.169014,0.41529125,0.7318271
2.2422526,2.0634048,0.8150557,0.39055538,-0.6695465
1.8019717,2.0620782,1.5573789,0.23363253,-0.59365183
2.6097484,2.9231186,2.4482927,0.4965984,-0.53851926
2.9177747,2.7816815,2.4943664,0.5,-0.36903277
2.1625164,2.6658514,1.5216022,0.36974454,-0.62231326
1.2954457,2.2098272,2.059405,0.053877976,-0.19039115
0.3174232,0.97868115,0.9551507,0.01986066,-0.016274065
1.6463879,1.9032148,1.3971556,0.13377361,-0.63820213
3.4886804,2.38151,3.9253502,0.5,0.71446806
2.6601937,0.6760087,2.573845,0.48546785,0.6783626
0.87331396,0.9880787,0.57369,0.018108489,-0.74484533
3.1662247,3.6673265,3.1967707,0.5,-0.5624369
2.0376728,0.72844446,2.1131432,0.298561,0.66936916
2.2848308,0.28113464,2.9470305,0.40245077,0.6953092
3.2211525,3.8147895,0.7215509,0.5,-0.7787885
1.0178928,1.1506679,1.048409,0.034732647,-0.15670528
2.6428142,2.5174768,3.9904897,0.48001897,0.69075537
2.2252173,1.6044091,1.2872368,0.38621745,-0.3278383
3.57247,4.1681643,1.0924578,0.49859744,-0.763187
2.1961372,2.1007164,2.1920574,0.3582235,0.09677713
2.8223388,3.8090522,3.0776548,0.5,-0.6602081
2.3698525,2.6257827,2.8547807,0.4307814,0.3225124
2.7484686,3.0934854,3.0177166,0.48596996,-0.06156783
1.0715308,1.6960737,2.0904434,0.028096827,0.67883754
2.401898,2.3662689,2.3594346,0.47633973,0.00591887
1.2566891,1.7158002,2.0157719,0.0491143,0.40662163
3.040717,2.8921409,0.932964,0.5,-0.7075076
2.763996,2.5443752,3.2810178,0.5,0.6831273
3.1141076,2.8325517,0.8879743,0.49800843,-0.6753702
2.1637878,2.0921457,1.9251995,0.3568335,-0.17702536
2.4983764,3.6935039,1.9941959,0.49588463,-0.7085722
2.9739337,2.7468534,3.1049142,0.4991471,0.44633248
1.4916155,1.9348257,1.3073817,0.06706001,-0.65723747
1.6629298,1.7976547,2.0950775,0.13447364,0.34628478
0.46774524,0.7366817,1.0609051,0.0,0.65609026
2.0803607,2.7218049,2.8017976,0.32223812,0.16040784
3.145689,3.0615816,0.9305497,0.5,-0.72355133
3.7321804,3.7297595,4.4736757,0.4931285,0.7093153
1.0257827,1.7855893,1.5752416,0.040235844,-0.3013576
2.1916015,2.273765,1.8423898,0.37328738,-0.5654531
0.8693154,0.46703115,1.1868414,0.025075309,0.7564943
0.7530306,0.6887203,0.57713085,0.0,-0.17641869
3.1490798,3.3118513,3.2638314,0.49603677,-0.02361449
2.6455228,2.2427804,2.801948,0.5,0.64021516
2.3134768,2.8767421,1.2428014,0.41444248,-0.70010656
2.0301118,2.2860203,1.6435219,0.29883948,-0.6861665
1.9124492,2.4556758,1.8069136,0.25555158,-0.64540905
2.1074266,2.3740523,0.96734357,0.32668445,-0.6929036
0.8189698,1.4526607,1.6452734,0.019670727,0.35490307
2.7736075,3.113107,3.113848,0.49754575,-0.06917924
2.5007238,3.325989,2.7758782,0.48502705,-0.6955239
2.1898365,1.885667,2.9601607,0.3748942,0.70610553
1.012421,0.73568493,1.4613893,0.034592167,0.7225607
2.1803114,3.2625833,2.7548559,0.36275518,-0.57397735
2.2641916,2.8816726,2.9858685,0.39991063,0.071866706
2.1419775,3.2592714,2.536233,0.34650752,-0.69161624
0.8667411,1.3949732,1.2155316,0.015232682,-0.30650413
3.371276,3.5199118,3.8746448,0.5,0.3947314
1.8943142,3.0177152,1.4323684,0.24772498,-0.697136
3.2696965,2.5459294,2.4629257,0.5,-0.097751044
1.453725,2.088387,0.66136867,0.06270365,-0.6693225
2.7033505,1.6369784,3.3054557,0.5,0.71013784
3.5305703,4.4773703,3.435735,0.5,-0.68407255
0.67958933,0.38435906,0.80054414,0.0,0.6581501
2.8275135,2.8739858,3.0842729,0.4962837,0.22546157
2.732243,2.3375258,3.641111,0.4887625,0.70825547
2.656471,3.1526964,3.1483033,0.4895534,-0.0037999414
2.8754926,3.0123239,3.1706572,0.47546422,0.17945929
0.9470241,1.9140022,1.3753029,0.03230378,-0.74596167
2.893628,2.714872,4.194193,0.49300963,0.7132529
2.1690135,1.8252982,1.8837646,0.3732547,0.09932934
1.3891742,1.3643988,2.3294842,0.06590768,0.6845294
0.8305965,1.7833393,1.02467,0.010607696,-0.6963095
2.437985,3.0575151,2.5301661,0.46613586,-0.6876931
3.1648178,3.9942694,3.6530259,0.5,-0.404387
0.8524545,0.80327076,0.20600422,0.009479994,-0.6895553
2.9980915,2.5733259,2.7274835,0.48144302,0.15236904
2.7461169,3.6729915,3.1557474,0.4893235,-0.61574584
2.3464167,1.8400149,2.814103,0.43235436,0.6850046
0.7172107,0.9261523,1.254975,0.0,0.5447682
3.0537794,2.919128,3.6211238,0.5,0.68326724
2.5739865,2.834115,3.8023915,0.48396343,0.757333
2.5435247,1.8882391,2.4696667,0.49697646,0.6470923
2.64369,0.68015367,3.023235,0.49436447,0.71724576
1.6604351,2.5560036,2.263807,0.15995133,-0.31069213
2.0782568,2.7768621,2.4613595,0.3268195,-0.35528338
2.8732557,2.5008245,3.0109468,0.4982116,0.61008114
0.44435817,0.9790289,0.31844732,0.0,-0.75566727
2.1184733,2.2991958,2.2466674,0.33470094,-0.04847318
1.2788639,1.4246881,2.0829413,0.06556034,0.7571152
4.3334317,5.449326,5.6336584,0.49841592,0.21303582
2.9504158,2.9938512,2.3338103,0.5,-0.6682429
3.326276,3.814104,3.464502,0.5,-0.4484486
2.1207116,1.440365,1.47774,0.3450133,0.051533557
2.7758884,3.0559645,2.6803088,0.4896277,-0.4699318
1.5603838,2.2082987,0.56533694,0.09775144,-0.70983464
0.8074315,0.9682303,0.40933886,0.01654236,-0.7849518
2.8886578,3.422128,2.9165535,0.5,-0.57439744
0.8342424,0.75708526,0.7862515,0.022945464,0.1120796
2.806413,2.7980044,3.1240733,0.48645198,0.377637
2.9040847,3.0250564,2.9009805,0.5,-0.08802441
2.239774,2.1486313,0.7584669,0.40123892,-0.7093541
2.1138031,2.7152774,2.2700732,0.3338952,-0.5588957
2.2134151,2.9048953,1.9500413,0.37738755,-0.7017552
2.3783705,0.6641132,1.7637577,0.4607031,0.6931254
2.4628747,1.3442951,2.1453147,0.469881,0.7106509
1.1378815,1.1089872,1.2748866,0.053296525,0.3019189
2.2999275,2.9316955,2.7533138,0.40963846,-0.203704
0.5874294,0.75515693,1.1159718,0.0,0.7151165
3.580226,3.646008,4.1876316,0.49481493,0.6333607
2.8091397,3.3973684,3.1971517,0.5,-0.26168913
2.451147,3.0244315,3.0481591,0.47469017,0.04551298
2.3136044,2.7812307,2.3074572,0.4293253,-0.5343358
1.1841605,0.5966076,1.2190012,0.0639215,0.6982151
0.72232074,0.34542724,0.6451342,0.0,0.60478467
2.460079,0.7172679,2.3019736,0.49061486,0.77994055
2.3285449,1.5668588,3.2433774,0.4355599,0.70694125
1.0000747,2.0319033,1.1525061,0.02786052,-0.67574126
2.6456165,2.8918633,2.3099995,0.49632978,-0.663785
2.2400174,2.1086743,1.9829488,0.39941198,-0.18762362
2.7006488,0.2684778,3.9127767,0.5,0.68945277
2.2414389,3.0398774,2.5519476,0.3865052,-0.58300316
2.1493185,1.732442,2.600595,0.3469103,0.6701405
2.6250758,1.8576598,2.510654,0.49546266,0.7334634
0.9891106,0.7147171,0.2,0.033886146,-0.74023527
2.132146,2.493587,1.7293842,0.35276347,-0.79732686
0.8977895,1.8186927,0.7481804,0.0229685,-0.71687424
2.4203236,3.1532378,0.69380385,0.45344627,-0.6126679
3.6589882,3.6893754,3.9249065,0.5,0.21234705
2.9583504,3.3453045,3.5649006,0.49809635,0.36675882
2.1311748,2.44272,2.2772317,0.33912,-0.18140557
0.87055564,1.1856563,1.261257,0.021321274,0.10799707
2.1259017,1.3794007,2.8242142,0.33515233,0.67602754
1.3014159,1.3390867,2.2149951,0.068472266,0.69919807
2.758941,3.3284233,2.5091472,0.5,-0.70534766
2.9455342,4.0569,3.3475723,0.5,-0.64459777
2.6097794,3.0177236,3.093474,0.4928603,0.08115124
2.7735083,3.470676,3.0595715,0.5,-0.46705553
2.378618,3.0947237,2.4327908,0.44733068,-0.6847432
2.045596,2.118919,1.7009932,0.31799924,-0.52653944
2.8139198,2.351554,2.920848,0.49751627,0.6701439
3.176654,3.9442866,3.5009708,0.5,-0.51122904
1.9093087,3.0255353,0.62881035,0.25536543,-0.6790597
3.5214393,0.81968784,3.6197832,0.5,0.74221826
2.9441838,3.7576172,2.5773804,0.49929628,-0.66219544
2.3338232,2.6500354,2.048656,0.4349947,-0.6814815
2.2402866,1.8875579,0.90784055,0.39829528,-0.72213864
3.7404084,3.9359221,0.3003147,0.49557477,-0.69960374
3.2000313,3.0822148,2.6525807,0.5,-0.47786856
3.3141978,3.715063,3.043132,0.5,-0.7136374
2.428871,2.8842673,3.4578621,0.45678437,0.73302114
2.9420474,2.8040836,3.068956,0.5,0.2532538
2.8498743,2.3391023,2.9767334,0.5,0.7012372
2.4739234,2.4639907,1.9711045,0.47611895,-0.58958626
2.6753035,3.6413162,2.828782,0.5,-0.7058058
3.2604518,0.30165356,2.62283,0.49926242,0.68574953
3.5536215,4.1774464,3.7613423,0.49574623,-0.49999085
2.5106745,2.9154992,2.0500617,0.5,-0.65763897
1.8056943,1.7008603,2.6681757,0.17297612,0.70498836
0.9690012,0.73043376,2.1563573,0.020060256,0.7064626
3.610095,4.0901895,3.4560091,0.49528638,-0.71336555
2.937975,3.0302372,2.2207766,0.48806447,-0.7069353
0.84339917,0.881312,0.82353014,0.009959132,-0.080886364
0.5512932,1.0069854,0.2,0.006641908,-0.70655876
2.0491962,3.05972,0.5834329,0.3155002,-0.65060437
0.5171205,1.3750573,0.25353816,0.0,-0.71009123
1.8296095,2.1290596,2.5555692,0.22955282,0.47692138
0.51179814,0.2,0.2245147,0.0012405706,0.0692272
2.2846088,2.429243,1.8498145,0.42509767,-0.685427
2.248671,1.9902519,2.86245,0.41127744,0.70311326
2.5464208,2.656335,2.4238918,0.49071532,-0.23268439
3.1726387,3.1535077,4.02823,0.49158087,0.6989134
2.2744896,2.3448029,2.4824421,0.4122656,0.14787358
2.1590817,2.939199,2.4792717,0.3600062,-0.5541485
2.321907,2.3633597,2.6128259,0.44109505,0.26299042
3.1417387,3.180672,3.5590982,0.5,0.47431988
0.7596061,1.209263,0.77765334,0.012033308,-0.69891673
2.777968,2.4065905,2.8954043,0.4911818,0.55962294
3.496267,3.564753,0.87824136,0.49345392,-0.7817027
4.363346,3.838924,4.1412506,0.48354548,0.36102614
2.9948127,3.4756134,3.2466273,0.5,-0.22624034
2.9053779,3.2614872,0.29470733,0.5,-0.6915484
1.8724087,3.0292761,2.424654,0.22145246,-0.65438914
2.8566394,2.218033,3.662178,0.5,0.6845157
2.600344,0.68155164,2.605786,0.49775362,0.63453823
3.1402135,2.462638,2.8418024,0.5,0.4791098
0.9702188,0.6982572,0.7972605,0.040158894,0.19458082
2.7505853,1.8551414,3.3397434,0.5,0.72003007
2.9681907,3.205444,3.320192,0.5,0.06037056
0.38327378,0.7556435,0.5736406,0.0,-0.35096937
3.5308735,3.5631087,3.6707463,0.49717984,0.17678659
3.3552716,0.7239824,3.2316537,0.5,0.70424604
0.9192982,0.8437303,1.487672,0.028280057,0.7096636
2.325074,2.5864916,2.6779423,0.43515635,0.10900072
1.1164682,0.8133471,2.2229788,0.05349183,0.71138746
2.1729524,2.3362293,2.336323,0.3782183,0.008583125
2.442944,3.21398,2.7753344,0.4747158,-0.5497744
3.6836576,3.5948696,3.6428368,0.4933511,0.031348933
2.9363887,2.6550963,2.8673692,0.5,0.24949603
0.94216365,1.0756898,1.0814666,0.023837475,0.015154051
2.8009593,3.878619,0.9063787,0.49795836,-0.6917444
0.86466837,0.48257008,0.7446755,0.014625591,0.4852552
1.2988336,0.76414406,1.2727937,0.080787756,0.7861308
0.8820602,1.7302136,0.68424445,0.014216399,-0.726603
1.3753514,1.3731782,1.1241039,0.057110827,-0.28834265
2.10275,2.1214457,1.9650985,0.32972583,-0.23530146
0.7969332,0.29163736,0.2,0.0025849948,-0.19057937
1.4562341,1.6970587,1.7672696,0.08095365,0.072460026
2.2101784,1.3904577,2.5305376,0.3710112,0.6879205
2.6531603,2.1936631,3.2118156,0.5,0.67631555
3.2018461,3.6133997,3.4307704,0.49928382,-0.19078252
3.2403424,3.5330958,2.5671253,0.48586735,-0.7504695
2.1457078,1.9905347,0.7989837,0.35646227,-0.70269674
2.7835884,2.8392005,0.76813495,0.5,-0.7417155
1.7739912,2.2946346,2.4079776,0.18840404,0.10913906
2.612109,3.0074356,3.0578032,0.49349293,0.056156613
3.1457462,3.661399,4.1012716,0.49535015,0.53774273
2.5696585,2.1468582,2.6345367,0.5,0.6405439
0.73794264,0.60437423,1.5553501,0.006247732,0.7203259
1.0063227,2.219086,0.970008,0.03722439,-0.6870086
1.0248383,1.0042958,2.1154835,0.043854408,0.7017712
2.4536378,2.4321008,0.6228748,0.47004372,-0.6618209
2.3097165,2.5533905,0.49236348,0.4248579,-0.69431293
1.0581483,1.3626434,0.6808746,0.065204404,-0.7049527
1.7893114,1.5526472,2.7423744,0.18262464,0.7005598
3.232414,2.0913875,4.1639833,0.5,0.6934301
3.509448,0.38326424,3.2533648,0.5,0.7099841
1.9651788,2.1807442,1.7526419,0.26591414,-0.5368026
2.6031563,2.003832,0.5143381,0.4940638,-0.6272109
1.6535074,2.0147963,1.1856585,0.16149011,-0.72370046
0.9245029,1.2435347,1.0475714,0.02366187,-0.34580356
2.7416544,3.4255998,2.8462691,0.5,-0.7034137
2.2801902,1.976585,1.386144,0.40362653,-0.6998643
1.3996568,1.7570686,0.9310904,0.08221248,-0.73863274
3.6422503,4.125111,4.760177,0.5,0.79781777
0.80900615,1.7832441,1.6704271,0.010739973,-0.21308112
1.888817,2.5685227,2.2226846,0.25910223,-0.44021326
2.6882744,3.415597,2.9786878,0.5,-0.494346
2.5407195,2.8278048,2.7542531,0.4953051,-0.049440958
0.72464424,0.70945174,0.8223769,0.0,0.24658339
0.99544156,1.7828462,1.1496989,0.028857244,-0.7127898
2.7993314,0.53300935,2.2072005,0.4875296,0.6979367
3.1251736,4.0849566,3.2751634,0.5,-0.71289825
1.0031477,1.5978158,0.2,0.0074450276,-0.73287946
2.111119,2.1882048,2.2436655,0.33608976,0.06244335
3.115549,2.5192091,3.5101123,0.5,0.7376502
2.3286374,2.4192219,2.178352,0.41488457,-0.24282527
2.5482588,2.4684849,2.9057727,0.5,0.48559457
2.3603725,0.3254838,2.4858463,0.44878665,0.7196745
2.3622549,2.2418551,2.7825608,0.42059135,0.6351498
2.2740853,2.9344158,2.6726649,0.42172194,-0.317215
1.8500658,2.0657856,1.6196308,0.23641698,-0.5620431
2.877899,2.9571445,2.379348,0.5,-0.68322814
3.3113508,2.6555328,2.725828,0.5,0.044264544
0.99689704,1.1222411,0.7394546,0.034995995,-0.58989894
3.2212555,4.1467876,3.786157,0.5,-0.45024335
2.3120604,2.523387,2.8662815,0.40675813,0.44653666
2.2682421,2.3219879,2.2652304,0.3807549,-0.06015407
2.7944553,3.4467278,2.9139347,0.5,-0.6810589
2.9016955,3.7167938,2.405627,0.5,-0.6546879
2.495809,3.4262257,2.1159077,0.49954638,-0.684512
3.004353,3.3734913,3.396307,0.5,0.08419489
0.67090535,0.21312436,0.67619985,0.0,0.67258257
1.0373393,1.6974926,1.0954397,0.034297634,-0.7018387
1.2889713,1.2884661,1.8617002,0.06661403,0.70541
3.2048855,3.0881903,3.615298,0.5,0.6240813
3.0925765,2.8577027,3.2048497,0.5,0.44263017
3.2354894,3.6610987,3.9909675,0.47561982,0.39296335
0.560197,1.2089769,0.46625176,0.0,-0.7264121
1.5619979,1.4481418,1.3291062,0.12003632,-0.17187272
2.4661953,0.62602043,2.027726,0.48193142,0.7119263
0.89215094,1.592195,1.6379457,0.0066263527,0.055442248
3.1180134,3.413099,0.61430067,0.49968103,-0.7123394
2.3061843,2.5074785,2.5142353,0.42452195,-0.031603668
2.0169058,2.1386983,3.1577427,0.3111105,0.66605145
1.9893472,1.914005,1.8898814,0.29349673,-0.035967153
2.255161,2.7955518,2.5698566,0.38336378,-0.27755308
1.453599,2.2397606,1.7236046,0.08003442,-0.68216497
2.2703164,2.5105975,2.5211933,0.40441993,-0.016852703
2.604456,2.567188,3.2599795,0.5,0.7296779
1.1691607,1.6012672,1.5438749,0.046270475,-0.07249296
2.370429,2.1333869,2.7025898,0.4490087,0.70485204
2.1780262,2.9731998,3.1961474,0.37875637,0.2551146
2.2917552,0.51047546,1.725816,0.4164785,0.747034
2.3494606,2.728674,0.9148066,0.4435881,-0.7273893
3.0352612,3.0423155,3.2601264,0.49137035,0.21290167
2.5369563,2.7099652,3.0685925,0.48655155,0.48600113
4.517331,3.8027818,4.6761956,0.5,0.72709376
2.4422402,2.2428095,2.289153,0.49538013,0.110364266
2.870181,3.4139001,3.6325257,0.5,0.23955946
2.462326,2.220656,3.029081,0.47597614,0.70597655
0.5114236,1.8458765,0.35333252,0.0,-0.70554674
0.85868543,0.75338835,1.86191,0.024723927,0.7147665
3.2243745,2.947794,3.1742601,0.5,0.22553529
1.5378242,1.9621174,1.640118,0.07889328,-0.3949832
1.1768485,1.6022891,0.656193,0.055417683,-0.715558
1.0972346,1.9586471,1.4222552,0.052639384,-0.7372697
2.2790105,2.3487835,3.4924808,0.40223867,0.7031727
1.6695223,1.5308487,2.8716938,0.14049336,0.68961084
2.7051473,2.5484922,2.6887941,0.5,0.17661262
1.4809579,2.2813447,1.3898118,0.06998271,-0.6556769
2.6894662,3.731196,2.8701885,0.4879041,-0.6788354
3.0295453,2.9244647,3.9265654,0.5,0.69419485
3.162746,3.2523758,3.4375746,0.49914286,0.1905221
1.2015951,2.0611265,1.8220367,0.050265305,-0.32549715
3.541977,4.125198,3.9889197,0.5,-0.11258475
1.0414239,0.92506576,1.8046731,0.03129897,0.7311562
1.0004947,0.6392394,1.6581497,0.040424105,0.73990965
0.7891148,0.6679442,0.6125892,0.011767844,-0.08224737
0.72044456,1.3470081,1.0299451,0.0026690247,-0.59955585
2.6245823,1.9951006,2.5809083,0.5,0.6853972
3.5336957,3.7890244,4.222644,0.49712753,0.52073485
0.53331333,0.5413241,0.9990208,0.0034764316,0.68134415
2.7425323,2.5949497,3.2599835,0.49037772,0.6628303
2.8277497,2.7952664,3.2075183,0.5,0.5519497
2.4896033,3.1401944,1.9588441,0.4783204,-0.702029
2.1318974,2.5364852,0.85457027,0.33190316,-0.6886304
2.9068587,3.6477625,2.541222,0.4844838,-0.7182731
2.9009624,2.6827643,2.6545029,0.5,0.002187824
1.6162506,0.9241343,2.3792698,0.13630286,0.68823564
2.5274477,2.8223934,2.5781677,0.49224573,-0.2985098
3.1011791,3.3432283,0.64693516,0.5,-0.69247216
3.4995816,3.4261258,3.4362037,0.5,0.016824352
3.0547884,2.170077,3.5978963,0.49579298,0.64480853
1.6923825,2.3606288,1.6281202,0.17383887,-0.7249466
1.9540128,0.7264873,2.726005,0.26531455,0.73110586
2.3535311,2.972581,3.0878277,0.4286909,0.11795895
0.75780624,1.2138925,1.3877451,0.031373803,0.29750705
2.2443178,2.7252176,2.7683775,0.38540608,0.032508843
3.196366,3.4296937,2.7757614,0.5,-0.7223299
2.2388268,1.2394162,2.3026912,0.39188287,0.6885419
2.926486,0.64497644,3.3501787,0.5,0.6864292
2.0209174,1.8130105,1.827768,0.2948224,-0.024115467
1.2890791,2.3988519,1.739588,0.064329766,-0.71663004
1.931421,2.5934243,2.6366782,0.25379,0.022203205
3.4505847,3.5489106,3.0410395,0.49817383,-0.61518246
2.1564872,0.66802984,1.4735802,0.35615304,0.6535085
1.6858104,1.9156759,1.9059675,0.15432413,0.03426154
0.6898263,0.7607304,2.1245463,0.010210512,0.7239583
0.720982,1.0808177,0.88822085,0.0,-0.36499786
2.2870991,1.7705632,1.8655258,0.40385413,0.12565088
2.9249687,3.8892195,3.4580994,0.5,-0.49709865
2.4129393,2.9173214,2.7890477,0.4583288,-0.14696868
0.7890258,0.73866713,1.327596,0.0,0.7378949
2.341653,2.7526155,3.6864078,0.42546532,0.69738925
3.2262824,3.9988682,2.7991862,0.47541675,-0.70249146
0.83277506,1.2228005,1.4372487,0.016421255,0.36930543
0.6202213,1.088471,0.8607216,0.0,-0.45684412
2.0674987,3.055093,2.5375562,0.3048016,-0.5907978
1.937444,1.7891996,1.7575053,0.26884517,-0.042507745
1.8800672,1.5567967,1.3385458,0.24587946,-0.24965376
0.8840661,0.97494,1.9397557,0.023132276,0.6759766
2.430928,3.103832,3.5600977,0.46998844,0.5607923
2.7150366,3.3769937,3.8822973,0.5,0.5917953
2.909313,3.1779928,2.7584856,0.4913084,-0.5081254
1.5790834,1.3996819,0.38660452,0.10469942,-0.72519404
3.0166652,4.010857,3.7497945,0.5,-0.2667628
1.3830941,1.05092,1.4921765,0.07746888,0.56814706
2.316617,2.1929216,0.27529678,0.42861286,-0.7021748
1.4464803,0.93183094,1.8197532,0.07683484,0.70113945
1.2992815,1.9980453,0.8854233,0.04829676,-0.7459926
1.5747876,1.7215401,0.85140365,0.10215315,-0.7080531
1.9447252,2.9541035,3.238724,0.2714018,0.33616757
0.41560417,1.0450244,0.5027568,0.0036578453,-0.7463015
2.5228329,2.2880118,3.0963023,0.4985548,0.6921855
0.80599576,0.896913,0.88585746,0.013185154,-0.051108822
3.1272326,3.0263982,3.4062963,0.49517483,0.4711286
2.5473754,3.4316695,2.7258222,0.4829389,-0.6702552
3.1557064,3.84632,2.6291785,0.5,-0.68229
2.8256052,2.2555416,2.7426465,0.5,0.60469365
2.0209062,2.486151,1.0170599,0.29269174,-0.6897714
2.221428,0.5012976,2.5519924,0.39710194,0.6677475
3.4765298,3.0519376,3.6825736,0.5,0.6851488
3.2588031,3.1442726,2.5930722,0.5,-0.69153774
0.7359562,0.7914416,1.1520829,0.0020692928,0.6699953
3.2142189,2.2577353,3.1467957,0.4787924,0.6648863
2.8876429,3.2082212,2.7797828,0.5,-0.52819633
2.8011687,3.031092,0.7564161,0.5,-0.71825373
2.5896628,0.69434184,2.8955066,0.49318203,0.6557179
3.6088972,3.8248866,3.8256476,0.5,0.017390655
2.311672,2.406708,2.306688,0.4230968,-0.13238694
2.7541199,0.53849846,3.644635,0.5,0.74045885
1.5499797,1.4963343,1.7477655,0.10049056,0.31690964
1.779183,1.6118746,1.2251215,0.20328915,-0.4748966
3.6969604,4.224619,3.5456045,0.5,-0.6847499
2.9981828,2.6325107,3.3147266,0.5,0.7290854
2.4822965,2.4475253,2.9825454,0.49563226,0.6012096
2.6113544,0.5681424,2.3170698,0.5,0.6908331
1.7864504,1.2376336,0.6367478,0.2038288,-0.7480197
2.3458076,2.296982,2.7683969,0.4334285,0.5409066
1.748486,1.9346486,1.968084,0.17627724,0.050373226
2.394842,2.68328,2.7940602,0.46663654,0.17780034
3.0658967,3.4354312,2.8728197,0.47641033,-0.6590417
2.8659267,2.6497505,3.5204551,0.49604496,0.67796534
3.5353062,3.2280357,4.127766,0.47756347,0.7022234
0.8252986,0.8167017,1.3903906,0.005109933,0.6646179
1.160729,1.4662935,1.1213803,0.0532669,-0.5287213
3.750141,3.820663,3.6989658,0.48038694,-0.09504332
2.0926793,1.7150131,2.260121,0.33412442,0.6003471
2.7265146,3.9943924,2.0255077,0.5,-0.7369147
2.6468632,0.47122806,2.6793206,0.5,0.7205651
2.7473817,2.2460098,3.3513966,0.5,0.7366575
1.0462562,0.84623265,0.8292792,0.051996376,-0.037137795
2.6165447,3.3084793,3.7552388,0.48852682,0.55959547
1.7290311,2.249648,1.4051535,0.1778853,-0.6863895
4.1346,5.1723094,3.8781412,0.49785465,-0.6691155
0.75705236,0.5216044,0.6337314,0.009948108,0.14774583
2.5821774,2.6975002,3.063995,0.4934526,0.46952945
0.6983208,0.4513805,0.7675351,0.0,0.64997536
1.3151041,0.9419053,0.76131886,0.049920496,-0.22100861
3.1072304,3.9172633,3.5973744,0.5,-0.38668045
2.238889,2.4896147,2.5847821,0.39845967,0.15213083
2.80079,2.6524441,0.45632958,0.49030784,-0.6928713
2.8465116,2.1963005,3.8684068,0.4973554,0.76427907
1.2186999,1.6729729,1.7475446,0.051408518,0.12259115
1.7367767,2.7094233,2.2270036,0.18551584,-0.5490013
3.5316846,3.9636676,3.375748,0.4954237,-0.6907345
1.0403297,1.4596885,0.71187836,0.03457611,-0.66920894
3.8275988,4.0853662,4.713894,0.5,0.69234985
3.3556762,4.0389457,3.1248178,0.498166,-0.70222366
2.494669,3.215031,2.9128504,0.5,-0.40697908
2.3759434,1.1803635,3.0761216,0.45806283,0.71384805
3.5960045,3.6697752,3.0964818,0.5,-0.7172179
3.831326,3.7173953,3.9140122,0.4882476,0.20563044
0.6433077,0.9717597,0.38522214,0.010763838,-0.63205856
3.5085578,0.6223196,3.9199572,0.49349475,0.71685594
0.6410746,1.0505339,0.4233486,0.0059304484,-0.6761205
3.3314242,3.7442307,3.0648167,0.49130893,-0.6795831
2.691062,1.8981998,2.1921124,0.5,0.311069
0.626763,0.2244263,0.86127096,0.0,0.66684985
1.9585726,2.539002,1.2976844,0.27382967,-0.7200032
1.8107846,1.6001202,2.7379375,0.21798953,0.7208188
0.50703037,1.5474604,0.5654577,0.0011740082,-0.67697823
2.567408,3.243944,0.66249716,0.5,-0.739182
1.9067008,1.1989522,2.0257692,0.23844634,0.71731
3.1604202,2.944534,3.4925156,0.49119732,0.61946905
2.3268397,2.630763,1.8421613,0.42075902,-0.7273589
2.172653,2.1660075,2.6929674,0.36937803,0.6218488
0.6904753,0.84778625,0.26377344,0.009330376,-0.7214042
1.7766474,1.4003795,2.6203434,0.20033471,0.7656554
2.7690704,3.1256118,2.6550908,0.5,-0.56025904
2.2315662,2.4145672,2.7400448,0.38588282,0.37534857
2.2046468,2.7543995,1.7202427,0.3805606,-0.66979647
1.7245568,1.9129922,2.275004,0.17528664,0.45061
2.6611435,2.5083542,1.9314822,0.49500325,-0.6847515
2.1192424,2.374917,1.4736031,0.33822924,-0.69676584
2.9489481,3.337272,3.686287,0.5,0.42092147
1.0200647,1.2164615,1.6721619,0.041668717,0.69322973
2.3755925,3.254193,2.3540463,0.44965434,-0.7056029
2.072012,1.7469699,2.0742843,0.30783582,0.3831221
1.1464541,1.7820325,1.2521466,0.04357729,-0.73282856
3.0688474,2.6325634,3.3959472,0.4978972,0.7313093
2.2216434,2.7472768,2.8829439,0.3867066,0.1366103
1.8210139,0.91810775,0.79661274,0.1995115,-0.13631128
0.99148655,1.0991406,0.44021925,0.045490086,-0.6671187
3.2837067,3.9507968,3.3872583,0.49365592,-0.65651566
0.99897593,1.0752618,0.8001909,0.034824345,-0.42110905
3.2068224,3.4092407,4.066811,0.4931895,0.7087786
0.9288091,1.3331828,0.869862,0.02522168,-0.72251797
3.0713923,2.113107,3.878871,0.5,0.74858266
3.2045438,3.575389,3.375192,0.48902905,-0.24460363
2.5716743,2.2994232,2.3460135,0.5,0.091463536
0.99469656,1.6691014,0.6964198,0.038960073,-0.6983256
0.7913085,1.0124327,0.60586065,0.0067981863,-0.68195313
2.797877,3.168473,0.8617972,0.5,-0.7346936
2.938115,0.779797,2.9409335,0.5,0.7216702
2.3744676,2.9459734,2.107682,0.44084567,-0.66791135
2.4063952,2.585517,2.7278814,0.46419322,0.15055619
0.8241846,0.27223614,0.6768615,0.013933141,0.68605965
3.0756066,3.0774913,2.8629947,0.5,-0.27188826
1.3190625,1.8796518,1.3614271,0.06861838,-0.68719816
0.9638315,1.2619776,0.8395943,0.021535782,-0.73779565
1.927263,2.502724,1.95589,0.24671625,-0.6223755
2.5294235,2.4777126,2.5904465,0.49847382,0.09153737
1.1050014,1.88674,1.5368719,0.037535366,-0.5213442
0.97798514,1.759706,0.2700584,0.03258124,-0.69412655
3.1391027,2.4497502,2.6655984,0.49394864,0.2665793
3.4325085,3.9501047,3.8988826,0.5,-0.085337564
2.8302693,3.7290685,2.6720295,0.5,-0.65306735
0.98427904,1.35307,1.304139,0.024953125,-0.009184916
2.0884714,2.2030597,2.746062,0.32872257,0.64665484
2.0674467,1.5631362,2.2197118,0.31578797,0.6849443
2.8647568,2.9383984,2.6334639,0.5,-0.3441336
2.5418792,2.4831948,2.6499922,0.5,0.21514249
2.1020935,2.6517527,1.8416494,0.32717285,-0.6745591
3.4457676,4.128534,3.2029586,0.5,-0.72633386
1.0933478,1.1860149,1.0407009,0.045903336,-0.19550814
3.0325072,2.7248716,2.52451,0.48249528,-0.24726653
2.1662004,1.3642739,1.8845601,0.3687322,0.63667434
0.5154951,0.9906339,1.0261534,0.0032373227,0.061685592
2.4978216,2.9425907,2.7497435,0.49480152,-0.26158342
3.1952894,2.351709,3.5239663,0.5,0.6885261
0.93693274,1.4104092,0.5669783,0.023970561,-0.71568745
2.7069206,3.2947812,1.9627217,0.5,-0.67532176
1.0950881,0.22027092,1.1477138,0.04418424,0.69141316
0.6517289,0.36762276,1.5707932,0.0,0.6945839
2.3215275,3.7056067,3.3759515,0.43214273,-0.4112796
2.7611148,2.9343693,2.5460901,0.5,-0.52928877
2.950508,0.61841136,2.6113498,0.5,0.7387573
1.749457,2.049999,0.89086956,0.17993417,-0.6893022
1.2725703,2.0995865,1.2749455,0.04810345,-0.6907969
1.9939381,2.0568914,2.4541664,0.29144806,0.47828448
1.0198575,0.9035848,1.0734181,0.03972012,0.2494738
3.5937152,3.040347,3.1611197,0.48667014,0.13983877
1.0492854,0.29330614,1.0901146,0.042056143,0.69001603
1.8762089,1.6419438,1.7244118,0.24156874,0.08010504
3.5921564,3.2257164,3.0669737,0.5,-0.19159387
2.3194199,1.6669748,2.1085343,0.42442572,0.501477
2.370668,2.5625393,2.9671237,0.44921023,0.4753736
3.4684515,4.0471554,3.8123195,0.49506178,-0.26632622
3.3462727,3.4377265,3.743694,0.5,0.36977684
0.7962131,0.8635337,1.6268818,0.011379909,0.71656185
1.5765091,2.5878294,1.6627302,0.11440568,-0.69047105
1.8391987,1.2120112,1.9068946,0.20643198,0.68202823
1.214902,2.2961082,1.5857574,0.032109234,-0.7180851
2.7528505,2.2786376,2.459141,0.5,0.17157447
2.2163906,2.3317003,2.67647,0.38294587,0.4157189
2.429912,2.769073,2.8912272,0.4542073,0.14638218
3.2322884,3.9179008,3.6230028,0.49851736,-0.3182264
3.477961,2.9191155,3.3169823,0.5,0.48251984
2.5824964,2.8249617,3.0883977,0.5,0.295688
2.182238,2.111126,3.18261,0.35847956,0.6957701
2.4852107,3.0871267,2.8263397,0.5,-0.29323426
3.4103036,0.61100876,3.3086872,0.5,0.7387431
0.8940304,0.2,0.50371873,0.027359275,0.53383875
2.6725492,3.1060145,3.10775,0.5,-0.0068774265
2.2633364,2.4419892,3.2712846,0.38930753,0.6893674
0.7244937,1.8239628,0.3681214,0.0,-0.6886939
3.5567484,4.243317,3.385267,0.49348688,-0.7000758
1.6885413,1.4264984,0.51278883,0.15638453,-0.65370196
2.4552393,0.46083915,1.278751,0.49214324,0.6979632
0.9714222,1.2138268,2.0079165,0.03420022,0.6655023
2.6545196,3.244735,3.4344583,0.49604547,0.3017963
2.3425486,2.1222878,2.1094928,0.45542547,-0.051471442
1.0468221,1.0522951,1.7700504,0.023346772,0.70613
2.8588524,3.3245335,3.05034,0.4930185,-0.33451107
1.8999038,2.4943242,0.88197774,0.261632,-0.7390403
2.644528,0.78042686,2.3581774,0.49879432,0.670163
2.8283498,3.3154738,3.4920492,0.5,0.20733017
1.2568371,1.0321308,1.8143907,0.05002303,0.73197824
0.84902006,1.1155957,1.1742704,0.037252497,0.0876855
2.2516603,1.6010438,1.8676823,0.40153658,0.35843024
2.028316,2.6401787,0.45800033,0.29414028,-0.688935
3.1219852,3.6208346,3.7845562,0.5,0.20889203
1.9475093,1.8034096,3.056317,0.2627586,0.6958851
0.8339585,0.5752381,0.8937189,0.020676807,0.59584975
2.3547924,2.5645058,2.351462,0.42975768,-0.30377582
2.1725204,2.7160385,1.8004779,0.3599349,-0.69310105
0.9063195,0.49390116,1.1831084,0.028983597,0.6752095
0.6769223,0.32111484,0.31207353,0.0,0.01615115
2.22036,2.0213928,0.93336344,0.37907517,-0.65042263
0.84443885,1.0654104,1.3077699,0.019925328,0.4332581
2.8132625,3.8206983,3.6625288,0.5,-0.16024011
3.0937457,3.4022233,3.3941298,0.5,0.041918732
3.3809216,4.0227804,3.880193,0.5,-0.11564787
0.9741702,0.7899395,0.927465,0.039401352,0.26135877
2.5049052,2.376262,2.7602172,0.49592894,0.49077466
2.708607,2.5633786,2.341723,0.5,-0.21434908
2.7013242,2.856448,0.68281245,0.49490595,-0.6823622
2.1760314,2.6695185,3.3924127,0.36194208,0.70260304
3.502947,3.514199,3.7109244,0.5,0.2361999
2.6416721,2.662457,0.881675,0.4741091,-0.68241644
1.3766865,1.9123205,3.504288,0.08518348,0.72161174
2.822637,2.7774458,3.6225593,0.5,0.65125597
0.6826987,0.47435424,1.6888771,0.0,0.65618896
1.9972367,2.0455098,2.3691604,0.28473648,0.3794048
2.5741613,3.7330136,2.281258,0.47008955,-0.6840137
0.67859566,1.2838945,0.7973094,0.0,-0.69303584
3.5544312,4.7112293,3.8097029,0.5,-0.6884463
2.701002,2.2433732,2.8681297,0.5,0.74486566
2.3390858,2.7689548,2.0360138,0.42728773,-0.75615454
1.225834,1.2667052,1.2231768,0.05832836,-0.1035905
2.307506,2.3492026,1.8891755,0.4190961,-0.49143073
0.7554637,0.2,0.33590806,0.00325552,0.32580724
2.3825035,3.2427583,2.2180607,0.4630188,-0.7276468
2.439795,1.9089421,2.4785848,0.47748965,0.6589827
2.9710212,0.9243762,3.1112714,0.4846702,0.7157427
2.005533,1.9750649,2.1711106,0.29985988,0.25418147
2.7719016,2.5470114,3.895007,0.5,0.69655704
1.1396023,0.9122812,1.3026462,0.04571075,0.5652058
2.0553365,2.3175795,1.3482889,0.31999525,-0.72432476
0.89636344,0.9640699,0.96768683,0.035055548,0.02237408
3.0249994,3.2335691,3.1043978,0.5,-0.1870847
2.1140149,1.3488231,1.1997545,0.35369068,-0.1794252
1.0923388,0.29714122,1.2936863,0.033497043,0.7590888
1.7076566,1.0702415,1.6537926,0.16634913,0.7322377
2.1580718,2.7983408,2.3367996,0.3633108,-0.5461632
0.54173636,1.4205216,0.8133698,0.0,-0.6738045
0.81805605,0.91662186,0.83957124,0.025956428,-0.12025848
2.7733471,3.3450794,2.886717,0.4788059,-0.53747535
3.1789546,0.57544386,3.0892947,0.5,0.7152643
2.9402585,3.75277,3.3978438,0.5,-0.41968396
0.7860961,1.5395972,0.70631486,0.0136074405,-0.6605941
3.1871755,2.7309096,3.6157193,0.5,0.7110965
1.6194341,1.8438784,1.1868292,0.12643169,-0.6556722
2.1411486,2.8752623,2.0832803,0.3410141,-0.69337475
2.5864184,3.128251,2.9411733,0.5,-0.2528826
2.9330208,3.4769456,2.4634066,0.5,-0.7033145
2.3922665,2.6010807,2.281585,0.44775712,-0.40696618
1.5438576,2.073768,2.0175672,0.11014325,-0.043835152
1.4742936,0.9375632,1.2088007,0.07551661,0.31962907
2.578576,2.0913384,3.3063354,0.4845432,0.68857986
2.3328311,3.2650812,2.4641747,0.4239701,-0.6449149
2.04516,2.8117313,2.0364459,0.30653474,-0.67431295
1.9204994,3.036111,0.4520399,0.25139183,-0.72365034
2.6710494,2.788114,2.7924778,0.5,-0.020672875
3.4301414,3.0868852,3.5695899,0.5,0.53015417
2.6570945,2.7727437,2.722933,0.5,-0.08181941
3.4041188,4.541713,3.5367374,0.5,-0.69167954
2.3236,2.122039,1.9995725,0.44333315,-0.09004731
2.855972,3.0257826,3.3628218,0.5,0.37828368
3.4398682,4.230086,3.2788467,0.49360046,-0.71389854
2.4703362,2.7146273,3.168856,0.5,0.5391892
2.5872169,2.6520875,2.2875578,0.495679,-0.4746266
2.3882437,2.9090621,0.5608833,0.45277843,-0.7069954
2.9500692,2.943982,2.710871,0.5,-0.29838887
3.1477187,0.53048235,3.6785743,0.5,0.7126845
0.7495681,0.20278764,0.6893112,0.0,0.73267806
2.4196448,1.8146904,0.53676057,0.46843943,-0.7233479
1.6646066,1.7873044,1.5530032,0.1471913,-0.3143947
2.6058812,0.83437216,2.3465748,0.5,0.68693376
2.4597583,0.34821427,2.4200153,0.47974804,0.7207756
1.4253831,1.5921862,1.8565645,0.07192997,0.33773774
2.6658785,2.9704537,3.1466305,0.5,0.17556424
3.604496,0.3979562,3.8972678,0.49285284,0.70716923
0.6271677,0.20185228,0.88349956,0.0,0.71606755
1.6913762,2.1773825,2.8251023,0.15715082,0.68077266
1.8981471,2.2477353,1.6629659,0.23942345,-0.69545716
2.2157938,2.58029,2.364641,0.38165984,-0.27270696
0.95305467,0.5864422,0.2,0.036523182,-0.6332838
1.851168,0.91892284,2.2061546,0.23076399,0.71671766
1.908093,1.8752301,1.6853365,0.2499309,-0.21183477
2.9105814,3.788666,2.9894671,0.4960068,-0.733938
3.1530197,2.325452,0.81809366,0.4997597,-0.6661559
1.6990542,1.6315464,1.7380849,0.16898495,0.14515565
1.5693264,2.479892,1.7460965,0.10499701,-0.7287414
2.129775,2.2136667,1.9356863,0.35101432,-0.30361181
2.9857357,1.9071828,3.3121033,0.48747048,0.7271809
2.703756,2.414354,2.6202466,0.49800855,0.26325962
2.1910212,2.483413,1.9918307,0.38363382,-0.5631581
3.0389333,3.9684513,0.62053484,0.49540764,-0.64025056
0.7150553,0.7438651,0.95399606,0.0,0.44098076
1.1120464,0.83953524,0.3988907,0.041990258,-0.64150614
1.6213511,2.023706,1.6070678,0.13376978,-0.5352593
2.1351452,2.1690872,1.7903601,0.34712535,-0.45579648
3.8050036,0.7869267,4.62754,0.5,0.6880647
1.0553861,1.7969197,0.8919447,0.03930518,-0.68466514
2.0576644,2.0789945,1.8392301,0.30539653,-0.3468283
2.382532,2.2418988,2.5606878,0.46392775,0.38662174
2.6769106,2.097791,0.71325445,0.5,-0.7357806
1.0806524,1.4834806,0.8409809,0.036921438,-0.6663083
1.358914,1.2515452,1.55467,0.065278545,0.42910513
1.2456279,1.7484899,1.5083473,0.05440664,-0.30544156
3.3845215,3.696875,2.7056172,0.5,-0.6705629
3.0865672,3.4264753,3.4891999,0.48661354,0.080633186
0.6657581,0.78978866,0.57296395,0.012896578,-0.40905806
2.5226438,0.66537493,2.0688841,0.49128872,0.6637163
2.950115,3.3764603,3.9941106,0.48308876,0.6438209
3.2349374,0.64036304,3.0103834,0.49302006,0.71201074
1.6253871,3.0130966,0.8013855,0.123005085,-0.72319263
2.6458325,2.5462654,3.0443122,0.5,0.54334396
2.5753891,2.2669356,1.9304545,0.5,-0.40122643
0.8667814,0.46695065,0.6620826,0.0003544448,0.29933122
0.6183133,0.73210627,0.23664795,0.0,-0.69323766
3.2584755,0.83714086,3.8006012,0.5,0.6631378
2.8593738,3.5700586,3.4517848,0.5,-0.18539329
3.8069568,4.8428082,4.806293,0.5,-0.049430262
2.2630045,2.6590707,1.9950819,0.4049151,-0.6789406
2.6295414,2.268265,0.37120542,0.5,-0.7349102
0.5830753,0.5631437,1.1975771,0.0,0.7291646
3.1402395,2.2784808,4.1143794,0.48729822,0.699573
3.4125946,3.4445422,3.6816213,0.4953386,0.26399043
0.82582074,0.7359638,0.60939807,0.0,-0.2122677
0.9681137,1.290743,0.65430903,0.018019376,-0.7528682
2.0949445,2.5774035,2.9549258,0.33438668,0.4757128
2.7288592,2.6019492,2.8169808,0.5,0.29533428
3.2773283,0.4146681,3.3904006,0.5,0.71257824
1.6733403,1.9283038,2.4720042,0.15182951,0.64239144
1.8533274,2.3409612,2.4390495,0.2198566,0.08784578
3.05538,3.657467,3.1577718,0.5,-0.60049605
1.8670675,1.772762,2.1140604,0.2335087,0.3952112
1.9322461,2.1040173,2.2208872,0.26306945,0.12812023
3.2805011,3.0105548,0.5029411,0.5,-0.651037
2.4747233,2.1313267,3.2037234,0.48076782,0.7196649
2.383261,1.6907996,2.8143857,0.44351065,0.6825411
3.4064486,3.2365198,0.5918442,0.4918099,-0.73869205
1.9492464,2.7852998,2.768895,0.2725201,-0.01106635
1.3612481,0.7360032,1.2670097,0.066473335,0.62619925
3.6005409,4.10752,3.6617239,0.5,-0.5564226
2.7229922,3.4533727,2.7826068,0.4803625,-0.6690525
3.0057456,3.6181204,3.0052094,0.5,-0.65941995
0.7945954,1.0548307,0.7935238,0.024329359,-0.43506876
2.4847553,1.5092869,3.1795232,0.4967735,0.7477456
2.2124953,3.5093641,2.3875988,0.37803185,-0.731108
1.1351392,1.177748,2.140113,0.04133613,0.780374
3.0811174,3.1866684,3.0310752,0.49042904,-0.2363722
2.7430036,3.6413925,2.6253045,0.5,-0.6901397
3.2433314,3.564137,0.67378116,0.4945235,-0.68375176
0.9638752,2.4700654,0.4955698,0.018508019,-0.6908454
1.9775692,1.8005686,1.7964928,0.26673698,-0.02758731
2.5634472,3.1795404,2.25582,0.48362327,-0.6709598
0.75807106,0.8647181,0.6298952,0.0057475017,-0.44660524
3.107402,0.83146435,3.3384945,0.4985612,0.7121799
2.878689,2.6806185,2.6750736,0.49900463,0.009638825
2.649154,2.555206,3.6699762,0.5,0.68479615
3.1937115,0.61350536,3.3138924,0.48878327,0.7138911
1.4991752,1.9030964,2.1113365,0.084580675,0.22716929
2.2621875,2.5963588,0.91395277,0.3882201,-0.6734752
1.0352412,0.3799672,1.0159419,0.03561849,0.6706392
2.7192054,2.1304297,3.1426773,0.5,0.6659654
2.9596732,2.660743,3.272799,0.5,0.7200434
2.6813319,2.59985,3.2278128,0.47928533,0.7144009
1.783095,1.9831557,1.301036,0.20480159,-0.67586845
2.8799157,0.5468778,4.373146,0.47066692,0.6896724
2.6624203,3.3741052,3.6880572,0.4965443,0.38703313
1.7008909,2.6769383,2.0382063,0.17070007,-0.70557636
2.468506,2.7012641,2.7473154,0.48911116,0.12089232
2.8701534,2.6137083,3.132497,0.5,0.6047582
0.8634179,0.60582906,0.53717506,0.023424331,-0.092173696
1.9726241,2.2936146,1.4193149,0.28417373,-0.7555958
3.048289,3.4901764,2.6711748,0.5,-0.6336129
1.9766774,2.77262,1.4875755,0.28071967,-0.766371
1.809594,1.8214816,2.8370721,0.20613866,0.6728793
1.8566829,2.792114,1.7662491,0.23501758,-0.7231876
2.9669466,2.4190936,3.751932,0.49286827,0.7062268
2.6815634,3.2737026,2.7614672,0.48807275,-0.6403285
0.5272037,0.4179229,0.6143069,0.0012260332,0.32992655
2.855555,3.1903546,2.9648921,0.49546707,-0.2916295
2.6098664,2.964373,2.5353155,0.49164593,-0.46612737
2.6555467,2.6606538,3.6769288,0.5,0.64598393
2.4074717,2.3314304,2.6563795,0.48309878,0.32162333
2.0541387,1.7870854,2.8692193,0.29877105,0.67411846
0.4006266,0.7778413,0.6806331,0.0,-0.23524061
3.410715,4.0052567,4.3867006,0.5,0.4675876
0.5722518,1.7114642,0.82099485,0.0,-0.6745806
2.2883162,2.3111324,2.3424077,0.41017345,0.05016299
1.0065993,0.3386969,0.39493784,0.033930104,0.062817946
1.0498722,1.4827241,1.6295385,0.029608922,0.19499429
0.8373926,0.2,1.7647951,0.0015603718,0.72525495
2.5937228,3.5951796,3.3386996,0.49867445,-0.32219878
0.8160698,1.410103,0.79863805,0.027804604,-0.66552705
2.7886705,2.4775953,3.4572592,0.5,0.68397063
2.1440544,1.509126,1.8118167,0.3550261,0.3541085
1.773978,1.5418516,1.4776683,0.20085365,-0.05091076
2.7011454,3.1902204,2.5207522,0.5,-0.6584122
2.2742212,2.1167321,2.1083436,0.40989202,0.03704167
2.597825,3.1540987,3.1199546,0.5,-0.045709144
0.9880076,1.666919,1.5876238,0.028953696,-0.15755299
2.044037,2.016703,2.0699193,0.28662038,0.02525526
2.596253,3.243686,3.6069422,0.49666056,0.46992892
0.9574391,1.7766056,0.93114257,0.041319594,-0.6927921
1.7458243,0.5975247,2.4597843,0.18288864,0.65014344
0.7295353,1.2199371,0.7235925,0.010083036,-0.6693694
1.206661,1.1359131,1.3802866,0.046168234,0.329115
2.0516448,3.2488017,2.3026545,0.32460365,-0.68625
2.459022,2.1411066,3.054854,0.4923746,0.68055195
2.432265,2.4462142,2.5462828,0.46872744,0.061828773
1.673761,2.3418536,0.95763725,0.16566917,-0.7209436
3.3075738,3.3049898,3.9141636,0.5,0.74375266
2.477536,2.5480826,2.7171848,0.49139476,0.2126444
2.4741697,1.9767491,3.6286535,0.5,0.6667258
2.8668208,2.794437,2.3885038,0.498882,-0.49130747
1.6603105,3.078548,1.7349572,0.14096262,-0.5978055
0.85753626,0.8806005,0.2,0.028206402,-0.7259623
3.2488523,4.0393414,3.4923515,0.49198014,-0.6148524
1.1297069,1.0979161,1.5105152,0.038063094,0.59404594
2.8634996,2.5851462,3.8162313,0.5,0.7183504
2.3915832,2.2352777,2.8785174,0.44445628,0.7413267
3.1516223,3.7617524,3.0117838,0.48046586,-0.64587945
2.0973783,1.2949965,2.3344686,0.33338445,0.6444766
2.6310794,3.5754447,3.2787912,0.48665473,-0.36535478
2.6323211,3.0815938,1.9163136,0.5,-0.6897118
2.5723414,2.5791698,3.0138688,0.5,0.5567665
0.9475449,0.78535795,0.8339493,0.037985817,0.07953361
3.9611506,3.8825703,3.8904765,0.49296382,-0.03447861
2.5380273,3.2490773,2.7140872,0.5,-0.6106379
1.1163012,0.537044,0.58825153,0.030487416,0.074420825
2.17532,2.3342574,1.5691617,0.36887,-0.74788105
0.6814614,1.4198712,1.1647825,0.0,-0.47675452
2.282492,1.5245749,2.2683358,0.39623302,0.70621943
4.45553,4.336404,4.687627,0.48193792,0.44045737
1.5730264,1.0457978,1.9296783,0.12395589,0.6639805
3.8884733,3.410936,3.4917343,0.5,0.08746008
3.1860912,3.4752913,0.48918375,0.5,-0.6824488
0.717012,1.2487102,0.5148463,0.0,-0.68527687
3.925197,3.9835818,3.0143445,0.49633908,-0.66256833
1.5198804,0.77784336,1.6283064,0.08583947,0.78100055
2.386386,2.2166991,2.5714676,0.46425325,0.4305751
1.8356358,0.42061457,2.3162951,0.21442245,0.67537373
1.1872069,1.392332,1.4954388,0.05301488,0.1156181
1.1422092,0.7205605,0.46707663,0.045922555,-0.3855059
3.0591617,3.0164373,2.4488468,0.5,-0.71637917
4.0707283,0.6613666,3.951132,0.5,0.73552716
2.3196611,2.6138184,2.611387,0.4275244,-0.010980333
0.94161826,0.651059,0.8558723,0.028863342,0.32734254
0.8756396,1.206942,0.6702015,0.018891133,-0.7048685
2.2585754,2.1998575,3.1370206,0.41345623,0.7026271
3.7042644,3.5132682,4.1642365,0.49151152,0.72152376
2.577007,2.8598707,3.1030266,0.48072246,0.30049267
2.1657538,0.9612327,2.508218,0.33709237,0.63309
1.9894748,2.0134184,0.4640711,0.27321017,-0.6971893
2.971964,3.6945834,0.49827632,0.49858865,-0.64031905
2.4177833,3.8345885,3.9091346,0.4648962,0.09226534
0.7749171,0.49325195,1.1740249,0.012886185,0.7389677
0.84846663,0.5897602,1.0287751,0.0,0.7225574
3.461059,4.2667027,2.874312,0.4874394,-0.7180848
1.7093886,1.3836439,1.6570518,0.1737395,0.33016923
0.39798173,0.5486399,0.9423504,0.0,0.7012577
0.67829496,1.7635932,1.2060393,0.0,-0.7002669
1.2224557,0.70484614,0.9149426,0.069129355,0.33615917
2.4162605,2.5471818,0.7640717,0.4497227,-0.67858374
1.9547087,1.5483551,1.6705505,0.27806437,0.11327001
0.8430591,1.4758817,1.5414388,0.0,0.13953146
2.9675853,2.295365,0.95135015,0.48357344,-0.7245834
2.6852522,2.4120798,0.75425285,0.48916242,-0.76199883
1.964139,1.5227313,1.9044399,0.27884248,0.43463105
3.1214662,3.1274683,3.6313257,0.49155772,0.61258537
3.2793982,4.4195895,3.5311406,0.49485365,-0.7197409
2.5531192,2.9624505,2.9680908,0.5,0.049808633
3.246673,3.5564785,3.4092755,0.5,-0.1532581
1.9984943,2.3545861,0.6506255,0.28700474,-0.7065625
2.9903505,3.1288598,3.3274918,0.5,0.22191094
0.9385103,0.6250339,1.4447784,0.035305083,0.729908
2.1725974,2.705383,1.787989,0.36988598,-0.7538525
3.8464673,3.392523,4.3450327,0.5,0.68421113
2.7356386,3.4534616,3.188942,0.5,-0.3152011
2.2905746,2.540087,2.061485,0.42042336,-0.59785944
2.5943818,3.0729666,2.938297,0.48764452,-0.18278
2.0970442,1.2726158,1.9760005,0.32367536,0.73042053
0.95215046,1.1348122,1.4357729,0.028932758,0.49203163
2.343362,2.5347626,0.69771796,0.44069225,-0.71049
0.782821,0.6349694,0.38712227,0.01578749,-0.4116209
2.069261,2.7827272,2.984752,0.3137811,0.2598889
3.365445,2.7412307,3.921943,0.49825847,0.6832404
2.1986272,0.35921744,3.3331811,0.3710214,0.70338583
2.0265143,1.668705,0.49281818,0.30460012,-0.6886896
0.83833295,1.2417251,0.64738464,0.019752461,-0.7235112
1.2288661,1.4571887,2.156625,0.050601996,0.70283574
3.201096,3.999247,3.3592472,0.5,-0.7396239
2.7045488,3.7474518,2.6973925,0.48689285,-0.6921087
1.2110476,1.1717957,1.8419864,0.05526681,0.72288543
3.2092478,3.4533212,3.3147047,0.48314714,-0.17389625
2.418529,2.4070787,3.0642748,0.45764416,0.7242068
3.4618952,3.1471417,3.3156283,0.4924885,0.24695636
2.228184,2.4651852,2.056921,0.38297728,-0.42763475
1.9217392,2.11899,1.4290984,0.24273467,-0.64707816
2.838712,3.0127604,2.4165592,0.5,-0.68886155
0.7891213,0.803971,0.2,0.00080182985,-0.71717244
2.6575723,3.0444157,2.169653,0.5,-0.715479
3.2347734,3.8143418,0.4571416,0.4987527,-0.7328951
2.6381311,2.2687948,2.43461,0.5,0.21877784
1.1890618,1.7054572,1.1795291,0.049654283,-0.7167671
3.426545,4.4128714,3.6914818,0.5,-0.6946996
0.6262906,0.20367908,1.7639738,0.014453411,0.7379511
2.9189358,3.1601596,3.4831922,0.4997968,0.3463919
1.711487,2.2281227,1.6981077,0.170362,-0.61992425
0.41374707,1.0480335,0.5646553,0.0,-0.6853519
1.6080409,2.255869,1.5544219,0.13244434,-0.70436996
2.2425938,3.079374,2.8960507,0.3950203,-0.21142983
2.3050253,2.4704483,2.7234726,0.420391,0.28833959
3.842087,0.21290936,3.7522876,0.4939447,0.70317084
2.2814229,2.2631054,2.6768954,0.41011685,0.45919743
1.0243108,0.53076696,1.3812836,0.03423576,0.67786837
0.68044734,0.26444277,0.7323548,0.0,0.688377
1.9239409,2.4370692,2.3553593,0.2571793,-0.094558746
0.6402193,1.3071375,1.076221,0.0068203555,-0.4024306
2.14647,2.6830325,3.4135838,0.36628488,0.67904633
1.0043687,1.6078753,1.7660797,0.031894974,0.26261213
0.9798544,1.1520493,0.6612759,0.032305025,-0.64446265
0.5922422,0.6716116,0.8188431,0.0,0.3279818
0.75724024,1.8551292,2.0110688,0.011231606,0.27486822
0.41720808,1.5827001,0.77431375,0.006905062,-0.67754596
2.5478444,3.5009346,3.6788251,0.5,0.14865418
2.5570128,3.088327,0.64155394,0.5,-0.7224972
4.1211534,0.7770946,3.8694937,0.4961636,0.70842594
1.2757828,1.4957173,1.4170496,0.062001657,-0.13732722
1.1057761,0.70940614,1.3220499,0.04095692,0.7401887
0.85169876,1.640337,0.43725076,0.019341763,-0.6728038
2.5423558,2.9235408,3.3914657,0.5,0.54337925
0.693129,1.2769209,1.1390446,0.0,-0.21506067
2.1944726,2.3113375,0.67126775,0.36237893,-0.7026728
1.2325116,0.24327883,1.54806,0.09400643,0.6657886
1.0015546,1.8501091,0.7672514,0.028570343,-0.6872466
2.8317165,2.9374359,2.9972565,0.48649535,0.03038477
2.4620771,0.6148094,1.4334961,0.46852916,0.7013137
3.9378097,3.9270568,0.21794274,0.49934143,-0.63090056
0.6708278,1.712959,1.288413,0.0019833648,-0.6205994
1.4323431,1.4021556,1.3746163,0.06725098,-0.058461323
1.7961799,2.0433393,1.171669,0.2163179,-0.6758392
3.074186,3.275991,3.2612953,0.48852506,-0.027417347
1.9482899,1.3769568,1.9725747,0.2798325,0.7051286
2.8913405,3.3212016,0.47268832,0.5,-0.6796873
0.6694454,1.320414,1.1352836,0.018941035,-0.32792562
2.6756175,3.08685,2.73773,0.5,-0.41053164
0.8564992,2.2730606,0.5218629,0.0010408289,-0.74659616
0.57568616,0.5326001,0.7884554,0.0002365438,0.49127308
0.81287414,0.2,1.9212834,0.008896695,0.68798053
3.1489725,2.7270117,3.451728,0.49884352,0.7111785
3.5570202,3.7348094,4.0392613,0.5,0.39916423
0.85130644,1.639011,0.77267784,0.018567106,-0.72325367
2.538644,2.8053355,0.60784787,0.49732423,-0.6490991
0.6709304,0.6471437,0.974492,0.0026503352,0.6783157
1.9381449,2.8922908,2.1438558,0.2624681,-0.6890353
2.244472,2.39137,2.5920346,0.37666917,0.28669596
0.8612717,0.36947405,1.114032,0.009176575,0.66879964
0.92651033,1.5907937,0.97049093,0.028052494,-0.6957657
2.0538604,0.55060786,1.9783415,0.29674062,0.7113792
2.911711,3.2369235,2.435706,0.5,-0.6778561
2.209521,3.2344801,2.2081783,0.37375897,-0.69722426
2.8535,2.9875004,3.6085892,0.5,0.7046859
2.1029675,1.1087532,2.0151553,0.33798423,0.665301
2.7584598,2.5040534,3.3334093,0.5,0.74929255
2.1069217,0.5622343,1.8163863,0.33041608,0.73538834
1.4862739,1.4448389,0.9788193,0.0795075,-0.6087747
3.1924267,3.7193222,3.1888008,0.49508616,-0.6570163
2.1921551,2.0745642,2.8440957,0.3759715,0.70123506
2.4655132,2.6061723,1.8936383,0.4996821,-0.62990534
2.145992,2.2660189,0.54513663,0.35390115,-0.732373
2.9218104,0.66552866,4.1896286,0.5,0.7085244
2.7715755,2.6447756,3.3513327,0.49141878,0.7264286
2.8867626,3.0422404,2.8075204,0.4998332,-0.2747964
2.2656188,1.8671792,2.235345,0.39493632,0.45152968
0.90883094,1.069475,0.80840284,0.0030658557,-0.444208
1.1981066,1.3767219,1.0699944,0.05404997,-0.46851918
1.1575843,1.4430695,1.2602059,0.045678925,-0.28994367
0.984619,1.4382886,0.23836653,0.028335541,-0.7275121
1.9726981,0.35454395,2.3268049,0.28128272,0.7155922
1.1376156,0.5103163,0.7901301,0.02254246,0.42218632
2.467599,2.5594084,2.27727,0.4808839,-0.3436742
0.89985186,0.6460498,0.7397909,0.023273073,0.23182818
1.053474,1.380495,1.4223905,0.032840718,0.085955806
0.545784,0.81486934,1.3341881,0.004052729,0.77009445
2.5806913,2.2118847,2.2962604,0.4917346,0.08229899
2.3990834,2.7631688,3.2288182,0.45942277,0.53310746
3.0409312,3.7278917,2.8111312,0.5,-0.7075826
2.039261,2.4464872,1.9707648,0.29411465,-0.56798506
0.66690457,0.70339364,1.2720178,0.009600114,0.719486
2.1106334,2.5797386,1.4979218,0.34049582,-0.6789109
2.2482913,2.2850802,2.1270015,0.38753882,-0.2208888
2.5863438,3.1906667,2.2601638,0.5,-0.730059
2.075247,2.5353162,2.0917578,0.30965358,-0.5222923
1.3009559,1.430868,1.152942,0.060808565,-0.3868651
1.0703436,0.41405573,0.40027225,0.030252172,-0.039876316
2.626999,2.9107678,3.2128043,0.47602862,0.35321626
1.8984435,1.5604964,2.2765877,0.23775184,0.6320745
1.4329771,0.9764184,2.0771296,0.07616006,0.70862055
1.2485622,1.3118323,1.269272,0.057840902,-0.0639392
3.524169,3.7182758,3.6616654,0.5,-0.09438169
2.553039,2.11204,3.200623,0.4850419,0.6921656
2.7746425,2.8176084,3.085154,0.5,0.34465027
2.781716,2.899871,3.3600867,0.4941006,0.54646903
1.1795751,1.1026697,1.8092185,0.054793917,0.7278021
3.1098351,3.2448912,3.326695,0.5,0.09294795
1.1673727,1.6590283,1.4368926,0.036994684,-0.37096077
3.7074168,3.7149777,3.8078902,0.5,0.06801942
0.20239595,0.6729303,0.41691706,0.0026470418,-0.5020515
1.9261318,2.0337763,1.8580747,0.25308853,-0.16256054
3.3593974,4.076867,3.8682663,0.49802136,-0.25650248
1.3327436,1.9288002,1.6619502,0.06419299,-0.38659707
3.1279652,3.2917798,3.0222032,0.49369645,-0.3215544
0.36657327,0.7494287,0.7241162,0.0023793792,-0.0021396382
0.62353873,1.0978736,1.476323,0.0,0.7386818
2.015739,1.867146,2.1713758,0.30288297,0.37485185
0.9530768,0.3243278,1.1698436,0.023066852,0.6856108
0.66516113,1.1961907,0.9561078,0.012885306,-0.48194656
3.9717643,3.905242,3.271399,0.49508086,-0.70141447
2.931786,2.0568736,2.901868,0.5,0.6865633
1.270114,1.4746118,2.7300093,0.055510543,0.73408604
0.44940603,1.1499093,0.7107726,0.0,-0.72191566
1.5487821,1.4109801,1.2342399,0.110779755,-0.19294704
1.2690487,1.3206438,1.4429023,0.03792399,0.15170918
1.9118239,2.4082518,1.8246542,0.2457371,-0.7144017
2.9890835,2.9578862,3.327005,0.5,0.4363299
2.0566747,2.184343,2.3421094,0.3176779,0.17886962
3.0133195,3.6032968,3.1009731,0.49351373,-0.6520263
1.9491022,2.4646053,2.6057143,0.26832584,0.16877238
2.218226,2.6127505,1.8830916,0.36608422,-0.7028007
3.172663,2.5593975,3.5108585,0.5,0.6998075
2.8691418,3.354008,3.6512756,0.48894006,0.3379177
0.9471283,0.90740556,0.9648125,0.0119311,0.119942315
2.5661318,3.016577,3.2020628,0.4920999,0.23519115
2.6751516,2.047042,2.7567027,0.49616423,0.76856565
2.1342936,2.7834675,1.7623863,0.34338197,-0.70718384
0.5460728,0.29415265,0.22773936,0.0,-0.12685885
1.0054182,1.4298462,0.9440157,0.04265313,-0.669345
3.5687072,4.1486244,3.5569465,0.5,-0.70929873
2.9318457,3.3765209,4.245589,0.49185908,0.73590386
2.7435434,3.153958,0.80149555,0.49205038,-0.71435523
1.9066695,2.1250775,1.8041676,0.22912578,-0.40613347
3.1269968,2.7736218,3.5472465,0.5,0.65697014
2.861763,3.748667,2.8729372,0.49258354,-0.67714393
3.0320668,3.781767,3.7350318,0.5,-0.085725345
3.2046573,3.190899,4.2377353,0.48919904,0.70516455
3.552661,2.0635095,3.8422081,0.4906496,0.6740563
1.9329549,2.611903,1.2789575,0.2822317,-0.6768361
1.8310602,1.1044514,1.9710246,0.22383411,0.74730796
2.7664323,3.1408498,2.7651165,0.4965946,-0.45450053
2.0683062,1.8614255,3.0638847,0.31830543,0.7237984
1.9869301,2.388331,2.4180505,0.2903919,0.06369446
3.34276,3.039136,3.3300884,0.49748534,0.33881205
1.9871043,2.1839314,2.9006455,0.2765172,0.6796696
2.5928814,1.9995242,2.7431264,0.47524473,0.6967267
1.6611897,1.8448136,1.7624757,0.13760199,-0.062078387
2.67156,2.8303912,0.47382322,0.491549,-0.73959714
3.323998,3.8625143,4.1070457,0.489334,0.2971151
3.353792,3.2760246,3.2570338,0.49220422,0.00147131
3.241154,3.5425608,3.7544901,0.5,0.22140983
2.5721161,2.590126,2.9491875,0.4985785,0.39594427
3.2610106,3.7240183,3.5327256,0.5,-0.24529661
0.9470217,1.4115186,1.6386306,0.017088203,0.39297006
2.323413,2.961608,0.50613075,0.4240134,-0.70505595
2.8267767,2.4330993,2.400137,0.5,-0.05796839
3.0864942,3.2398155,3.2183752,0.49511963,-0.04275425
0.919485,1.1918964,0.95529336,0.04251408,-0.43047082
1.9523761,0.631182,2.2417328,0.2770559,0.7144149
0.6877593,1.8628136,0.54781693,0.0,-0.69399536
1.8930662,1.3951449,1.5521057,0.24951361,0.2091513
1.865768,1.7437316,1.9736996,0.22519945,0.2665097
2.3545868,1.3061415,3.069786,0.44233346,0.7448112
1.3028127,0.39588493,1.3778505,0.058448546,0.67334145
0.93994397,1.3282254,1.3766297,0.016274663,0.065313995
0.52885467,1.0309229,1.5076402,0.0,0.7491054
2.695963,2.7843127,2.9656978,0.4896489,0.18379852
0.76944435,0.9198323,0.7229884,0.02469565,-0.36005178
2.2594364,3.0412269,3.0154321,0.39503637,-0.027093856
2.7876673,2.4548705,3.5853827,0.48575598,0.6706834
2.2553082,1.8594055,3.4509432,0.3972195,0.7208689
0.8835472,0.96628207,0.98796326,0.0,0.056907326
3.3191183,3.52691,3.9733696,0.5,0.52701867
2.4490225,2.8885088,2.7298577,0.48159948,-0.15242507
3.0569537,3.2626023,3.4354079,0.5,0.24557123
2.4833698,0.6916583,2.847078,0.5,0.69704497
3.4698484,3.3311317,4.1704893,0.5,0.72927713
0.79784536,1.1888236,0.8062201,0.029359173,-0.7572045
3.3042579,3.8296318,3.6684148,0.48890153,-0.1610727
3.148453,0.3655253,2.6975114,0.5,0.74890035
1.5572467,1.5460519,1.3658444,0.10507546,-0.191986
2.2907276,2.1468527,2.212039,0.40864617,0.064652644
3.234688,2.964064,3.6950457,0.4848153,0.7170678
3.5749702,4.3876677,3.9690251,0.5,-0.50509965
3.0439909,2.983393,3.9228013,0.49990156,0.7673405
2.3378017,2.2192764,3.0563896,0.42900485,0.7179486
0.726861,1.0835335,0.9649438,0.0,-0.26439318
2.931178,3.9501173,4.7132177,0.5,0.7279103
2.3600602,2.0881588,0.74248004,0.44637296,-0.6359719
1.1556822,1.6472226,0.6656615,0.04761951,-0.71833515
2.4905703,2.468118,2.064366,0.4921208,-0.4912811
0.8860723,1.1752639,1.4484184,0.0133931395,0.5008993
0.9245823,1.5329152,0.33102393,0.021730663,-0.6985486
0.98326457,1.8104607,1.2907419,0.027220182,-0.74816763
2.5590758,2.557302,0.88213253,0.49566805,-0.7459054
2.0209858,0.6453388,3.2378159,0.29211876,0.66744053
3.0316699,3.3330863,2.6642892,0.5,-0.63136923
3.625534,0.49312398,4.310092,0.5,0.670191
0.3972532,1.24339,0.46435577,0.0,-0.6723687
2.7140574,2.5558412,2.7513375,0.5,0.2625888
1.1451609,1.7449542,2.081724,0.03811386,0.51132536
2.795545,3.1071863,2.7079961,0.5,-0.48249042
3.2893424,4.0834827,3.0465174,0.4925799,-0.7247475
2.757138,3.1920388,2.7173848,0.4935232,-0.5551234
0.7102426,0.9032465,0.36455372,0.0062940363,-0.7552849
2.1770012,2.8344047,1.6606959,0.37424073,-0.7294216
0.9873754,0.90201503,0.7642675,0.027654203,-0.2406997
2.0723138,2.0316331,1.458112,0.2976988,-0.7182997
0.6793849,0.48831633,0.45858222,0.00558208,-0.044570368
2.7000103,2.551661,2.4454515,0.5,-0.14403954
0.97955984,0.2,1.2890265,0.023973681,0.71253884
3.2593794,3.1420584,2.7697995,0.5,-0.48844016
3.221777,3.3534179,3.795203,0.5,0.5956567
0.7971801,1.432622,0.2,0.0,-0.6968906
2.0849788,1.8600557,1.840784,0.31867617,0.029848972
2.0652122,2.0010273,2.1381254,0.32802325,0.13298233
1.0454233,1.164713,0.9853559,0.03097755,-0.32737264
2.878613,3.4799538,3.079363,0.48704344,-0.46706894
0.67858684,0.9292826,0.25843024,0.0,-0.6820645
2.812714,3.1177597,3.892485,0.48640043,0.70092714
1.0154183,1.6518868,2.0224864,0.033360958,0.6265575
2.1845846,2.6628528,1.0610129,0.3558226,-0.699939
1.8105156,1.733907,2.3277774,0.20005648,0.6415552
1.3730664,2.4561164,1.4555163,0.06620446,-0.6904019
2.6982956,1.9447684,2.821314,0.49638,0.7106221
2.0433228,2.659687,2.1255577,0.3137029,-0.6231489
2.8671772,3.3152971,2.669565,0.5,-0.7056357
3.1811538,4.0090427,3.341678,0.48853153,-0.75758827
0.7061448,0.7650556,1.6656895,0.0015488999,0.6916426
2.4189498,2.3266068,3.5240948,0.4689432,0.67674494
0.24912143,0.67455286,0.43960205,0.0090238545,-0.43646356
0.778637,0.4920921,0.21788807,0.0,-0.5275001
1.8174824,1.9265666,1.8612776,0.21920252,-0.042559825
2.358404,2.0918858,2.4022398,0.45313606,0.38202223
2.285905,2.196545,3.1725442,0.40507233,0.6760165
2.498301,2.1450768,2.0821939,0.4985052,-0.04863833
2.5734847,3.253992,1.8094755,0.49918857,-0.70167804
3.5428846,3.3858318,3.3379693,0.49658898,-0.04942408
0.8056447,1.2155871,1.3456831,0.018150926,0.22461537
1.5765201,1.7227278,1.2552562,0.11376648,-0.6188162
2.6824644,3.044118,2.7308798,0.49357125,-0.32230434
3.610418,3.7214916,4.2222605,0.48412532,0.6107487
0.72038156,1.3256853,0.20326582,0.0077970256,-0.6704038
2.34126,2.8453414,2.4583864,0.43022913,-0.44739264
2.4519851,0.67310095,2.6960144,0.4886254,0.67083985
0.50273025,0.39654133,1.0439997,0.016039511,0.6782871
2.4329457,0.4874586,2.3800735,0.4786786,0.7340498
1.6595112,1.6797756,2.64909,0.15651195,0.6690341
2.1992733,0.7982341,2.1466398,0.37651172,0.7306642
2.6012037,3.047028,3.120978,0.49895915,0.07843081
1.1961328,1.1420552,1.9726453,0.03908403,0.704253
2.2838943,2.5525799,1.1830271,0.4079064,-0.70695114
1.0878626,1.171928,2.0261772,0.039415114,0.68841994
2.647539,2.7501545,0.52492666,0.48971954,-0.6977976
1.0044756,1.0788686,0.8838484,0.018254315,-0.31821787
0.5977356,1.5809491,1.3487154,0.0,-0.43111616
0.65868104,1.2311763,0.60422957,0.0,-0.7141849
1.900078,2.5864353,2.0631118,0.25026593,-0.5955711
2.749471,3.1548808,3.4489183,0.5,0.4064798
0.81732255,1.8969785,1.1446147,0.012628183,-0.69035
1.963423,2.509336,1.6524104,0.2783133,-0.68379736
2.230579,1.6941367,2.9994795,0.3855072,0.6858925
1.2553654,1.8237997,1.6344936,0.05016722,-0.2885309
1.2469804,1.680812,0.74410677,0.055262297,-0.69316745
2.2980182,2.855019,2.4469018,0.39910495,-0.51166034
0.5778608,0.73095006,0.9317298,0.0,0.3787675
3.3621838,2.7656415,3.3207376,0.49815214,0.6297933
0.8487054,1.0943527,0.2688779,0.0,-0.7109801
0.7240927,0.2,0.2679021,0.0060793334,0.090144254
2.9182053,3.4384384,2.7423408,0.5,-0.69921017
2.5718727,2.809369,2.883397,0.4903817,0.040187594
1.0475066,2.2188876,1.8151131,0.03357293,-0.60434324
2.8109133,3.1834393,2.2237923,0.4968225,-0.6589448
1.7189828,2.1908119,1.5408481,0.15868266,-0.6888301
2.593918,3.0664363,1.7084564,0.480577,-0.7082864
2.8440974,3.0919898,3.0590117,0.5,-0.01668942
2.093616,2.4174955,2.9760761,0.31365967,0.6678822
1.2585366,1.375441,1.8826965,0.052646767,0.692664
1.5031925,0.5543658,1.6642658,0.078698784,0.6499336
2.7402875,3.4446213,2.6414442,0.496514,-0.67997247
3.4381967,4.1545544,3.4404507,0.49956253,-0.75415087
2.5158215,3.109969,0.7872805,0.49809837,-0.6903113
2.059129,2.2183485,2.2498631,0.30322143,0.023413908
0.86006194,1.0003984,0.8941585,0.01928482,-0.12637046
1.3273054,0.97169536,1.5066456,0.07679618,0.72914964
3.144641,2.7402093,0.6766448,0.49498123,-0.67522305
0.7529905,0.6558418,1.1788957,0.01988064,0.71030086
2.3575652,2.5919557,2.7944748,0.43945518,0.23210384
1.4249123,1.8225411,2.8900445,0.07105813,0.746918
0.82695466,0.7405951,1.24185,0.009244276,0.7316646
2.2028549,1.6535686,2.3478587,0.37700897,0.6657827
0.65355223,0.47509587,1.605013,0.0,0.6856288
3.532405,3.700602,4.4902277,0.5,0.70406574
0.7822695,0.2,0.56341475,0.013596328,0.65081286
1.6368989,1.9162055,2.6526594,0.14395894,0.7247842
2.7788436,3.795922,3.1146708,0.49057996,-0.73705333
2.3750756,2.162711,0.7334764,0.44685408,-0.6245398
0.9278849,2.2187538,0.75365293,0.020541977,-0.6761161
2.7588768,2.6016548,2.6512156,0.49543852,0.04375544
2.7210164,2.8621705,3.692765,0.47280103,0.6892563
1.9939433,2.4676628,0.6500141,0.28834897,-0.73416007
2.27922,2.4216993,2.4899952,0.41172677,0.10929763
2.6386566,1.9985079,2.7969713,0.5,0.67661273
0.95060307,1.208817,2.10543,0.017780341,0.7075069
2.885653,3.1034098,2.9908087,0.4957919,-0.17443275
2.2469392,2.327967,2.252712,0.38782883,-0.11527655
2.8105052,3.0096793,3.564351,0.5,0.6781457
3.201951,3.582202,3.4095092,0.5,-0.2516736
2.6666853,2.3953726,3.5267916,0.49713537,0.6833399
2.5745718,2.9892263,2.5139518,0.48765278,-0.5672836
2.4048543,2.3570306,2.756956,0.45829672,0.4661568
2.2952857,3.1971886,3.3493135,0.42144653,0.19983092
2.0591655,2.7599156,1.9580721,0.3077257,-0.7041926
2.3734407,0.5921376,3.1374404,0.45471412,0.68085086
2.8629646,3.6844683,2.327304,0.49749202,-0.7307038
1.0119069,1.3558658,1.5392795,0.025685117,0.22737728
1.1881006,1.6204256,1.06814,0.0476506,-0.7364028
2.47726,2.6281145,3.0791593,0.4910927,0.549587
3.6175358,3.7412534,3.3031592,0.49791965,-0.52101576
3.0816536,3.1456122,3.7397587,0.5,0.69310844
0.9480154,0.6947686,1.1129144,0.008227062,0.7307514
3.1553366,2.3815134,3.56041,0.48561934,0.7936462
2.2631042,2.1215959,2.5321536,0.3785398,0.5358816
3.464736,3.2975688,3.5478044,0.49429575,0.31456771
2.6993563,2.3364203,2.5648599,0.5,0.2724158
2.5396318,3.0728602,2.3072772,0.5,-0.77068365
1.8853295,2.1978986,2.4466858,0.24569127,0.2908927
1.2411335,1.1079922,0.82392436,0.046874132,-0.39273798
0.5054542,0.5886181,0.69705933,0.00044589664,0.19089067
2.4895177,2.792536,2.1427445,0.492392,-0.7253399
2.2295363,2.0528069,2.2672482,0.38922757,0.2678875
0.63636106,0.22026172,0.2,0.0,-0.040084347
0.6908335,1.5286092,1.534313,0.011414551,-0.019420126
1.0385565,1.1718963,1.5361646,0.016188143,0.6074824
0.80676836,1.1545233,0.9667089,0.02090507,-0.31217062
3.6460729,3.891919,3.8978126,0.5,-0.004006403
3.560323,3.074992,4.423846,0.5,0.69156253
2.6847343,0.52674544,2.6237,0.490759,0.74550533
3.2564886,3.4404564,4.0288134,0.5,0.7499324
2.7103868,2.8256173,2.6129885,0.49318764,-0.23851302
2.3612435,2.0215344,2.543259,0.4500304,0.62132055
2.4884984,2.825184,1.9262717,0.4987824,-0.7145408
2.9823494,3.4797957,3.9068277,0.48247376,0.5110404
5.0773993,5.037012,5.1021175,0.5,0.071451664
3.2868905,3.9811046,3.6201787,0.5,-0.4231534
2.7569602,3.2334,0.47258508,0.5,-0.7040865
2.8737772,3.2782388,2.9617722,0.49907157,-0.40134403
2.856934,2.856733,2.5774345,0.5,-0.3569198
2.5105782,2.6765585,2.3234918,0.49690497,-0.42361432
3.0727973,3.684609,2.4015112,0.48960155,-0.75373477
2.503603,2.0041358,2.5635257,0.5,0.6804721
1.2989153,0.80741733,1.1024578,0.04546113,0.38734728
2.8874934,2.865484,4.150503,0.5,0.70054203
2.9948463,3.183392,2.5832906,0.4878716,-0.69688404
1.0399543,1.190854,0.84290344,0.046212427,-0.54881465
2.7444797,0.71149385,3.3104937,0.4947109,0.7086676
1.0207859,1.3938023,0.68799734,0.042194176,-0.6658692
2.5316305,2.78189,0.542402,0.49449098,-0.69360596
2.381744,2.3870306,2.9088922,0.45218292,0.61589175
2.1705985,2.8005009,2.631167,0.3690104,-0.16221718
2.4634976,3.2266216,0.51112926,0.49579152,-0.6760141
0.61582685,0.695214,0.8308394,0.0,0.21588142
2.4798162,0.7045847,3.1225388,0.49235886,0.71189535
2.7759445,2.8562834,3.586687,0.4899073,0.7323215
2.3728302,1.9976314,2.5992815,0.4605803,0.6715417
0.88686556,0.2494369,1.3279324,0.024308113,0.7231785
2.0850322,2.8963637,1.9895741,0.33624247,-0.67374766
2.6713707,3.240932,3.3595839,0.48822176,0.1077363
1.2106655,1.6147851,0.697542,0.041984987,-0.67017084
3.3442006,0.4554442,3.3192453,0.4984931,0.7242625
2.54975,2.3430045,2.4628627,0.5,0.103781745
2.5778112,0.34904906,3.6437495,0.49812907,0.68968195
2.5644553,2.8274739,2.3802524,0.49758157,-0.55964905
0.7568956,0.646186,0.79986936,0.0022536337,0.25781736
3.5069208,2.54189,2.9899104,0.5,0.5589706
0.78050715,0.27198786,1.413253,0.015208405,0.68320334
2.7578728,3.803459,2.6400154,0.49884212,-0.67885685
1.6237996,2.7309887,1.8019525,0.14338525,-0.6727218
3.2829807,2.8772478,3.4840934,0.49753582,0.72460073
2.5546565,1.7011535,3.8705134,0.5,0.67270666
1.7177292,2.5354176,2.7792401,0.1736897,0.32568306
1.8392313,2.0262496,2.1902077,0.22697717,0.19317107
3.0636048,2.9347036,2.9352822,0.48125824,-0.0385824
1.0747035,0.65415716,1.296905,0.042513818,0.7416992
2.7938364,2.3615851,2.9238896,0.5,0.68432134
2.298729,3.1450229,3.2906775,0.40689638,0.22153758
2.5039432,2.8197463,3.938642,0.49748513,0.73539805
2.189177,1.467927,2.5677874,0.37337855,0.78099364
2.020175,1.8791382,2.5834103,0.30054554,0.6878486
0.73703027,1.7523506,0.49486428,0.0,-0.725044
2.9601412,3.2689874,3.3913083,0.4929826,0.14876598
2.3833814,1.8986883,2.2325404,0.4461349,0.40815157
2.8598776,2.758603,2.962894,0.4887836,0.27904266
2.471845,2.631379,2.6013956,0.5,-0.03796504
2.9616027,3.5904946,2.7647214,0.5,-0.7080501
2.8827746,2.9994626,3.0489974,0.5,0.07416584
2.2766192,3.1369693,1.7200601,0.42386556,-0.69262785
2.0068922,2.3778982,0.42388374,0.28619814,-0.7115956
0.9348317,0.20736448,1.0624336,0.012182993,0.717251
2.1157913,2.583369,0.5689548,0.33545557,-0.6964259
2.871385,2.9925838,3.9754863,0.5,0.7010121
2.6010249,2.5336626,2.6211786,0.49643442,0.09435857
2.2856216,2.7376127,2.695872,0.41349134,-0.118602954
2.8471358,2.882036,2.7990537,0.49202192,-0.09697937
3.4054148,3.7700884,0.4844225,0.49074134,-0.68486124
2.979949,2.8779285,3.1420288,0.5,0.30338287
2.6965308,2.559184,2.971935,0.5,0.4584711
3.5747175,4.333336,0.8064276,0.5,-0.6978449
1.0231149,1.2058644,1.1033438,0.03290787,-0.19064473
1.213222,1.6135246,1.8371592,0.06508681,0.3278309
0.8883642,0.82414716,0.97730654,0.024202544,0.21885672
3.469595,4.1800523,4.2293925,0.5,0.02855017
1.1595167,1.4482517,1.4360721,0.049778197,0.034823306
1.5446426,1.5575619,2.287122,0.10385034,0.74239683
2.347771,3.1569746,0.35634294,0.4458683,-0.7033505
0.4996992,0.5665023,0.22103234,0.013518901,-0.6359477
1.3424442,1.7098838,0.8047149,0.054609634,-0.72828996
3.0995052,2.7343097,4.0200424,0.5,0.68948317
0.84010965,0.48841697,1.5912795,0.02697051,0.70578504
2.8254273,3.3805244,2.8298273,0.5,-0.63661295
2.3350806,2.4756474,1.2160074,0.42470062,-0.74769145
2.5261598,2.7595444,4.0018625,0.5,0.71571386
3.0199232,3.1882653,2.4496913,0.48521695,-0.6727745
0.58020484,0.75229424,1.7728142,0.0,0.7592891
1.8805255,1.8269572,1.5304569,0.23424631,-0.34489813
3.546421,0.2838831,3.1432164,0.5,0.74088407
0.6492981,0.79781926,0.9231056,0.0,0.23782992
0.4347865,0.49980497,0.7055304,0.0,0.41159812
0.4742454,0.8410078,1.7951096,0.0,0.7396091
0.79210234,1.158723,0.6382071,0.015511343,-0.7067981
1.0622963,1.9204706,1.6658695,0.043259393,-0.40212652
2.2293382,2.7523868,2.650375,0.3944854,-0.119942725
2.8773282,2.6767902,2.5794597,0.49501216,-0.05428365
0.70722145,0.58097786,1.1832556,0.0060612285,0.67877173
2.5458555,0.52402383,2.8102596,0.5,0.6658692
1.3466145,1.8859499,2.1501284,0.06528616,0.35427305
2.488845,3.2136118,2.652803,0.49999833,-0.6847891
2.696696,2.9020321,0.9068891,0.5,-0.63745457
2.5897796,2.675654,2.9119494,0.49779937,0.27454725
0.5735603,0.89204013,0.2,0.0,-0.6977983
3.3894374,2.899683,2.7321124,0.49756798,-0.14508778
1.1828295,1.2658699,2.3044794,0.062071424,0.67846876
2.6849341,3.8435912,0.70368314,0.5,-0.71828675
2.6579282,2.6701946,2.769955,0.49917838,0.08822191
3.8508475,4.082656,4.1627135,0.5,0.10564023
2.5771818,2.647369,2.7658715,0.49246392,0.14184009
2.902488,3.771077,3.1815593,0.5,-0.691927
2.657742,2.2846391,2.0280192,0.5,-0.30077198
2.6175964,3.201316,3.3482857,0.49009168,0.13335021
3.6898718,3.638589,0.69429386,0.4994879,-0.69522953
1.9046841,1.8054359,0.726689,0.25407332,-0.6610769
2.1987543,1.5997428,2.1166027,0.36863893,0.5963146
3.1013665,4.109506,3.2631133,0.5,-0.7236723
2.7507684,3.2792575,2.2437127,0.49501196,-0.6520134
0.67978364,0.21373758,1.4035484,0.0,0.6836177
2.531027,2.1358526,0.75681293,0.5,-0.69629914
3.1478355,2.9882104,2.1373255,0.48921594,-0.6936132
2.8873222,3.3465667,2.9291785,0.5,-0.4394462
2.1514945,2.3192945,2.5707722,0.3497639,0.29152763
2.663641,2.5169492,3.6934934,0.5,0.695729
2.5920393,2.7352862,2.0366874,0.5,-0.6857579
2.9246025,3.701732,3.7840166,0.4895812,0.09708053
2.3587465,2.9348807,3.0185273,0.43585268,0.1322673
1.0772905,0.36699173,1.0529082,0.034207597,0.6255291
2.9636576,2.6706853,3.617568,0.5,0.6562508
1.2016423,1.3448852,1.559219,0.044325575,0.32479957
0.9635411,1.1906494,0.8730406,0.013887734,-0.5423108
1.7968463,2.684274,2.542613,0.19759151,-0.16455832
2.5929239,2.700729,3.4188986,0.4947562,0.76532435
2.4177468,3.016898,1.9699863,0.47278365,-0.70773154
2.3894937,1.4651688,2.7609217,0.45764172,0.7226212
1.6917942,1.657307,1.8883542,0.14924188,0.32617888
1.9198667,2.5197947,2.4312341,0.26016298,-0.104891025
2.786664,3.922715,2.8174691,0.5,-0.7360498
1.1199131,0.6528565,2.144438,0.0325049,0.7409139
2.0564868,2.1900911,1.4447453,0.30975032,-0.67676604
3.4396207,2.7941368,3.7468543,0.49344474,0.7309207
0.9761611,1.1420527,0.95615745,0.016875887,-0.3146478
2.552403,3.258363,2.6202745,0.49072444,-0.70007557
1.6900665,2.3952746,0.9514111,0.167686,-0.6987899
2.873136,2.9664571,3.670675,0.48764476,0.66803896
0.69780046,0.75878847,0.20338623,0.0,-0.6456217
1.7519287,3.2984774,2.2078831,0.16782139,-0.69481266
2.915678,2.9829621,2.7705066,0.5,-0.25443283
1.0352504,0.9383313,1.088057,0.048102107,0.2872589
2.4187865,2.3478427,2.9153824,0.46583033,0.68266433
1.6791167,1.1765662,0.79058,0.16159037,-0.44462013
2.6128259,3.0156248,2.1354382,0.49650347,-0.71768844
3.2414656,3.8647544,3.264958,0.5,-0.7046653
2.2263558,2.7993834,2.6186059,0.38337177,-0.17723407
2.6165388,3.1318042,2.764457,0.5,-0.41084176
2.059709,1.9961221,2.7432501,0.31217796,0.6966189
2.1506975,0.6065357,3.0990734,0.3670376,0.68632376
1.1246561,1.8743645,0.9722798,0.040472206,-0.71341145
0.46620652,0.551415,0.325589,0.007578186,-0.442717
1.7722889,1.6404847,2.2204568,0.21333557,0.7240171
0.58602947,1.2672132,0.2,0.0,-0.7157312
2.8266258,2.6473944,3.2559688,0.5,0.67566615
3.12112,2.777622,3.3132026,0.5,0.5631136
2.889548,2.5600903,2.9766529,0.5,0.47707623
2.5329769,4.100438,3.0665317,0.48923606,-0.6735945
2.300656,2.9175403,2.2256622,0.42143792,-0.63792497
3.1417177,3.7199056,4.996477,0.5,0.6583208
2.06384,1.8578056,2.144471,0.32786137,0.32894805
2.0722337,2.6161435,1.9485999,0.3191058,-0.7106765
3.3843515,4.4306836,4.7590513,0.49578303,0.39615452
2.8236816,3.197938,2.987973,0.5,-0.26251194
2.8731663,2.5028334,2.5030134,0.5,0.004064236
2.9329786,3.3898911,3.071902,0.5,-0.41411456
2.5651748,2.6785645,3.7169533,0.4901459,0.72732085
1.7682536,2.026637,2.065985,0.17620158,0.086255565
0.918415,0.5665832,0.70486844,0.032106712,0.20700607
0.9558557,0.7642986,1.6120138,0.026329016,0.66126335
2.0918057,1.992528,2.566122,0.3417921,0.6786256
1.9254982,1.7694921,2.4363163,0.2527852,0.6894229
2.5208457,2.7072852,1.9804237,0.4933813,-0.7281609
1.8038179,1.6282461,1.4335088,0.1995649,-0.24147993
2.485954,3.4823961,1.9843478,0.4875023,-0.6712413
2.4307823,2.870416,2.4815657,0.46593365,-0.51928353
2.5505767,3.0378683,3.4053612,0.4816937,0.4103762
2.8091593,2.986555,2.1233113,0.5,-0.66460073
2.9866736,2.2059298,2.5573397,0.5,0.40216672
2.1530406,2.7562337,1.5715725,0.35161042,-0.7389457
3.118204,3.2369156,3.7407641,0.5,0.6320512
2.4769068,2.8395581,3.6078963,0.5,0.66581625
0.84045297,0.22055945,1.162373,0.016610678,0.6872421
2.2296956,1.3813714,2.7001452,0.38996312,0.6882498
1.6105042,1.6522298,1.8667871,0.10236276,0.28426808
3.0888221,2.9017017,3.2112744,0.49483982,0.38772285
2.849936,3.1827738,3.3775406,0.5,0.25427946
0.8710884,1.2674932,0.59825504,0.026090875,-0.7096424
2.749983,4.078387,3.2969828,0.4970013,-0.71050996
3.981153,4.4892993,4.058984,0.5,-0.511072
2.4624412,2.4507327,2.679803,0.48028624,0.24957913
3.1961071,3.234856,3.2050204,0.49991754,-0.05039533
2.2217524,2.7675576,1.4449804,0.3882978,-0.65354097
0.65623784,1.2197155,1.1466721,0.004841965,-0.13025519
3.0366127,2.5789075,3.129923,0.5,0.63154083
0.5797207,0.7690058,0.8027546,0.014149101,0.023960171
3.049858,3.168322,4.1772337,0.5,0.7170923
0.63761735,0.24002507,0.93499357,0.002493259,0.6962687
0.925727,1.5018586,0.78777754,0.028380094,-0.73092794
2.2839816,2.5606391,1.7121649,0.41609037,-0.7025342
1.0965189,1.1918753,1.0844779,0.04150271,-0.14995371
2.3663294,2.731074,2.8799596,0.45512035,0.19441369
3.224492,3.7305846,2.6671932,0.4783532,-0.7246661
2.699684,3.9083593,3.4950914,0.5,-0.55774295
2.299091,2.8664165,2.234677,0.4014829,-0.75015336
1.0427724,0.5985314,1.1625621,0.037318178,0.71325153
3.548362,5.1519585,3.7282393,0.49886888,-0.63750887
2.217476,1.8804768,1.7306554,0.38123322,-0.20546514
0.91241026,1.3215525,0.90444094,0.020333983,-0.6765368
3.8882077,3.9628227,4.2446203,0.5,0.30966508
0.5323088,0.60084945,0.6475123,0.0,0.036201112
1.2052312,1.6150575,1.1880615,0.049214948,-0.6190056
2.7310128,0.5125575,2.754561,0.49510318,0.6836045
1.6591344,2.5017965,2.1248786,0.14110677,-0.44981298
0.8842075,0.73336464,1.7863213,0.0013978824,0.67357105
2.257849,2.690107,2.3315134,0.42369857,-0.4261467
2.3517466,2.8680801,2.1021993,0.43315232,-0.6554781
0.7750833,2.1881971,2.2026553,0.008231872,0.021362497
1.9935048,2.4784496,2.7353425,0.2852277,0.30576453
1.1711564,0.85163534,1.3216144,0.05728327,0.7178317
1.2926699,2.140819,1.2011623,0.057396792,-0.6665547
0.96439654,0.9358539,1.981977,0.04234175,0.633709
2.7867358,2.6117005,2.6211944,0.48668513,0.031221742
2.7968628,3.6458375,2.997803,0.48364234,-0.6978508
0.6115888,0.901391,1.1828227,0.015254067,0.53884184
2.1980522,2.2749279,2.5191543,0.3685039,0.29644194
2.4602282,0.3690504,2.2191558,0.47436398,0.7092224
0.67622864,0.70026904,0.70163774,0.0025980943,0.023543714
0.9992319,0.95316356,1.2032772,0.032162976,0.39745006
1.1911566,1.6342777,0.8464131,0.026701566,-0.7223748
3.2724376,2.3606682,3.3575053,0.49853802,0.7258916
1.5646604,1.8306165,2.5261655,0.10103887,0.70603573
2.5431197,2.7303886,3.6757736,0.49547192,0.72668016
2.0565743,1.7830815,2.0338607,0.2993487,0.31374356
1.64976,1.8738492,1.8376608,0.1457581,-0.08704654
3.1071699,3.4634726,3.1335394,0.49933496,-0.38747996
2.8754642,3.0655608,2.0111687,0.49931198,-0.68342507
2.7237957,3.4005287,3.165302,0.5,-0.3408649
1.9716897,2.2558804,2.2569041,0.27714166,-0.034175087
2.7740178,2.8537471,3.461978,0.5,0.7470209
1.7899333,2.3958507,2.528898,0.1887951,0.20430927
0.5097016,0.8692083,0.98192066,0.0,0.18892929
1.1181937,2.8388364,1.6252949,0.024783507,-0.64113706
3.2089274,3.9577672,2.916644,0.49860266,-0.8002463
0.9043481,0.8239911,1.188434,0.015553809,0.67711943
1.1311623,0.49011835,0.6112213,0.031386033,0.1571389
2.7145083,2.58967,2.7092595,0.49523434,0.19786522
2.5810602,1.7920437,3.5774932,0.5,0.6875431
2.6253579,0.46710905,3.202986,0.49863264,0.71756446
2.766849,2.8556542,3.1646214,0.49055973,0.38506564
2.089661,1.8791207,2.236375,0.32844028,0.49367628
2.844394,3.3186405,3.0441399,0.49793717,-0.32446292
0.69845456,0.7149602,0.92986244,0.0005239145,0.4368631
2.8794317,3.2222197,0.29938188,0.5,-0.7032382
2.3774638,2.496787,2.8974838,0.449159,0.47130486
0.9439446,1.1711135,2.2204382,0.0325096,0.6695186
0.5615762,1.4181579,0.61797136,0.0,-0.7000223
1.047524,1.71254,1.0633353,0.027372256,-0.7212678
0.5392701,1.5134758,0.21521617,0.0,-0.6898321
1.0536449,1.4539461,0.24429175,0.048885196,-0.7116912
3.7181935,3.0612934,3.6259663,0.4822533,0.6939923
0.8609075,0.70824593,0.20763806,0.018177332,-0.70285624
3.0605123,2.4319692,3.3303761,0.5,0.69014853
3.4687889,4.127252,0.52334034,0.48978657,-0.70277905
2.0438344,0.6366014,2.174479,0.31774718,0.6771211
1.3125095,2.120528,1.2275072,0.05518634,-0.731935
3.5010076,4.219577,3.7488334,0.4993578,-0.5585231
2.617495,0.8561308,2.4280083,0.48120466,0.6805692
2.3286777,3.309428,2.1315386,0.43557245,-0.7042342
2.598082,3.3059566,3.8467336,0.5,0.66867095
2.3882594,0.6196754,1.9613029,0.46105677,0.7257484
0.5907758,1.0406865,2.3820996,0.0,0.68745524
2.2502596,3.1326306,1.7597482,0.4022822,-0.6312447
2.829752,3.244036,2.566561,0.5,-0.73614556
3.3915975,3.267708,2.9499953,0.49626386,-0.41728055
0.9594708,0.62772757,1.0115957,0.030077757,0.6608314
3.300136,3.3530452,1.7232181,0.49530876,-0.74321884
2.3972569,2.212919,3.0470812,0.4491552,0.7621996
2.489713,2.7943008,2.2720325,0.49334022,-0.6226116
1.0366466,0.90275264,1.3831974,0.029945789,0.7164768
0.8298987,0.8276353,1.9183835,0.027573548,0.70256704
0.9491649,1.7848715,0.9562404,0.032885235,-0.78540635
3.0251796,4.12753,0.7851944,0.49084505,-0.69048476
3.661318,3.4811344,3.415432,0.49159473,-0.10952942
2.9993632,3.0693862,3.634842,0.49174258,0.6739051
3.216437,3.3186784,0.72850764,0.5,-0.65834945
2.5803933,2.8568785,2.1595216,0.5,-0.726365
0.5460062,0.8946978,1.4426012,0.0,0.7143843
0.6968977,0.7006179,0.86313057,0.00019788739,0.3538281
3.2678406,3.7612,3.3381715,0.5,-0.56028634
3.1027062,3.037344,3.6107311,0.4912493,0.7265094
2.8282292,2.7829332,3.6310034,0.49626157,0.71579605
1.6608421,1.3993982,1.3485936,0.13927616,-0.050268102
3.2161353,3.9930334,3.9191835,0.5,-0.093143046
2.8025863,0.50369877,3.069563,0.5,0.69091916
3.0907428,3.4279006,3.0808752,0.48325023,-0.42870563
2.8336003,0.59510404,2.6627905,0.5,0.7062696
2.8993356,3.5951831,0.5107774,0.49066582,-0.7206617
1.0600413,1.6629062,0.60938215,0.042707413,-0.67674536
2.3028924,2.8951776,2.0949693,0.42233086,-0.7212755
2.8996506,2.8100371,2.2256134,0.48965025,-0.7453036
2.1512172,1.5681579,2.7145145,0.35247043,0.6904906
1.2919271,1.0990137,1.5733137,0.062535234,0.6709264
2.7853217,4.0560255,3.0532477,0.5,-0.683448
2.19241,2.314738,2.1992075,0.38607013,-0.12501895
2.6811943,3.6274686,2.7525423,0.5,-0.68776953
2.2647994,2.7421663,2.3644338,0.4094996,-0.47975782
2.3990588,0.83610195,2.7473164,0.46224123,0.71096104
0.93782514,0.693582,0.4300451,0.03517099,-0.33690363
0.96054244,0.76913583,1.1721429,0.034820333,0.637915
0.85016847,0.9774294,1.2361091,0.0021992254,0.49146587
1.1341308,1.3427292,1.5447373,0.040294316,0.36904815
2.4337027,2.9336152,0.5539729,0.47845435,-0.70397973
2.366687,2.2283409,2.7042055,0.4476742,0.6190156
1.9562712,1.7586129,2.5850124,0.2788101,0.7495982
2.558278,3.240019,3.274881,0.5,0.040514115
2.301728,3.4173481,2.110261,0.4393804,-0.6942285
3.3942235,3.6192765,3.9879425,0.5,0.47402975
1.570157,1.9545258,0.7895491,0.121333346,-0.7444006
1.0724921,1.1871436,0.8478691,0.030422807,-0.4793004
2.008838,2.143076,2.512801,0.29275268,0.46140507
0.9203489,1.0514628,0.6156689,0.02695884,-0.7257413
0.67016953,0.85373324,1.424021,0.004414998,0.6937311
1.1772113,1.6418707,1.8699182,0.064894065,0.33082646
1.9826173,2.4570103,2.372989,0.28088698,-0.14687012
2.3301342,0.8129211,2.726623,0.4199545,0.6882674
2.1042016,2.0364807,2.2115357,0.32226393,0.2562872
0.52546525,0.38947546,0.76801294,0.0,0.7124148
2.3365366,2.863069,3.0529337,0.41624147,0.2350366
1.7677407,1.5813034,2.5528564,0.20212318,0.70913535
2.9463964,2.64401,3.232391,0.48902488,0.6905394
3.3112733,3.6503963,2.9119623,0.491014,-0.7383434
0.62952775,0.7985529,0.6954689,0.0095793065,-0.21319294
2.6867378,2.8284802,2.96352,0.49069604,0.1781138
1.7097905,2.3270495,2.2864752,0.1494355,-0.07121098
1.3624499,1.5551984,0.60787886,0.06758783,-0.6869576
1.5211109,1.3730192,2.385599,0.09474109,0.70890313
2.5587811,2.8595757,0.82066965,0.48932528,-0.66022515
2.4296148,2.2513435,2.3299425,0.48088306,0.06815506
2.8920872,3.5708103,3.6751666,0.48903042,0.1254208
0.9574591,1.079806,0.6405102,0.039382562,-0.72064805
3.1288314,2.935249,2.8714435,0.5,-0.13034272
0.5933582,0.8851024,0.823988,0.0066083027,-0.05547846
2.3630362,0.3749545,2.986049,0.4563171,0.722461
1.5756466,2.3038456,1.8699023,0.113657035,-0.53285396
1.4180422,1.5864509,0.31249255,0.060057342,-0.72823954
3.439306,3.9366844,3.5794685,0.5,-0.4397933
2.0463629,1.9448822,0.45111814,0.32302532,-0.6778637
1.6832834,1.77067,2.4883893,0.15804678,0.7028136
2.6449738,3.0458105,2.0879846,0.5,-0.68319035
1.2523754,1.3551931,1.7070076,0.05151526,0.50484294
0.52422434,0.24376456,0.68027085,0.0,0.69448006
2.4221265,2.963436,2.7387953,0.47100332,-0.26372463
3.162647,3.5168931,0.50982165,0.5,-0.67351776
3.0994055,2.7717702,3.200832,0.4962145,0.47770783
3.2502134,3.260842,3.492876,0.5,0.29899085
2.7745242,2.5546622,3.8155153,0.5,0.71408653
1.2113572,1.1353338,0.46725065,0.04332599,-0.7452328
1.9763615,1.9627117,2.6165714,0.28662416,0.65922856
2.2281039,2.358856,0.60992956,0.39448446,-0.65997064
3.80377,3.3051467,4.9071975,0.49432313,0.66619265
2.402194,2.437579,0.7243069,0.45208174,-0.6912223
2.6996548,3.3415415,0.79106873,0.4932826,-0.73416245
1.0939329,2.179762,0.23627557,0.040507123,-0.69435126
2.782993,2.3778915,2.7061408,0.5,0.34341967
1.0861703,1.8346661,1.6993201,0.047342107,-0.19179173
0.49224836,1.8046125,1.2406162,0.0,-0.73054326
2.2955225,2.418712,2.4027922,0.40832707,-0.025502115
2.752025,3.2199166,2.903976,0.4935753,-0.36809218
2.8921854,3.6522582,3.2737758,0.5,-0.43345645
2.2693343,2.3169122,2.1954064,0.4057001,-0.08916539
2.7005033,3.3829188,2.422402,0.5,-0.66095597
3.5616753,3.6474729,3.6688058,0.5,0.025668442
2.207657,2.9711773,2.448822,0.372954,-0.6605926
0.3318771,1.3524966,0.9528605,0.0,-0.7051249
2.1608212,3.132035,2.7197716,0.36284083,-0.47201246
3.7293885,3.7524276,3.8227043,0.49155256,0.07576326
2.0834115,2.5870223,2.562117,0.33022353,-0.013761311
2.3336232,2.3488998,2.305715,0.43818355,-0.052310474
3.4640167,3.1144915,2.943938,0.4988827,-0.13164732
0.6144069,0.7803039,0.67744124,0.024458393,-0.24962653
3.0887573,3.701906,3.3709872,0.5,-0.357486
1.9516627,1.9755061,1.8291827,0.27352774,-0.18181238
2.6814253,3.60529,2.1489913,0.4910301,-0.71049076
2.5728447,0.8990505,2.3415194,0.5,0.71431357
1.0966421,0.29465985,0.7001881,0.034903195,0.55973804
3.0536335,3.086283,2.5397534,0.49173248,-0.6407984
2.0950494,1.9878063,2.3614814,0.31176496,0.43012545
1.8431897,2.6728718,2.6239114,0.20681569,-0.060462646
1.6238724,2.0867007,1.8705434,0.13210914,-0.30868706
3.6248903,3.792953,4.421012,0.5,0.66293234
2.2877226,2.8851001,1.20242,0.4127477,-0.72817725
1.2649192,1.0844713,1.5977334,0.06041606,0.6901188
1.9491658,1.6215504,2.441856,0.2577279,0.6859759
3.43236,0.72984946,3.2301655,0.5,0.67702836
1.7885003,1.0714645,1.4624653,0.20820922,0.4309063
1.9196323,1.6027365,1.864407,0.2588091,0.2822062
2.3990052,2.9039133,3.0953655,0.45329034,0.28560197
0.80130064,1.3614951,0.43501872,0.010930387,-0.6710321
0.9333975,0.6693202,0.7346316,0.01793453,0.08688157
0.9238602,0.20552756,0.50992936,0.016706211,0.5353737
3.557746,0.6218333,4.01688,0.4955078,0.68972623
2.153484,2.6792958,2.1093898,0.35232127,-0.7274352
0.56787,1.1815056,0.69253564,0.0,-0.67077863
1.9347203,2.2617557,2.3969698,0.25208503,0.16263308
2.1096182,1.8419145,2.041246,0.35692254,0.2574718
0.6518295,1.2629309,0.2,0.004927239,-0.6938056
0.32474625,0.7353331,0.785977,0.0,0.12994385
0.7912445,1.3407646,1.2708625,0.003279411,-0.14061424
2.4583652,2.2810788,3.4781044,0.4782029,0.7349299
1.9990994,2.4080675,2.329197,0.2774398,-0.07565659
1.9076647,2.5088317,2.1674092,0.2522881,-0.3800211
0.670285,0.2,1.0122297,0.01412579,0.72861934
3.599362,3.414068,3.670385,0.4966754,0.27291837
3.3406427,2.7818263,0.780444,0.5,-0.7024004
0.8815359,0.67574215,0.76789016,0.04190714,0.15796643
1.8307046,1.9893169,0.23967072,0.2214935,-0.69071007
3.777183,3.2171724,4.1015954,0.5,0.68572104
0.84124666,1.6057023,0.821521,0.0194604,-0.67566186
1.7947174,2.4949014,1.4966803,0.20451316,-0.6588166
3.263051,3.3406956,1.0605563,0.49496788,-0.6498736
2.6162667,2.55314,2.6049874,0.5,0.018277396
2.9593537,3.136733,2.8361325,0.49571088,-0.40816852
1.2938441,2.2272568,1.273751,0.05382097,-0.69569516
2.410564,2.9477026,2.380067,0.45632556,-0.67263466
3.1662714,2.4243987,4.261016,0.5,0.7654752
2.2115626,1.3027842,2.1967003,0.36395606,0.7026778
3.3390758,3.104974,2.8870509,0.49244848,-0.29718858
1.8073962,1.9674882,2.0537577,0.19446184,0.12548514
2.5621943,1.8843248,2.5420456,0.5,0.7884476
1.1643833,1.3278526,2.2885287,0.051842798,0.7514597
1.9390085,1.3135195,2.2970066,0.2422386,0.67477995
2.6739836,2.9785752,0.5194721,0.5,-0.72186285
2.9125764,0.4663329,3.1668565,0.5,0.70929897
2.656493,3.699783,2.944913,0.49199805,-0.69425625
2.494159,2.5907779,2.399281,0.4939942,-0.19471332
2.1197765,2.0507245,2.2542071,0.34676966,0.19672653
2.741619,3.5896444,2.4805224,0.5,-0.66739315
0.638064,1.1263629,0.6116284,0.0019021782,-0.7307515
1.7466283,1.9729611,2.026437,0.18079744,0.027550362
3.2534814,3.2737467,3.666413,0.5,0.48235354
2.0073495,3.0915325,2.3561072,0.2892646,-0.67553073
1.7339973,1.5685018,1.6617855,0.18957706,0.09779724
2.2321832,1.6401166,3.5230024,0.39222813,0.6902498
2.0404675,2.1513927,2.2275348,0.29222244,0.13937455
2.4086616,2.4925368,2.7890203,0.4594165,0.35374704
0.7350769,1.5568686,1.5540413,0.0,0.0021160066
2.8339965,3.1282096,2.6371338,0.5,-0.56825346
3.481227,4.0509734,3.5758348,0.486241,-0.5978151
2.6782837,1.5871283,3.7826247,0.5,0.6909549
1.727807,0.50543374,2.1716301,0.1585542,0.6691909
2.028282,2.9767044,2.6219091,0.29704928,-0.41319522
2.7143087,2.3540277,2.7425122,0.4998725,0.4542397
1.4524069,1.4759893,1.4546126,0.074231304,-0.07804172
1.7853893,0.699632,1.519949,0.20053206,0.69848543
1.64355,1.5419853,2.8274503,0.15063855,0.7105165
2.7037058,3.2821488,2.6575315,0.5,-0.6674827
0.7895837,0.6469222,0.27391022,0.0065135877,-0.66843206
1.8257387,2.0487835,2.5968478,0.22742105,0.6392782
3.0847902,3.6327055,2.9135797,0.49770176,-0.65864265
0.7597835,0.4968401,1.3627664,0.015506914,0.69642675
1.8038708,1.6326426,2.3250225,0.22102389,0.6970048
0.8933436,1.5355526,1.6354172,0.02819752,0.17485937
0.7013063,1.0287032,0.2,0.0,-0.6492979
2.8937302,3.088577,3.2238379,0.4991321,0.12274327
2.83943,0.6933748,2.5318935,0.48658878,0.7404878
0.25348723,0.6003824,0.51602876,0.0008151339,-0.16775623
1.5343368,1.8324878,2.1785274,0.07737271,0.4074481
2.7951102,3.7797804,0.68231493,0.4896917,-0.68832374
3.033815,4.3365045,2.95383,0.5,-0.67002845
3.5932574,3.807235,3.4069037,0.49060717,-0.43457088
0.9594202,0.90200067,1.2380158,0.020523611,0.5923162
0.58757335,1.2367333,0.24911855,0.0,-0.72117054
1.018973,0.7989945,1.5333242,0.04313567,0.71856946
3.1907935,3.99934,3.2899857,0.5,-0.67143565
0.6324934,0.5047417,0.7400515,0.0,0.48338515
3.2623243,3.2014904,3.5057044,0.5,0.36032686
3.1109433,2.7493289,1.8135135,0.5,-0.733545
3.1770258,2.8885388,2.82482,0.5,-0.024794078
3.3508856,4.1959467,4.295933,0.4935087,0.06718714
4.0230703,4.403681,3.6259315,0.473745,-0.6560253
1.617509,1.7886692,1.2755747,0.11085887,-0.6012183
2.9507644,4.1961823,3.0155017,0.5,-0.663716
1.0472159,0.5246789,1.609208,0.04175874,0.73954654
3.1701484,3.3955598,2.6917465,0.5,-0.7109469
2.9524167,2.5830338,2.9861546,0.5,0.46002737
2.283356,2.048488,3.0956044,0.41976267,0.6800885
0.9784305,0.68275666,1.394846,0.026376398,0.6671388
2.5476966,2.3763912,2.284886,0.49357802,-0.13964568
2.721581,2.7510676,3.4573033,0.48956358,0.74398434
2.5708432,2.6483533,2.6017518,0.49065837,-0.10080664
2.2009294,2.7878053,2.6612523,0.37412882,-0.16206165
0.3602829,0.5535329,0.23678117,0.002761568,-0.6233641
2.5687327,0.6379037,3.2496212,0.5,0.7274123
0.8526603,0.66763335,0.91128683,0.027717227,0.44688678
3.0403576,2.923213,3.4171214,0.5,0.5616463
1.1749296,0.7778447,0.4868453,0.049216904,-0.49324477
1.5069623,1.8235556,2.5015864,0.088147715,0.71222395
2.7021086,3.5229163,0.6673095,0.5,-0.6777127
2.876335,3.5040748,2.4595184,0.5,-0.6707885
3.5252469,3.783498,4.538611,0.5,0.7232129
1.2083364,2.2872028,0.79257333,0.041475832,-0.7039944
2.0252163,2.529232,1.689066,0.30322456,-0.6809408
3.463867,0.88048345,3.584603,0.5,0.6547087
0.82346445,1.736863,1.1461095,0.016204711,-0.6810221
0.87805283,1.4731972,1.5228972,0.033078082,0.09247083
3.0275228,3.394763,3.1967256,0.5,-0.23371176
3.4589894,3.6404152,3.1100364,0.5,-0.6532338
0.7927424,0.2,1.5817641,0.0020765245,0.7012981
0.8894456,0.2,1.0052496,0.021929912,0.72480774
0.6817575,0.8459421,0.41485268,0.0077197836,-0.75756943
0.53740984,0.39461705,1.2087882,0.0,0.7427291
2.7236574,2.96215,2.6586397,0.5,-0.382514
2.2043529,2.8859978,2.2416587,0.36396867,-0.65000147
2.5458806,2.346032,3.0555196,0.49064758,0.6665998
3.6768544,3.1053758,4.348309,0.5,0.69938314
0.58686054,0.23743239,0.49313706,0.0,0.51237017
3.806154,3.5086148,4.063015,0.49347714,0.68891364
1.9557577,1.5416569,1.4506567,0.29710063,-0.050288964
2.4283009,2.6115954,0.63984287,0.4551628,-0.7284607
2.8070426,3.8150253,3.796018,0.5,0.022142116
3.0637822,3.6022816,2.3648477,0.4870871,-0.75320536
2.5852258,3.05641,3.6266365,0.4946613,0.70702773
3.1159904,3.4139903,4.126949,0.4994597,0.70813125
3.067128,2.6457512,2.6653707,0.49403358,0.028882014
1.7667661,3.0779674,1.4543344,0.20014532,-0.66074055
3.061837,3.0598657,0.44767982,0.488983,-0.7328298
3.2511618,0.8323061,3.2658179,0.5,0.68691164
0.76367605,0.2,1.4607996,0.0033695924,0.6643441
1.5072317,1.6069789,2.028826,0.065205835,0.5330522
1.0312306,1.1167258,1.1663828,0.038452193,0.09620739
2.8528574,2.897699,2.452341,0.49004382,-0.5467403
2.075213,1.5903888,2.1361222,0.32324418,0.61525035
3.1371884,3.4131052,4.5924854,0.4874078,0.71260875
0.8869938,1.6732194,1.1788591,0.02249441,-0.7028014
0.3599573,1.6745764,1.338014,0.010547825,-0.631365
2.599339,3.6519835,3.0036907,0.48754054,-0.7143736
2.775799,3.562544,3.7668586,0.5,0.24060875
2.5822797,3.6496437,2.8206108,0.48656547,-0.692717
1.7697576,2.96146,2.6424046,0.19905566,-0.38902178
2.3928277,2.119624,3.0324657,0.44513327,0.6433906
0.9752191,1.2470701,1.1920912,0.027414953,-0.08935324
3.4793568,2.9752753,3.7037897,0.498272,0.64359397
0.5459021,0.97293633,0.2,0.0007875861,-0.7418024
1.166456,1.325542,1.2254599,0.05613203,-0.17565073
1.7371488,1.9096642,3.2527368,0.16926427,0.654691
2.396851,2.502041,3.4566035,0.45751923,0.7640374
0.868185,0.20986708,1.0537152,0.01943829,0.6901279
2.131224,1.4016827,1.9951637,0.34261099,0.7267506
2.140986,2.8037179,2.9780588,0.33021554,0.23823234
0.91359115,0.7816692,1.2164444,0.015913596,0.66393256
3.8038225,4.5557175,4.2770815,0.5,-0.42716312
0.8183186,0.91170865,0.9006234,0.02104051,-0.020103846
2.8793392,0.74624765,3.883646,0.49813417,0.7004459
2.8548675,2.3346195,3.122306,0.49294513,0.74312943
1.4713337,1.2921047,1.9815567,0.08299482,0.6915584
2.590808,2.3703265,2.2811997,0.49544626,-0.09657982
2.27634,2.3916204,2.1097758,0.39728862,-0.30990544
3.0074298,3.3794405,2.640301,0.49418575,-0.6779218
3.6140432,3.9642673,4.053354,0.5,0.12225244
2.4063778,2.6848545,2.5968158,0.4533964,-0.07310328
2.437336,3.033233,1.988054,0.47329116,-0.7068148
4.113965,4.8422537,4.4401264,0.5,-0.4660567
2.1953528,0.3901799,2.391039,0.3800911,0.6937582
1.7605412,1.0159545,1.1288728,0.17393644,0.13475145
3.411889,3.2880628,3.2468343,0.5,-0.033865236
2.5713124,0.7147332,2.9063876,0.5,0.72492635
2.8050752,2.7127423,2.3872137,0.49212235,-0.38633296
3.917023,4.4361134,0.2309669,0.49846745,-0.73755616
1.7750508,1.2630811,1.5839694,0.21477422,0.38541365
2.4942677,3.4596329,1.8968046,0.48814595,-0.6839714
1.8809291,0.5252669,1.009847,0.23993635,0.5798477
0.8840346,0.89040077,0.5067256,0.03175984,-0.6796879
2.2863936,2.0746627,0.23431534,0.398627,-0.6572926
1.9091457,2.0111094,1.4541824,0.26849902,-0.6767956
3.052083,3.762135,3.1888728,0.49221882,-0.71154445
2.644156,2.5994391,2.8284116,0.47989932,0.2663549
1.8929763,1.7117196,2.951607,0.2428793,0.72185904
1.8927857,2.110122,1.0595582,0.24394976,-0.6853387
2.7031026,2.27467,2.5962152,0.4967968,0.3469672
1.5971651,2.3472497,1.9642998,0.11636148,-0.42149842
2.7027905,3.245103,2.8680415,0.49841964,-0.45350817
3.4124668,4.0532656,3.3592744,0.5,-0.6913457
3.049581,3.8687873,3.5095184,0.5,-0.4093358
2.2210653,2.030311,1.2723888,0.3972361,-0.6601903
2.7785084,2.9925408,2.808076,0.47147897,-0.1973204
1.8394244,1.9915653,1.7460723,0.2243513,-0.3097337
2.6718411,3.6739237,3.3575284,0.5,-0.405764
2.4200191,2.414865,0.418214,0.45466602,-0.7278846
0.99983793,0.33212388,1.1325618,0.010138286,0.6888921
1.3610132,1.3226024,1.5273615,0.06635396,0.2655507
1.459863,2.092956,1.3737041,0.07653231,-0.7129931
1.8468565,2.407324,0.6838276,0.22409637,-0.70558673
1.9518632,2.1260352,2.0660071,0.27724427,-0.06445131
0.76689833,0.7103802,1.4072483,0.008070501,0.6360138
3.434925,3.719332,3.879751,0.49548158,0.15350671
3.0496745,3.522857,2.9066012,0.5,-0.6789974
1.3466344,1.6053684,1.0839149,0.06723297,-0.6807893
2.6272166,2.7163393,2.2931838,0.49866024,-0.5002981
0.9444782,1.1633747,0.23249368,0.01585708,-0.67307246
3.4160962,0.7877458,3.2793655,0.4933155,0.67526823
1.5160816,2.171475,1.0235658,0.06456986,-0.72682226
0.97530913,1.1117626,1.1823964,0.021471296,0.09457188
2.3191462,2.0669632,2.584767,0.41763648,0.60092026
2.9400685,0.6776348,2.944702,0.5,0.7185518
0.5593905,0.23148781,0.7980444,0.0,0.7224335
0.45828104,0.2435758,0.5816044,0.012754295,0.66437936
3.595097,3.1890469,3.9618127,0.5,0.69493544
0.6908131,0.55660415,0.98133457,0.0,0.69913805
3.18809,3.7885652,2.9536812,0.4929797,-0.7317712
2.52467,1.9596171,0.67578954,0.5,-0.71684474
0.4243745,0.7165354,0.5210266,0.0070976326,-0.4245709
3.8632228,0.66711414,3.4296937,0.5,0.73816574
0.37054214,0.20772626,0.5949887,0.0,0.6846131
2.3298495,1.6464837,0.73024017,0.4447587,-0.69564414
3.18204,3.3476605,3.7875152,0.4988848,0.56340885
2.53911,1.9449118,3.6939268,0.48956522,0.7440599
2.366873,2.3709798,1.5451698,0.45444334,-0.7003151
1.0842453,1.4678509,0.61581886,0.0212137,-0.69021857
2.8101714,1.7876252,0.45970196,0.5,-0.74654955
2.228131,2.757646,3.2025645,0.40202242,0.5334447
2.7255802,1.8623796,2.6674995,0.5,0.76433975
3.1383612,4.251948,2.4332929,0.5,-0.72244525
2.6509924,2.7789478,2.2404852,0.48526073,-0.6104701
3.8293364,3.5673406,3.8401623,0.48933834,0.32902014
2.5882561,2.885536,2.92725,0.5,0.057704132
3.4285407,3.1537206,4.659115,0.5,0.7531887
3.1134977,2.1853378,3.0214102,0.49644643,0.6309503
3.529176,4.247543,3.949109,0.4877367,-0.33680806
3.736423,3.848497,4.490784,0.5,0.71703696
1.5611463,1.769604,1.4007331,0.10244929,-0.43983698
2.7894704,2.8614836,3.7708886,0.5,0.6982344
2.5544534,2.2957692,2.3585289,0.5,0.077324495
2.6874218,2.3138397,2.3124256,0.5,0.062304586
0.9038561,1.4243215,1.816531,0.02587602,0.6416162
2.2505448,2.7173846,2.4096043,0.3986738,-0.37937897
1.0423157,1.2388072,0.5958655,0.033488754,-0.6625021
2.6900644,3.3897905,0.6307216,0.5,-0.6978798
3.13311,3.345016,2.9140923,0.47877896,-0.48149773
0.61181104,1.3707751,0.4916557,0.0022042019,-0.67988205
2.4189677,3.310314,2.6389806,0.4659968,-0.7487051
2.1931877,2.9404957,2.1459668,0.3697302,-0.67520785
2.0449715,2.3787534,3.1605263,0.29070386,0.7082451
2.453295,2.1635587,2.464859,0.48279783,0.37752983
2.802092,3.2480185,2.8779871,0.49871483,-0.45812893
0.78787607,0.76100725,1.662241,0.0,0.69255346
1.8630767,2.490449,2.6409025,0.24862038,0.17499958
2.5545108,3.5911162,3.1848452,0.4859571,-0.49971747
3.3193245,3.4227421,3.265396,0.49721235,-0.18534367
1.9145272,1.5244764,2.7918978,0.25628752,0.7229578
0.535217,1.091621,0.49522725,0.0,-0.71401167
2.3483443,2.494295,1.9962605,0.43544433,-0.5937519
1.0202339,2.0313573,0.90196496,0.033338964,-0.68206584
2.5232792,2.7216303,0.43009138,0.4775601,-0.7021848
2.8473418,3.0132158,2.9079723,0.48218957,-0.117353596
3.5893633,3.8051236,3.7921882,0.5,-0.015390654
0.94441754,1.3647647,0.66639066,0.036930155,-0.72452503
3.2129853,2.4017305,3.7394025,0.5,0.69518584
2.7735362,2.5480587,2.5620759,0.49652493,0.017699337
0.98471135,1.797162,0.7522705,0.022838816,-0.77447283
2.4937112,2.3513918,2.5210135,0.49825463,0.13914454
2.4950712,2.6390715,1.9831285,0.5,-0.7152583
0.99570096,1.1040785,0.6640492,0.034132354,-0.73687804
2.8874779,2.731397,0.6323924,0.5,-0.721809
3.0195003,3.114377,3.211471,0.5,0.07792949
3.1131444,2.8270426,2.9184785,0.5,0.11593431
1.1210432,0.49140206,1.4517273,0.041590545,0.73804086
3.1310756,3.4571104,3.2154348,0.4927016,-0.25291026
0.7805915,1.7682233,0.6835876,0.0145611605,-0.7606962
2.4072967,2.9279423,3.1442742,0.45334762,0.2636684
3.1323168,3.692097,2.4358184,0.5,-0.6862474
2.8185658,3.5637753,3.273104,0.48180875,-0.3708451
2.5945382,2.8880794,2.1477795,0.4937283,-0.692582
2.0430164,2.2765622,1.8148406,0.29411536,-0.55887944
2.3075337,2.0760431,2.1686118,0.4220867,0.15779568
2.9431539,3.5104728,2.9588382,0.5,-0.6773236
0.7255256,1.0051174,0.81376886,0.016118128,-0.38528246
1.1666254,1.0268313,0.8328836,0.052532014,-0.24089245
3.01831,3.0342767,2.857745,0.5,-0.22031043
2.2253604,1.8898165,1.2408744,0.3768419,-0.6890141
2.859327,3.3058639,2.6402185,0.5,-0.7141748
1.1162012,2.0727344,1.6977018,0.028084086,-0.5905798
1.9722869,1.6466066,2.452748,0.2904535,0.7232002
1.5577646,2.3275561,2.0714529,0.090643466,-0.3113808
0.8496714,1.5749412,0.7543562,0.027102156,-0.6503419
2.198463,1.8275528,2.5802238,0.37937564,0.68715185
0.9485346,0.2,0.8015243,0.021168247,0.7037429
1.0021986,1.2435437,0.9659631,0.011192164,-0.5050777
2.7844007,2.9283159,2.626629,0.5,-0.34086928
2.6593583,2.7175927,3.2777743,0.49372107,0.6704691
3.2484288,3.9565728,2.041191,0.4847433,-0.6610506
0.7924616,0.8782701,1.0175627,0.010024813,0.24836676
2.5597997,3.927639,2.6744044,0.5,-0.72564775
2.9705212,2.4165242,3.223794,0.5,0.7015353
1.6416752,1.4347935,1.8153664,0.1381804,0.40154937
3.262562,2.9490337,4.003134,0.5,0.67489046
0.57748884,0.73769987,0.79662555,0.0041894466,0.14731207
1.8105228,2.7617774,1.8998421,0.20110652,-0.6767108
2.3316274,2.0148368,2.8619704,0.43377426,0.7026625
3.1991527,2.9756176,2.5301197,0.4950733,-0.5679439
0.843508,0.7351084,0.56383216,0.0,-0.27173606
2.8364189,3.0227346,3.5203538,0.5,0.55356014
0.88688594,1.1748472,1.1422504,0.024339646,-0.018242033
0.7470921,0.6659456,0.23246731,0.0,-0.73400396
0.96544695,0.5405116,2.4070914,0.026177948,0.6968402
2.5463731,2.6914515,2.6117086,0.5,-0.15177901
1.7371241,2.7310762,0.354463,0.18153982,-0.6505286
0.8196246,1.4396571,0.24719672,0.0060922294,-0.70920974
1.052261,1.0335464,1.8786243,0.041785922,0.70336854
2.5502245,2.7901018,2.1903005,0.4933525,-0.702444
1.8657559,0.6870037,1.7964946,0.21396472,0.7297499
2.614142,3.288999,2.9396296,0.4855627,-0.40524954
1.0860212,2.0856757,0.6731722,0.06790041,-0.62958574
0.48419857,0.8977812,1.0958892,0.0043730494,0.40746328
1.9024193,0.56889594,1.5385267,0.25617138,0.68241185
2.1607115,1.6825354,0.6213632,0.38655108,-0.6762186
3.1233442,3.5657816,0.61571133,0.4932003,-0.7655112
0.75429773,0.21869463,1.4027209,0.009706159,0.77688324
2.1915133,2.782628,2.4388313,0.36282074,-0.369841
2.2791526,2.1933935,2.9655414,0.39553335,0.7214318
2.6218696,2.244553,2.9941,0.5,0.6907341
1.1451174,1.607494,1.3122389,0.031513117,-0.4477396
2.8987832,2.5898767,3.168454,0.5,0.74242795
3.2471867,3.6778836,1.8653189,0.5,-0.68556565
2.3791418,2.6351686,2.2111037,0.43309754,-0.50111586
0.6743043,0.2,1.4201152,0.002129966,0.7086939
3.483218,4.3758235,2.9260163,0.49336964,-0.7351095
2.704668,3.6095896,2.5912015,0.5,-0.64028287
3.0559773,3.7860026,2.436645,0.5,-0.64937323
1.7479398,2.4738016,0.6235099,0.1873018,-0.6740839
0.6621144,0.5315787,0.67229223,0.0,0.2872988
0.88524973,0.44081584,1.2673533,0.025860101,0.65639454
3.254461,3.8444626,3.230429,0.49138504,-0.6286122
1.3046526,0.42805907,0.7955482,0.065873235,0.46328422
2.5500128,2.259596,0.8077673,0.4953173,-0.71397877
1.395883,1.2222298,1.1063224,0.05899018,-0.16743919
2.1520867,3.1540375,2.1602416,0.36698222,-0.6828271
2.423776,2.1985648,2.0368414,0.46164504,-0.16760528
1.1294937,1.0602117,1.8182846,0.05679137,0.6921279
1.3723367,0.95524794,1.1245698,0.075758025,0.19264454
0.856212,0.78520465,0.7195955,0.014571477,-0.15860392
2.5075393,3.194447,2.9016378,0.49075752,-0.31083396
1.0899599,0.6016922,0.21334367,0.028580304,-0.5984621
3.0156937,3.480433,3.8355293,0.49183503,0.4437951
3.1065757,2.8811698,3.6087432,0.5,0.70893604
3.7402565,4.913156,4.3691273,0.5,-0.6269883
2.0923314,2.3942578,1.8009411,0.32751462,-0.7575886
2.7293055,2.8528883,2.380577,0.48267826,-0.53052014
0.9325266,0.80495656,0.72445774,0.025833856,-0.20674321
2.5867558,2.855236,2.466922,0.5,-0.5319107
3.0573218,2.4389644,3.8032725,0.5,0.7096394
3.3155282,3.5835056,2.4339306,0.5,-0.6465428
1.4951861,1.39156,2.309862,0.07772608,0.71772283
1.9019505,1.8292637,1.9350275,0.2542159,0.16094221
1.2249807,2.4066014,1.9042016,0.05788953,-0.6667489
2.148049,3.0184653,2.350973,0.35858828,-0.71150166
2.2178962,3.1826746,2.6832573,0.3910228,-0.6376709
0.70786184,1.3501803,1.3678551,0.00029184297,0.049091037
2.876473,3.3627307,2.939942,0.5,-0.49489072
0.81669277,1.7013749,0.48576546,0.006335413,-0.6839615
2.3588805,2.7793,2.067667,0.4547833,-0.7112183
3.1869855,3.6905196,3.7880747,0.5,0.12678759
2.5973887,3.463414,3.5260005,0.4972754,0.0643662
0.5775098,1.1554711,0.3579378,0.0022136278,-0.72286254
1.9067886,2.3519375,2.6577287,0.23639746,0.36899614
1.350961,1.9267042,1.9562012,0.075381525,0.019113166
1.6938045,1.9081848,1.0141692,0.13357724,-0.68395144
0.5168159,0.97772986,1.1474313,0.0,0.3146297
0.76635164,1.296805,0.59333223,0.0,-0.7207889
0.7345199,0.35065386,1.579218,0.019337008,0.72390115
2.364413,2.2098548,2.6199915,0.43768927,0.43041304
2.7290246,3.321019,4.1673346,0.5,0.6721768
1.1940597,1.4663593,1.2956845,0.06504619,-0.2461132
0.92645353,1.048619,0.6740128,0.03237982,-0.6657992
1.045461,1.3516763,1.4536489,0.04081198,0.16322021
1.1881331,0.38454074,0.39211708,0.034763284,-0.031843804
0.64999497,0.6796795,1.0350025,0.0,0.7268759
2.4651525,2.608104,2.420167,0.5,-0.23990186
2.5570014,2.8420303,3.073954,0.5,0.27041352
0.934985,1.5206449,0.5257954,0.01717027,-0.7427679
3.0865543,3.1418164,2.0698464,0.498687,-0.6948578
2.4893274,3.3278608,2.808339,0.48555812,-0.6128458
2.3927357,2.0632243,3.6792274,0.46367425,0.67475307
2.4240935,2.9444497,2.8580668,0.46812922,-0.08389063
0.87595224,0.7989182,0.6442113,0.0027831174,-0.30967736
0.23097254,0.86401725,0.2229421,0.0,-0.7224733
2.2460654,0.30788544,2.3604648,0.39439505,0.6769963
3.1017287,2.7884188,0.8128084,0.5,-0.70725083
2.651696,2.8887599,2.251694,0.5,-0.69538754
0.5206156,0.91226286,0.8811412,0.0,0.0011545722
2.9077914,3.277412,3.3171926,0.493999,0.08595556
3.2006578,3.4836514,2.8592026,0.5,-0.73759437
2.2803426,2.3017573,1.7087637,0.42270112,-0.6821464
1.7986557,1.7549868,1.9095434,0.1892094,0.16079874
2.671889,2.0496612,2.6292622,0.5,0.7307317
1.4663439,1.9203055,1.919516,0.085934974,-0.025355106
2.3098516,0.325166,2.043765,0.4215064,0.6985823
1.8618584,0.5346835,2.2246292,0.23830172,0.69455403
2.136884,2.279419,2.45447,0.36596873,0.25079092
2.91005,3.2554963,3.5140104,0.49025962,0.2749174
2.9557717,3.1850743,3.0683308,0.49436647,-0.15220244
1.129661,1.7653477,0.938957,0.044507574,-0.69674724
2.7705824,2.7265854,2.7923422,0.49887,0.08538705
1.0257205,1.269339,1.0472286,0.030219287,-0.38920662
4.087422,4.297941,5.195111,0.5,0.700105
1.0056747,1.5792338,0.8906486,0.033936273,-0.7416327
2.2639008,0.28180596,3.3959062,0.3805434,0.64688385
3.144422,3.5454907,3.2616498,0.5,-0.34865
3.2890432,2.8497636,0.63791674,0.5,-0.7654842
2.1251795,1.7184882,1.9305637,0.34976166,0.25523606
1.6879125,2.4981506,1.3626735,0.1707642,-0.683186
0.7748783,0.2,0.80073625,0.01905148,0.7207837
2.165258,2.5331826,2.29437,0.37248078,-0.31153944
0.72793293,0.56913996,0.8807091,0.01836187,0.57095915
1.6294639,3.2188342,2.8476932,0.13410108,-0.48542777
2.3263779,1.963158,3.1992419,0.42603636,0.71957844
0.6588999,0.5675896,0.87282455,0.0,0.5813458
2.8182733,3.3892386,2.7392,0.5,-0.65233874
2.9892929,3.0273347,2.4397016,0.5,-0.74255145
2.8315053,2.6933784,3.1754317,0.5,0.566188
3.7198365,3.3743083,4.327207,0.5,0.73338014
3.2143397,3.1519,4.046372,0.5,0.75050616
2.74767,2.4893246,2.5669982,0.5,0.11487915
2.0365005,2.2558093,1.4948139,0.30972812,-0.75247973
2.1558223,3.371838,2.3555272,0.36294308,-0.69158465
1.7503942,2.9561112,2.1095066,0.1825956,-0.72799003
2.728333,3.951155,2.684372,0.5,-0.68328714
0.9597151,1.0913358,1.3524398,0.018546954,0.43527573
3.1503634,3.6735237,3.2313926,0.5,-0.4833834
2.7734041,3.012349,2.9776914,0.5,0.024536751
1.0823226,0.8989273,1.376078,0.055520054,0.74755037
0.7206342,0.2,0.8073604,0.010631529,0.67771214
1.9748864,1.3079771,1.4628892,0.28533015,0.18549655
2.2968183,2.5511625,3.0132265,0.40851715,0.538785
2.5635345,2.112797,2.4372091,0.4940747,0.4158112
0.42810732,0.40988037,0.2089496,0.0,-0.44124973
2.4518082,2.862038,2.5395403,0.46452373,-0.38891253
2.7795172,1.8262286,0.4124751,0.49304995,-0.7617305
2.5345626,3.4444678,3.134441,0.5,-0.3613134
2.6227295,2.8006632,2.8226547,0.5,0.04520946
2.0282662,2.0276146,2.2250595,0.30218714,0.22625558
1.2579365,1.1825848,1.4443449,0.047637373,0.34001333
2.9029284,3.2996035,2.6728568,0.5,-0.67672664
2.1256013,1.8275033,2.131494,0.34048188,0.3271776
0.7244493,1.6320773,0.4232372,0.012793482,-0.6678286
3.3198721,4.0094786,3.203165,0.49033096,-0.7655299
3.6169546,3.5358496,3.8443518,0.5,0.35351315
2.750304,2.849784,2.643506,0.5,-0.20419401
0.8692374,1.6634599,0.65073097,0.0014149823,-0.662476
3.2311008,3.604869,3.2666423,0.5,-0.40778872
0.50235796,0.59717685,0.59189326,0.0055745933,-0.055853438
2.4349182,2.2718964,2.6345127,0.4719253,0.49417973
3.1578062,3.3524785,3.4619873,0.5,0.12783733
2.1046643,2.1531749,1.2786291,0.3380472,-0.69924504
2.2310193,2.582259,0.63895124,0.387786,-0.6769283
2.9058025,2.8189485,3.273737,0.49226123,0.54962265
0.66698986,0.36921686,1.4810754,0.0,0.70234567
2.9658785,3.744457,2.4868083,0.4948808,-0.70680624
3.3221369,3.7767143,2.902568,0.5,-0.641097
1.0579026,0.7932521,1.2578695,0.022210734,0.6548423
2.5946662,2.513871,0.2,0.48725802,-0.7219924
3.7440977,4.2892694,3.4526813,0.5,-0.660943
2.2592301,1.998161,1.4478112,0.40246648,-0.68214864
2.183738,2.2785952,0.4492454,0.36696655,-0.703736
0.6913609,0.74321103,0.8430892,0.005765157,0.22659811
0.7335315,0.5541454,0.26607963,0.00087675464,-0.53384274
2.9608788,2.6048684,3.0219045,0.5,0.53839666
0.48670977,0.6313928,0.2,0.0054722815,-0.74678415
1.9755565,1.7540852,1.6662546,0.2725092,-0.075719595
0.73609346,0.5801568,0.9158427,0.0157164,0.6246402
0.5528355,1.1340418,0.49247265,0.010515137,-0.75997937
2.6651826,2.4461,2.8275654,0.48888066,0.49210438
1.9676391,2.388607,3.5159404,0.27592477,0.68203855
0.88744766,1.554303,0.49749658,0.0059694033,-0.6804051
2.0730188,2.2179544,2.6552002,0.332632,0.50095123
1.4726627,1.9395056,2.234573,0.08087047,0.34702075
3.034825,2.7281635,3.7472203,0.49456874,0.70278275
2.682264,0.9757447,2.3029487,0.4988908,0.71700025
2.9434617,3.4585629,3.1720607,0.49455154,-0.38728178
2.3050077,3.218825,1.7019138,0.43244433,-0.6943409
3.0280237,3.7741704,3.5113122,0.490455,-0.3147993
3.249526,3.5044358,3.1104136,0.48435658,-0.49988928
3.7011511,5.2448316,3.9651818,0.49458024,-0.6865121
3.068869,0.2,3.849664,0.5,0.68871707
2.8089821,3.655211,3.0680811,0.49155265,-0.7158783
1.7518622,1.690323,2.0032735,0.19118759,0.35856572
2.5138218,2.5759244,2.5302339,0.5,-0.05389017
1.7258322,2.0287964,2.5103796,0.15831222,0.54761744
2.124453,1.8155464,1.9350308,0.3329951,0.16590084
3.7911048,3.945489,4.0732875,0.4945866,0.14934003
1.9537872,2.177154,2.4268718,0.2806648,0.3215831
0.8414461,1.5446357,1.2874436,0.021795172,-0.4898981
3.0729806,3.8452513,3.410996,0.49211392,-0.53398174
0.57862157,0.7870924,0.2,0.018678771,-0.68771625
3.0472233,3.083344,3.1851377,0.4898149,0.085307375
1.9266045,2.995401,1.1784667,0.2576165,-0.70615065
2.3163066,1.7797264,2.3652806,0.42614183,0.7099726
3.3408837,2.7555509,3.7992086,0.4907763,0.69680923
1.7946638,2.2216003,2.4239085,0.20779866,0.2526124
1.6209296,1.7681971,1.4254369,0.12671296,-0.3798574
0.49981013,0.53770125,1.7073836,0.0,0.6733532
2.1683223,1.4174211,1.5610136,0.3730752,0.21167201
1.0807,0.8067739,1.423297,0.027016688,0.6950196
2.5817378,3.5009243,2.9881036,0.5,-0.57915694
2.887634,0.46591678,3.3857245,0.49859783,0.6468859
1.1625551,1.7433274,1.469855,0.055328477,-0.3479814
4.1812806,4.0070367,4.439459,0.5,0.5299494
2.873167,2.9044018,0.7100752,0.5,-0.71137553
2.5355332,2.5150642,2.1211607,0.5,-0.48428935
2.8440073,0.27655676,2.8523998,0.5,0.7244911
2.51523,2.4230125,2.6289032,0.49395972,0.23820354
1.6309848,1.8201158,0.62306297,0.12994851,-0.66931015
2.5676908,2.0250015,2.2270935,0.5,0.20545058
0.7741677,0.6813763,1.3267215,0.013279761,0.7259247
0.65520495,0.75391096,0.82931626,0.0,0.13297744
1.9547298,1.9819573,3.0233307,0.26615137,0.7587536
2.2301738,1.6757982,2.7781394,0.38204026,0.70037425
2.7862687,3.366056,3.5473793,0.47788465,0.2218885
4.00749,3.6713295,4.7238503,0.49522454,0.67718554
2.0928097,2.585369,1.8251122,0.3416494,-0.7079225
2.6322906,2.3952522,2.687727,0.5,0.31098652
1.0185744,1.2565243,1.0015999,0.03737306,-0.3846651
2.4299965,1.9662944,0.4626017,0.4717963,-0.7211686
2.513485,2.7083144,0.9864537,0.49764752,-0.7361314
2.3569798,2.423979,2.4652243,0.42609924,0.124683216
0.9776989,1.247936,1.1588844,0.023505755,-0.1032006
3.015805,3.6896355,3.7736988,0.49099275,0.104040995
1.3105887,1.7561417,0.9841451,0.07076603,-0.70747614
0.9804138,1.9003558,1.0784917,0.040118635,-0.71368885
2.7804468,2.2782457,3.6833518,0.5,0.71301526
2.6977801,3.9074593,3.1189134,0.48632744,-0.6757652
2.5324857,3.2032835,2.4632623,0.5,-0.7367056
2.3713272,2.4143305,2.727187,0.43668136,0.36796382
1.9027485,2.5434175,1.3309125,0.26043677,-0.6440731
1.5927238,2.6101844,1.4432886,0.12435353,-0.6692712
1.1232518,1.8470451,1.09559,0.041235596,-0.7272978
2.4424949,2.196708,0.8930244,0.48513174,-0.73098916
3.114938,0.844685,3.666085,0.5,0.71238357
2.132733,2.6197903,1.6529791,0.36085802,-0.7009065
1.988785,2.0825694,2.7320266,0.29480493,0.6792879
3.0352876,3.5109372,3.5308783,0.5,0.053715713
2.3846414,2.8747683,2.2620423,0.46079946,-0.66954255
3.1455157,2.773245,3.0084157,0.49808875,0.32042438
2.5890892,3.4246075,2.8139508,0.49578407,-0.7121059
3.71528,4.028695,4.3073306,0.5,0.3176188
3.039951,0.45514497,3.188447,0.4960444,0.62070274
2.8748488,2.609068,3.5269718,0.5,0.6989819
0.54191065,0.5507523,0.7136988,0.0,0.35310966
2.3780549,3.1143525,2.9149966,0.44071782,-0.19385956
1.0887898,1.4235494,2.0140946,0.027581664,0.69483954
2.8322003,3.3090982,3.0540063,0.4980983,-0.36195764
3.7484198,3.9381347,3.339578,0.4977461,-0.6520908
1.2250619,1.457615,1.2948474,0.055197895,-0.2198853
1.4042069,0.75975025,2.523904,0.07931703,0.6847439
1.6229051,2.06885,1.6613445,0.14240688,-0.51475924
2.5567198,2.6485553,1.7886337,0.4923707,-0.68103796
2.7175992,3.0294433,2.3556502,0.5,-0.69315916
3.0370402,2.1553066,3.144979,0.47869894,0.6912871
2.7261086,4.1757746,3.1691103,0.4915204,-0.70024884
0.8012631,1.0636811,1.5747124,0.0005906401,0.6957843
3.2766905,3.7543895,0.7029007,0.4998952,-0.7039242
0.8799674,1.3382304,1.7433776,0.012839233,0.73357517
1.1461563,1.1615232,1.6724393,0.03710505,0.68636024
1.350176,1.7144158,2.0563786,0.0542329,0.47638476
0.7380686,1.5544616,1.4117643,0.0,-0.31482902
1.8661985,2.2048094,1.8943682,0.24161313,-0.30258784
3.3780723,3.988878,4.481151,0.5,0.56230944
2.3537595,2.9757545,3.2666676,0.43682146,0.33234084
1.1504861,1.6850492,1.408707,0.038155586,-0.46400914
2.893957,4.080537,3.784831,0.49401513,-0.3878616
1.1433835,1.4128379,2.6198418,0.060122315,0.7173967
2.4301782,2.6180205,3.116898,0.45974997,0.62700605
2.4460642,2.6143634,1.6882415,0.4781973,-0.63126534
2.405305,2.8403034,1.73653,0.4689818,-0.7317038
4.2735524,3.7110238,4.644556,0.5,0.65757656
3.5257964,4.5012836,3.3522043,0.5,-0.6680021
3.0328133,3.0862682,2.8878367,0.5,-0.25513774
2.6991014,2.8949912,3.0880558,0.4962938,0.25982517
3.2853475,0.9439537,3.279453,0.5,0.7156468
0.89104927,1.1325921,1.5006027,0.020026563,0.60603046
3.080055,2.6769612,0.33258685,0.5,-0.6895124
2.9565763,2.340408,2.5903544,0.5,0.30298793
2.6884782,2.5525553,3.0502152,0.5,0.56812996
3.171032,0.5545503,3.0979722,0.49005327,0.6896048
2.3411808,2.096588,2.921262,0.43037897,0.72035694
2.6080112,2.9822173,2.683325,0.49794275,-0.38276044
2.0187802,0.57713854,2.6909833,0.3030158,0.67073363
2.095512,2.4272249,2.2594316,0.34643048,-0.2810323
1.105936,0.2,2.0297565,0.059512913,0.6786927
0.55663353,0.7751563,0.90151256,0.00023870816,0.2717592
3.0370421,3.5176244,2.5163896,0.49780023,-0.7162558
3.2643383,3.2594647,3.7350562,0.48023906,0.6135127
1.9692563,2.302183,2.0086043,0.27899164,-0.33344215
0.9425227,1.2923434,0.2,0.0102406405,-0.66539395
2.5815465,2.2821665,2.6477888,0.49306345,0.43971735
0.92741936,1.6221268,1.369457,0.035018954,-0.4103269
0.58248085,0.65441084,1.1975137,0.0,0.7469147
0.7076157,0.73043364,1.2494358,0.007454844,0.6930883
1.5263672,1.9142174,1.7045195,0.08724633,-0.2465188
2.14008,1.6007136,0.6068012,0.3374341,-0.7318124
1.4611797,2.2801352,0.35039455,0.07369001,-0.68568844
0.81321925,0.5081538,1.4525042,0.009255373,0.6506265
1.5598285,2.688445,2.1202252,0.12118805,-0.69568014
2.2783854,3.1007123,2.252858,0.40850636,-0.7155476
0.96435755,0.56850034,1.9175034,0.033446416,0.73530704
3.4895394,3.8065083,4.0509825,0.5,0.27962545
0.7458078,0.40197998,1.3473266,0.009156982,0.68607527
2.9701412,2.5450215,3.0456514,0.48963264,0.5915704
2.316126,1.2480013,3.4777582,0.4250829,0.6802971
2.3864467,2.8222358,2.1326795,0.43717158,-0.71829987
2.0889673,2.0317414,1.2025939,0.32378396,-0.68809885
1.9722261,2.5240726,2.5906231,0.28413314,0.100252144
0.90249425,1.2189826,1.5474855,0.024616055,0.5992464
3.194021,2.7790847,3.8435469,0.5,0.6890732
2.1574721,0.5648341,3.0347164,0.35388687,0.7825814
2.0746503,2.537317,2.8813987,0.32848078,0.38616547
2.726677,2.6847587,3.5815194,0.49233752,0.7100912
0.20884167,0.7400401,0.39273176,0.0012220656,-0.6677894
2.5707498,2.6207998,2.9646583,0.5,0.46978864
2.7323635,2.522974,3.101986,0.5,0.7049483
0.7670287,0.8406356,1.4887847,0.013624684,0.72618747
2.045409,2.0704238,1.9214442,0.32616484,-0.10864828
3.195896,2.7136147,3.3285127,0.4934558,0.7001382
2.5271509,0.91632134,2.1968236,0.5,0.69658893
2.976417,0.629938,3.4924617,0.5,0.65536374
0.7278613,0.7384527,1.7943271,0.0,0.73356855
3.1325467,4.0849266,2.8896267,0.48689616,-0.7123645
1.7672902,2.4329214,1.1625212,0.18610656,-0.6974657
2.5159442,2.5266435,2.6603196,0.489217,0.10092274
1.4598854,1.6366296,1.8258024,0.08441689,0.23905884
2.930894,2.7584107,3.0399475,0.5,0.40059638
2.7080333,3.2123349,2.3265722,0.5,-0.70563424
1.6185218,2.0734386,2.377563,0.12832838,0.36052275
2.205642,2.2656913,2.602495,0.37656373,0.37277192
2.6671345,3.0726821,3.7155907,0.5,0.66456234
1.7385161,2.5305011,2.4289904,0.20631294,-0.16108052
3.0513237,0.5817486,2.8618495,0.5,0.73179156
2.5171955,2.075826,2.9825573,0.5,0.66858625
1.4093212,1.850237,1.9348332,0.07484897,0.101375446
2.2948463,1.8945334,3.2662342,0.41511646,0.706091
2.449884,0.73025644,2.332518,0.4851419,0.67110246
2.4821663,2.8095496,2.1265056,0.48337588,-0.6996991
0.70435613,0.6301222,0.9276504,0.011035974,0.5651726
2.949726,3.1920707,3.035745,0.5,-0.17763719
1.7833645,1.5263789,1.8473196,0.20277335,0.36210394
1.6723181,3.2970972,2.1065466,0.15460669,-0.68951285
2.4243214,2.3865714,1.2566105,0.45027065,-0.70845085
2.6567712,3.082782,2.3002188,0.5,-0.7019399
0.7922018,0.6984481,1.0668318,0.006178792,0.7091441
3.6222937,3.3360538,3.8089497,0.5,0.6130665
3.651347,3.9387252,4.8310614,0.4898799,0.6307979
2.3553703,2.3174984,2.5970514,0.4370704,0.35206357
3.1105409,3.423317,2.6446114,0.490196,-0.70581824
2.9085352,2.6796632,2.7493112,0.5,0.028960511
1.9588882,2.1912754,2.6319966,0.25892287,0.5440284
1.4864668,1.2686262,1.5660079,0.08164719,0.39191976
0.5517347,1.3208225,0.2,0.0072293766,-0.7351496
1.677047,2.0262756,2.2046666,0.15941381,0.17144172
2.0230234,2.1839743,2.8628364,0.30501541,0.722956
1.1544341,1.3865651,1.3329123,0.053788822,-0.07968774
2.7369556,2.7229013,2.6889894,0.5,-0.04738897
3.3617015,3.660287,4.00981,0.5,0.46101713
2.6073773,3.537518,0.2,0.5,-0.69437224
0.90586764,0.8278154,1.4576529,0.017215496,0.7121734
1.3854291,1.6422343,1.5439497,0.06966402,-0.11397775
2.9302547,2.6851993,0.5572445,0.5,-0.73528033
2.6099548,1.5256054,0.7384727,0.5,-0.688567
2.2846744,2.7616682,2.4710693,0.42215255,-0.39918324
3.2419364,4.0500555,3.9488509,0.5,-0.15170191
1.8462929,0.7302704,2.2946823,0.24175341,0.70516324
0.92675143,2.3140934,0.2,0.04420987,-0.7230854
2.397733,2.487106,3.0761766,0.4418861,0.71042615
2.2630296,2.0218513,3.030732,0.41268316,0.6629859
2.917327,3.7374945,3.3660023,0.5,-0.42586622
2.8807597,3.701573,3.1167223,0.5,-0.680752
3.2548819,3.915031,3.8940227,0.5,-0.06415931
2.9270985,2.5458128,3.1691165,0.5,0.6872755
2.4932125,2.3331094,1.8441647,0.5,-0.6188594
0.8604914,0.24833016,0.72602284,0.014092219,0.7086994
2.856781,4.0772543,3.8545656,0.49874845,-0.29011282
2.4640813,2.2591033,2.5035427,0.4754832,0.29677534
0.69540346,0.34707326,0.97394586,0.0,0.7025646
2.8956542,3.072063,2.2824247,0.4977139,-0.74692994
1.178759,1.4020025,1.5652562,0.044399,0.23604527
0.9567436,0.8164918,1.4578383,0.012317733,0.741319
2.1482418,2.2882257,3.383949,0.34687054,0.69096005
3.4289443,3.3143537,4.03249,0.5,0.76015955
1.9267111,1.9482522,2.6613271,0.24473144,0.7331612
1.1631366,1.107123,0.52073514,0.04805086,-0.6469409
2.2430987,3.228115,2.2329278,0.38799426,-0.69278175
0.9339311,1.2032561,2.2524593,0.034940694,0.7546379
3.0899446,3.6949217,3.7587304,0.5,0.12085424
2.6452813,2.6782176,3.0435143,0.5,0.4582028
3.5206542,2.8066046,4.6108155,0.49955395,0.7076787
0.9952494,2.0806,0.78880775,0.030064894,-0.7400864
3.1323073,3.5862203,3.5490258,0.49124703,-0.01063392
2.1158283,2.5857353,2.6170523,0.35969287,-0.013696137
0.8430388,0.22511095,0.96644694,0.027577976,0.6993172
2.0593796,2.148896,1.5368577,0.30177942,-0.6951692
2.647152,3.6091125,3.5677717,0.5,-0.09974602
1.0948865,1.9654683,1.394505,0.042110708,-0.70186776
0.90954906,1.0129114,1.301584,0.019705689,0.48914495
2.1641629,3.0489075,2.0515013,0.35450706,-0.70525885
4.47641,5.4219146,4.316515,0.5,-0.71410286
1.7931763,1.888396,1.8304149,0.20704973,-0.089097105
2.7545185,3.6274686,2.7971947,0.5,-0.7177762
2.7278268,3.64714,3.5096984,0.4928411,-0.12020805
2.9152834,3.5295012,0.35666147,0.49967185,-0.696269
2.3343103,2.9185815,2.0003216,0.4399894,-0.6864667
2.7475019,2.5664637,0.5924701,0.5,-0.66558075
1.3334081,1.9107238,1.9975901,0.0627948,0.10976959
3.7390478,0.7197725,4.484988,0.49482536,0.67194337
2.1822586,1.9672793,2.3022466,0.3726484,0.46087113
1.1463219,2.1741455,1.0461587,0.064176165,-0.7575028
0.8609671,1.0792456,1.1249412,0.012814284,0.045700505
2.1615417,2.4923334,2.371836,0.36209434,-0.09361577
0.82956386,1.0854006,1.161686,0.009139096,0.16442876
3.0200286,2.427755,3.7350764,0.4843527,0.68811214
2.2227829,0.55858713,2.8674922,0.37673402,0.68562967
2.1025991,0.52542967,2.728779,0.33873808,0.6476484
1.9854199,2.2432146,1.7084142,0.28555676,-0.67954385
2.8355877,2.8482327,3.2571113,0.5,0.49434936
2.5997097,3.0071898,3.0221214,0.49149707,-0.008380716
0.51445603,1.2806013,0.23483689,0.016514858,-0.7210294
2.1437883,1.5258427,2.1265867,0.35232538,0.68869907
2.8855147,2.9950752,3.2997167,0.5,0.38789204
2.160327,0.44379386,1.7391912,0.36054972,0.68501174
2.666956,0.57284844,2.5726874,0.5,0.69449615
1.0319961,1.8189272,1.2717687,0.028407771,-0.6959055
1.5712777,1.0730476,1.545422,0.10632808,0.546465
1.1374232,2.0580928,1.9200106,0.04328011,-0.1839463
2.8986757,3.1137915,3.5248675,0.49048498,0.472912
2.7226787,0.30043823,2.2623565,0.5,0.72390085
2.7804675,2.3302333,2.601266,0.4918892,0.31503424
3.8479998,4.6951537,4.5636706,0.49052897,-0.0948423
0.86318225,1.2465379,1.314333,0.03559858,0.095259406
2.8185537,2.5033064,1.5500914,0.4781415,-0.752436
2.203201,3.1448295,3.127596,0.3671073,0.010849959
2.25479,2.8310912,2.4893327,0.39146072,-0.40996143
1.495067,1.5667739,1.729411,0.0913878,0.19396679
2.3755026,2.6969836,2.1147897,0.46978804,-0.7062039
2.9991,2.7888408,3.7852848,0.47279474,0.70312387
2.969828,4.1844172,1.0221533,0.5,-0.72000116
3.0245278,2.5521827,3.1394057,0.49677107,0.68196833
0.7326844,0.3465052,0.23278163,0.0050593885,-0.25612715
2.9405782,3.27632,2.9016833,0.49298218,-0.4141219
3.0474195,4.793218,2.7661343,0.48936623,-0.6904235
1.1681982,0.70280313,0.5564726,0.040038534,-0.23518613
0.6869495,1.3011633,0.39258286,0.0,-0.66541386
3.779055,4.1209426,0.5947219,0.5,-0.67659885
1.1153283,1.4985301,2.0353103,0.054892253,0.68521166
1.0230283,1.8368222,1.1619365,0.021347856,-0.6683186
2.1063354,1.9780273,1.8136228,0.34283742,-0.1691584
1.4908082,1.5596839,1.5305449,0.06453887,-0.044768736
2.214313,2.0528357,2.1949604,0.3911814,0.1606449
1.8767011,2.7592118,2.86594,0.23635323,0.13751991
0.8998222,0.5916282,1.1531966,0.017805481,0.6981859
3.059918,2.7136135,3.9599407,0.49558714,0.7212002
2.8099277,3.172308,2.309139,0.5,-0.6732512
1.2818663,1.9296838,1.4723032,0.0536766,-0.62346494
2.3180366,1.7263378,1.9285294,0.42312086,0.3076519
2.6628296,3.5550458,2.6968973,0.48458064,-0.69378644
0.861936,1.0685978,1.3807817,0.0071553346,0.52890056
2.939186,2.9188678,2.4595468,0.5,-0.57413065
2.925007,3.8388677,2.9201024,0.49334183,-0.73497146
2.1353583,2.9265769,2.215492,0.35905185,-0.72501093
0.65466607,0.2,0.9309018,0.0013218618,0.7666885
1.9836699,2.5531795,1.4108912,0.272641,-0.73386306
3.620196,4.1640935,3.989825,0.5,-0.2131723
1.7130443,0.7169405,2.022999,0.1663115,0.7110923
1.0728126,1.5524353,1.7234929,0.040826067,0.19202809
2.9717534,2.9144397,2.3511188,0.5,-0.6177949
1.6763202,2.38545,1.6382146,0.14226831,-0.679129
0.69373924,0.44879183,0.89685196,0.0,0.7077549
1.0243464,1.2823739,1.3412712,0.02964234,0.09322049
1.8352885,1.7307692,2.0748758,0.21476758,0.5032043
2.806292,2.7213268,2.7305584,0.4959519,0.014086667
2.0797913,1.2378179,2.4145036,0.31960353,0.68207115
2.5188918,3.21787,0.74953735,0.5,-0.70589083
2.2621882,3.085211,2.7731285,0.40352288,-0.38232422
0.7505703,0.970405,0.24576065,0.0025925545,-0.69803184
1.9039819,2.2641861,2.8599107,0.24754396,0.70048666
0.7129967,0.5585727,1.7110027,0.0012788721,0.70753264
2.778342,3.5294244,3.409434,0.49811685,-0.1616151
0.910559,1.2700026,1.7807355,0.02336379,0.72955626
2.3483286,2.571134,3.7633548,0.42489082,0.656152
2.654717,3.634307,2.990487,0.5,-0.6569557
2.15443,1.7157637,2.9211195,0.3611119,0.70447373
2.176669,1.3592592,3.0799263,0.35368073,0.69725585
3.642765,4.035493,0.51633424,0.47583893,-0.70877105
3.187332,0.24231964,4.10419,0.5,0.75453484
0.80630636,0.41910854,1.1554154,0.033699486,0.71938854
1.7278831,1.9961863,2.3952637,0.18056971,0.47440127
1.6103352,1.9835548,2.2774982,0.12307751,0.34557083
2.2320197,2.8662853,2.0853062,0.38877362,-0.63479334
1.060702,0.7640558,1.9899185,0.018023603,0.7416975
2.6417398,2.6258757,0.81012934,0.5,-0.6485776
2.6542425,3.053365,3.0594745,0.49072918,0.01822287
2.8483639,3.5728664,3.4019856,0.4873778,-0.19679818
1.9565935,0.53057694,2.4826655,0.261975,0.6902974
3.49108,0.49065033,3.3742683,0.5,0.6684471
2.4938047,2.9330542,2.0203307,0.5,-0.65653515
2.7980874,2.7015877,2.5831687,0.49541074,-0.15058704
0.9357552,0.9251087,0.5917302,0.030317066,-0.54086775
2.794911,2.8154697,3.216399,0.49602577,0.45179522
3.870196,3.717377,0.60981554,0.5,-0.68590945
2.0346544,2.5644538,2.074825,0.31114304,-0.6156853
0.8584653,1.5029286,0.8934686,0.02803696,-0.7298308
2.0581622,2.0751755,1.7134767,0.29772615,-0.39713803
2.4220073,2.6792226,3.0548933,0.48083594,0.47667706
0.9934152,0.99531156,0.6491151,0.029905686,-0.60321444
1.9856695,1.6753391,2.212119,0.2847339,0.6516748
2.5479786,2.2518826,3.4405189,0.48263285,0.70523316
3.57193,4.6265364,3.7012146,0.4806396,-0.69039685
2.5117774,2.3832786,3.5148633,0.49524114,0.6699142
2.5671272,3.0167289,2.1771214,0.4957349,-0.66635346
2.8199766,3.2070715,2.3089678,0.5,-0.67224586
2.9483635,2.669575,2.0342956,0.5,-0.64923227
3.4190705,3.8562558,3.9516857,0.5,0.028333124
0.8611367,1.2178,0.21850108,0.0056169564,-0.7288386
2.5838964,2.759394,3.5771165,0.5,0.70148176
0.74002606,0.73708206,1.881268,0.020079793,0.6775192
3.0882409,3.2016053,0.51283276,0.5,-0.69013625
0.88342327,1.3095496,0.6813155,0.0045021344,-0.7331309
0.8199375,0.57372564,0.2,0.003638215,-0.7338639
2.6873639,3.602599,0.41379964,0.5,-0.6890423
3.4932582,4.058978,3.7290452,0.48948726,-0.426197
3.0284839,2.045029,3.360433,0.49902433,0.70916295
2.581076,2.6467617,3.0802677,0.5,0.5039035
1.9532815,3.2183065,1.7124709,0.2724081,-0.67199624
0.76346284,1.0893881,0.86788595,0.02208053,-0.4898936
2.5754945,2.4472475,2.879645,0.5,0.48243678
2.4050531,2.9619946,3.7849057,0.47412518,0.7362535
2.9584727,2.0634744,0.5830501,0.49410373,-0.6677622
2.3493145,2.665746,2.6181679,0.42736387,-0.05376748
2.1909974,2.106241,1.8352487,0.3730366,-0.37224588
2.1878676,2.4313884,3.0593748,0.3635504,0.6840732
0.54090255,0.22410896,1.623275,0.0049133385,0.6656289
1.9507184,1.9518616,1.3781178,0.2617825,-0.67104
1.883233,0.75765634,1.1283838,0.25212473,0.47321138
3.2132165,0.51225805,3.455826,0.49560234,0.6251961
2.9755936,3.2499816,3.061746,0.4994105,-0.18412314
2.1722088,2.8978088,3.00704,0.37771273,0.094584316
3.1207826,4.6027417,2.7732804,0.5,-0.7566947
2.7323706,2.5627952,2.5565605,0.49443856,0.0124485055
0.68412906,1.1842383,0.2,0.005646912,-0.7319085
1.8449528,1.9463105,1.574411,0.22826612,-0.49765828
2.7755501,0.42073855,3.0847168,0.49457738,0.7220469
0.93553424,1.1354828,0.28200418,0.036159687,-0.70079046
0.32758242,0.4341634,2.1297202,0.00969284,0.6824942
3.1972802,4.349775,2.1724384,0.5,-0.69383204
1.4376183,0.26676762,1.3681026,0.0647136,0.6872105
1.1141691,0.7420704,1.4664837,0.02211446,0.73039865
2.4891493,2.7467182,3.353892,0.5,0.65194607
1.1056008,0.7723851,0.83192366,0.027203172,0.074893296
2.1536162,2.1045272,1.436513,0.37338057,-0.71618325
2.703919,3.4149306,2.3493416,0.5,-0.7183401
0.7412158,0.78782076,1.862771,0.009150785,0.6316528
2.5207388,2.9419289,0.45714593,0.49096546,-0.7581467
2.573521,2.712196,3.3387308,0.48982257,0.6875762
2.2640681,2.5669162,2.6274705,0.40099326,0.010014623
3.5437212,3.3963091,3.914892,0.49450648,0.59388185
0.86503357,0.61400884,1.6314541,0.018950762,0.7279425
2.1970243,1.7193819,2.0320883,0.35624078,0.32861567
1.6854892,1.4778771,2.3848374,0.1526076,0.6997937
1.5217301,1.8177851,1.8328635,0.0970054,0.008060744
2.9143229,3.6452882,0.64520055,0.5,-0.72801024
2.7090547,2.9975784,2.8452728,0.49904746,-0.24651055
2.1521714,2.5900338,2.3630352,0.36000383,-0.23441288
2.7708724,2.3441086,1.7215937,0.48094314,-0.7191011
1.870002,1.9044054,1.5175999,0.22984959,-0.48879308
3.0948129,3.4237306,3.5315483,0.49683958,0.12805757
2.3878293,2.626526,2.6275725,0.4514268,0.0051924926
1.9168069,1.6497738,2.7222776,0.25387943,0.6988388
1.4198108,1.1200817,2.1987832,0.08623493,0.7283571
2.3807383,2.490825,0.44075468,0.44250268,-0.7062118
2.8588185,3.3871267,2.6864753,0.4965197,-0.6695042
0.77158207,2.0511475,0.2158425,0.003345366,-0.70557
3.2755733,2.8998437,3.678039,0.5,0.7701223
0.35368946,0.61413676,0.320242,0.004616359,-0.55849403
2.5081644,2.148895,3.2991633,0.5,0.6995804
0.75840265,0.9253346,1.5038229,0.008548491,0.652952
1.5298713,1.5214568,1.971884,0.07572716,0.55404544
1.2458448,0.2,1.144077,0.06407347,0.7382169
2.0580668,1.3045578,2.8573647,0.326901,0.7510664
3.339024,3.3365698,3.501753,0.5,0.1870919
2.450706,2.7246535,0.2,0.49966842,-0.67513484
3.010637,3.3599925,2.2254705,0.5,-0.68123686
2.301597,2.7245886,2.6814442,0.42993417,-0.019988852
1.0760175,1.0080224,1.3145087,0.048866488,0.4660389
2.9040835,3.740083,3.1220095,0.49297285,-0.7541324
0.7153125,1.5586437,0.62986875,0.0032275901,-0.71634954
2.8366992,2.8644528,1.0957247,0.4936937,-0.6980306
2.4972584,2.439404,2.7328877,0.47344166,0.33502194
1.0710783,1.3624749,0.21136792,0.047404222,-0.69785225
3.0130057,3.5504394,3.000313,0.5,-0.65649265
1.3597465,1.5576106,1.1735135,0.05509198,-0.5137388
2.4077501,2.1117508,3.2750804,0.4737335,0.7082135
3.1863432,3.922861,4.3291926,0.5,0.46898627
1.9623026,2.38099,1.4339832,0.27780518,-0.6883318
1.5776788,2.7169201,2.1660547,0.123167284,-0.6654025
2.4709349,2.397214,2.374397,0.476976,0.032048386
0.7327701,1.0176322,0.64878196,0.029926151,-0.65431577
2.3277686,2.7338543,2.206901,0.42889303,-0.6160865
3.3331516,3.4893014,4.2438035,0.5,0.68672395
3.7288418,3.4076715,3.8190029,0.49539623,0.46430454
1.4923791,1.818964,1.8369904,0.08912205,0.03802418
1.2136238,0.7265963,0.6317278,0.060139485,-0.13928147
1.2432501,1.4402529,0.85819626,0.068363525,-0.69211537
2.9788077,3.1784084,2.9264655,0.5,-0.324763
2.1770184,1.8699605,2.3456829,0.36302924,0.5701904
2.33309,2.2550495,2.8305383,0.45033565,0.69146746
3.2889726,3.3280933,3.144694,0.5,-0.2140509
1.7828326,2.0139205,2.7153685,0.2046412,0.7403077
1.6138992,0.68851656,1.7396665,0.13033357,0.688895
1.2629709,1.6006267,1.0936424,0.05454477,-0.6982741
3.3877163,3.9808028,3.9975965,0.5,0.075109266
3.2417793,3.551136,3.8205452,0.49650836,0.34992296
2.480048,3.6449,1.698123,0.48112053,-0.6451169
1.8717245,2.2224858,2.8424673,0.25074273,0.6803971
3.0652037,2.6160893,3.007524,0.5,0.49138984
4.251352,4.240893,4.3973494,0.5,0.21234049
2.4633884,4.2930875,2.2145941,0.48214227,-0.6810362
1.7933671,1.449963,1.8266177,0.20342703,0.4985044
3.2970402,3.7723718,2.7063274,0.48862028,-0.7654766
1.8870766,3.2651553,2.307764,0.2577666,-0.66168827
2.3977156,1.9833376,2.271083,0.44635102,0.39289102
1.0352244,2.0540686,0.6668059,0.01633712,-0.7088851
2.4176595,3.4520755,3.1267655,0.45813793,-0.40304315
1.8933315,1.8950213,2.294411,0.24646604,0.5262794
3.3575387,2.6555302,0.37542388,0.49666584,-0.69451445
2.04567,2.5592434,3.186487,0.31855986,0.71344405
3.0642316,3.2353232,2.6138992,0.48475835,-0.68499094
0.65471035,0.76079947,0.6689763,0.0,-0.19797923
1.1838819,1.6885191,1.9518297,0.0399347,0.38765967
2.9372885,0.6936526,3.8580704,0.5,0.65808684
2.6027076,2.0065496,2.0118246,0.5,0.0032354435
2.1810896,2.4018087,2.0761476,0.36333856,-0.41474596
0.52508616,0.87843096,1.3275545,0.009400738,0.6831345
2.878041,0.9046144,2.8434086,0.49475455,0.6587626
1.4551419,2.323341,1.6916776,0.0598872,-0.64476734
3.6655307,2.8496068,3.5646439,0.5,0.71718407
2.697729,3.3851526,0.87977725,0.5,-0.6918382
2.4124546,2.4294422,0.8430468,0.48814043,-0.7324243
2.8084774,3.0361588,2.7640262,0.5,-0.33623773
2.2113035,2.8920453,2.3900585,0.3816022,-0.60626775
2.5181665,2.3147595,2.4389927,0.5,0.14368679
1.9128258,0.80829376,2.167015,0.2475443,0.6871717
2.7940452,3.3011012,2.3569741,0.4882991,-0.7056855
2.5409493,2.493846,2.9258935,0.49556056,0.5430211
2.7197542,3.0779424,3.78591,0.5,0.6993755
0.8929277,0.56861585,1.7140605,0.0075194202,0.7003633
0.6710917,1.460301,1.2205408,0.021529978,-0.45390517
0.90170336,1.5442508,1.2455951,0.009822699,-0.5053226
1.6727879,1.4116842,1.3598641,0.15405242,-0.08125147
2.965742,3.6262624,2.851406,0.5,-0.67356896
2.5903485,3.040041,3.1818206,0.47984347,0.17911355
2.6557772,2.3240287,2.694425,0.5,0.45447215
2.5180376,3.1014416,3.740592,0.5,0.7205405
2.2427402,2.8057597,1.5368391,0.37494543,-0.6928547
4.0810995,3.4998963,4.183629,0.5,0.7012295
2.6228285,0.81037164,2.547239,0.5,0.6555971
0.943081,0.9668214,0.7870732,0.026573341,-0.31058106
1.9249053,1.7295355,2.5705311,0.2822275,0.708099
3.1099546,3.6714897,2.694565,0.5,-0.70909536
1.1332359,0.66702604,0.6761835,0.040086344,0.00078498357
2.8723772,2.7558806,2.6694326,0.5,-0.14312084
3.1495137,4.2570357,3.5926962,0.5,-0.6433065
2.4804041,3.3580782,2.9812465,0.4910368,-0.43394843
0.57585526,0.2061377,0.2,0.0,-0.0044664107
0.6061588,1.572747,1.0347034,0.0022096497,-0.69161415
2.3497136,0.3840444,2.6426384,0.4398019,0.66180164
2.1752608,2.300503,2.3175075,0.37737978,0.04227186
1.8656855,1.8922733,2.4425159,0.24839966,0.704415
3.460033,2.7396095,3.7463803,0.5,0.72738814
1.0981624,0.7236427,1.413852,0.040049415,0.69241506
1.4955521,1.6578182,2.2816691,0.07441501,0.70123255
0.6765949,0.68731695,1.7258945,0.011008284,0.73356324
0.60058045,0.5729092,0.5472653,0.004929928,0.010799728
2.8215654,3.1849763,2.9628158,0.48935235,-0.31780642
0.8305436,1.9075111,1.3438157,0.016573478,-0.68651265
2.2552183,0.60464525,2.3924475,0.38225782,0.6752081
3.150281,0.49471498,3.7264795,0.5,0.74717116
0.87026834,1.0969656,1.1262746,0.00095854845,0.0043602465
3.475023,3.6022274,0.99447674,0.48085192,-0.68990093
0.8138951,1.8642998,1.35421,0.029298123,-0.6752996
1.7121569,1.8586378,1.8910805,0.16784655,0.0070599024
3.1785233,3.8062632,3.7953472,0.5,0.008394808
1.066177,2.5602858,1.6686891,0.038337804,-0.6640181
2.890993,4.039253,4.3093333,0.5,0.32649815
2.1710112,2.2844346,1.4295671,0.36265978,-0.7168594
1.932373,1.9158236,2.5244513,0.261247,0.6920514
2.9378624,2.6565125,3.6546497,0.49612558,0.6802834
2.0294473,2.3229535,3.3521388,0.3034691,0.70855016
1.026999,0.51859605,0.97757334,0.047509972,0.74859935
4.2970304,5.731335,4.576694,0.5,-0.64298576
3.8642085,3.788269,3.8527362,0.5,0.07697935
3.01487,3.2884088,4.1687746,0.49294415,0.762301
2.222979,2.5351036,2.0271862,0.39378968,-0.5823719
2.1225898,1.8177388,2.1507406,0.33527067,0.3100628
3.0226166,3.7177153,2.454443,0.47640327,-0.7363492
0.24414483,0.5009496,0.2,0.0043862727,-0.5895653
2.249789,2.4265764,2.4650698,0.40227857,0.03625557
2.3379543,2.72812,2.4421442,0.4248459,-0.3709231
0.5607754,0.7728106,0.5873279,0.0025833366,-0.372954
1.7791771,1.9918804,2.2813346,0.1887349,0.3358488
1.7726847,1.6153541,2.2928922,0.19875933,0.73392016
0.5051071,0.77597487,0.3385037,0.02068263,-0.7007163
2.9056563,3.3620996,3.1833375,0.5,-0.17915978
2.7782352,2.5881855,2.95917,0.48625857,0.5110837
3.285154,3.6723902,3.5409653,0.5,-0.16196562
1.0713594,0.29544708,2.0186596,0.041451767,0.6729008
0.6987828,1.5619665,1.1079004,0.008617948,-0.77368355
0.9274202,0.52820295,1.6471611,0.018665427,0.67094964
1.0879155,0.39563742,1.1878281,0.03461498,0.6644095
2.0945358,2.059988,1.6859032,0.32524672,-0.44239485
3.218656,3.543739,3.8961535,0.5,0.38912454
2.28153,2.312159,2.9043558,0.39347652,0.69227344
1.0882998,0.2,1.0186119,0.050991982,0.6946806
1.0584813,1.2150238,0.41580743,0.04081975,-0.653935
2.450778,2.5705335,3.0336616,0.48828328,0.5766709
1.0171993,1.169424,1.3647641,0.039019912,0.31210804
1.8834842,0.92257714,2.061418,0.2187167,0.70568174
2.531655,2.5206096,2.1342027,0.5,-0.41613013
3.3205948,4.8153586,4.416418,0.48839128,-0.50249124
1.0686332,2.2329347,1.1992071,0.03169332,-0.7097263
1.8079509,1.4413491,2.5274153,0.21192853,0.6560482
2.7979295,3.482756,1.7689945,0.48761275,-0.69903344
0.83269924,0.78093785,0.42470556,0.00085939455,-0.66840035
2.5292199,2.8332894,3.3248842,0.5,0.5763706
2.1772783,1.542476,2.2353609,0.35716236,0.7045744
3.0770414,3.243034,3.8061447,0.5,0.63559014
2.9775858,4.64843,2.9303215,0.5,-0.66672516
4.1715207,3.9744756,4.263085,0.49426037,0.35827565
1.8515626,0.9033711,1.6231835,0.24015991,0.6981804
0.85967547,1.1895539,0.5983321,0.000485616,-0.73999304
3.8111446,0.5588059,3.8787384,0.4880593,0.7528492
2.57307,3.47718,3.1835828,0.4941334,-0.41117576
1.446811,1.4632865,2.3953688,0.07868478,0.72907805
2.7601101,2.911065,2.8319411,0.49330655,-0.086890474
0.60027415,0.9444295,0.7016785,0.0,-0.44368044
0.7905631,1.6521579,0.5786662,0.0,-0.7164676
1.2378137,1.3273551,2.3975148,0.056334086,0.6807217
3.1727571,4.6665792,3.3720882,0.5,-0.72254086
3.0906384,2.4405327,3.1695025,0.5,0.7212937
3.1953819,3.1160035,2.796625,0.49748376,-0.37270737
1.3681768,2.221637,0.6163837,0.071256526,-0.7165624
0.82909167,0.7344402,0.80783886,0.02792767,0.15868844
2.9528291,3.3127778,3.687005,0.49055114,0.42551324
2.2578936,2.100228,2.355495,0.40388435,0.29398456
2.0605612,1.6223027,2.190916,0.31198248,0.70502305
2.208487,2.2035835,2.8051786,0.3736542,0.7082147
0.8589262,1.5424738,1.0975653,0.012954055,-0.6884152
1.1322943,1.0514487,0.71837306,0.03890216,-0.48096597
2.7518773,2.884592,3.6488624,0.5,0.7629821
0.62378436,0.65291446,0.58232844,0.005324404,-0.13864651
1.8483648,2.4250214,2.1996176,0.21440965,-0.36405155
1.920742,1.3806702,2.3671725,0.24501146,0.714171
2.5484452,2.802884,1.6734433,0.5,-0.68108344
3.0109897,3.1102955,3.0815754,0.4972839,-0.04600876
0.71507204,0.52971995,0.6567456,0.0,0.23526965
1.3744165,2.2366412,0.94332653,0.05544995,-0.7369389
4.4992704,0.73270035,4.602389,0.5,0.7069509
3.2490838,3.667827,3.5247245,0.5,-0.20675454
3.184101,3.6444302,3.6605082,0.4976725,-0.009968951
3.5836272,3.6289563,3.8372927,0.49576488,0.27893543
2.6939254,3.8426437,0.6561782,0.49581164,-0.7220208
2.552269,0.2796312,3.5133464,0.5,0.6966356
3.4025981,3.3608956,3.4270022,0.5,0.074911356
0.88689864,1.4315368,0.2130895,0.025184834,-0.7043237
2.952391,3.0167086,2.8263206,0.5,-0.24172059
3.097683,3.1778872,3.9130857,0.5,0.72586995
1.8504198,2.6766872,0.9679223,0.21129493,-0.7122359
2.4533784,2.962079,2.2492015,0.4876789,-0.73827016
3.619701,4.394196,0.65804017,0.5,-0.7238396
3.0793612,2.0693974,4.0896926,0.4963851,0.732764
1.7375935,2.1366508,1.8332599,0.1987083,-0.37263614
2.2349734,3.3315766,2.816237,0.4058437,-0.5971808
3.5490088,3.224066,4.485786,0.5,0.704818
0.6309391,0.9159103,1.8255209,0.0060914,0.701487
2.7066357,2.8805904,3.1799393,0.49615407,0.35814443
2.7933452,3.3326678,2.8479216,0.4897399,-0.59142494
2.547341,2.5009565,2.7082229,0.5,0.23867893
2.2431467,2.9093556,1.4203005,0.38087657,-0.76381373
2.0056384,2.2063353,1.6849214,0.28563014,-0.642232
0.63717926,2.1977868,0.49925667,0.0,-0.70497096
2.7254605,3.113742,4.225229,0.5,0.6996206
3.0340054,4.393662,2.939069,0.48709655,-0.7412698
1.0358173,1.6017759,1.0932015,0.037784882,-0.6764988
3.4865987,3.5039046,3.899934,0.49516526,0.43439645
2.8712752,3.1401474,3.8795161,0.5,0.67990845
3.1104248,0.55534625,2.854327,0.49374208,0.69954795
2.6808164,1.7838778,2.6350698,0.48747048,0.68116236
0.96165866,0.27501795,1.1818838,0.0063667493,0.7305934
2.4539196,2.8417451,2.7610686,0.47950754,-0.11829589
0.9966498,1.5787585,1.3534232,0.015169424,-0.37234136
2.998775,3.5945072,3.4038138,0.5,-0.27673674
3.4504888,3.0738707,3.9969296,0.4805853,0.7052013
2.3169706,2.6348271,2.6959305,0.42326674,0.122497045
2.7218897,2.9689474,2.9359157,0.49515787,-0.037580803
2.5711226,2.1259375,2.0768654,0.47827044,-0.057305515
3.5931356,4.5503936,0.738053,0.4946786,-0.68864
2.832423,4.0395126,2.6485806,0.5,-0.7352599
2.8427527,0.47448847,3.6461132,0.4990106,0.70007277
1.3990353,1.831889,2.2520747,0.05394703,0.5495592
2.400552,2.7378473,2.0140588,0.44353953,-0.69209784
1.6992664,0.6008262,2.4982615,0.16487624,0.74992895
0.8555093,0.8366261,0.23046352,0.01507981,-0.7255069
2.6655731,2.3260286,3.19671,0.5,0.72244143
0.95275605,1.3435645,0.8744639,0.026129222,-0.73482424
0.62185955,0.48516533,0.23542301,0.009922825,-0.44431743
3.1493897,3.7251043,2.9124691,0.48769712,-0.6991171
2.6504211,2.7080677,2.5517695,0.5,-0.1470951
2.3875387,2.0719802,2.818876,0.4398265,0.6519374
2.5430808,2.3729923,2.66091,0.5,0.42650476
2.7790194,0.81693846,2.97887,0.49607703,0.71722734
2.368341,2.3782685,2.4790797,0.44363973,0.16092822
0.9095577,0.70444334,1.6065946,0.030690998,0.6448434
2.6350694,0.8817241,2.3102353,0.49558342,0.70177776
2.7834592,2.3276956,3.2753031,0.5,0.6572028
2.1152704,0.28485996,3.5531337,0.3332808,0.68573076
0.58035135,1.3587158,1.0270884,0.0,-0.7115308
3.46239,4.1284103,3.9422586,0.5,-0.21362478
0.6237472,1.2955394,0.5593815,0.0,-0.6902511
0.45914498,0.29530397,0.7088974,0.01129937,0.7716186
2.4975438,2.481691,2.4088562,0.48968518,-0.08388787
2.7302182,3.9888384,2.9580514,0.49651727,-0.67064834
2.9082513,3.603994,1.9749491,0.5,-0.6864097
1.258287,0.42782846,1.1543535,0.049489316,0.6337567
3.003345,3.0368054,3.6545901,0.5,0.6926252
3.2721896,0.9152785,3.4101868,0.5,0.7536046
0.8435606,0.4604142,1.5874029,0.0065838,0.660528
2.0030382,1.9563323,2.3770618,0.29541406,0.5346071
0.7874522,0.8673946,1.2179152,0.0,0.6684894
2.26278,2.5888777,2.9581,0.40555942,0.47819307
1.3797964,2.2702968,0.87490076,0.077030055,-0.71572125
2.243865,3.5518782,2.896436,0.40831605,-0.69095445
1.9269189,2.9283094,2.0151815,0.25552845,-0.7151844
0.9203574,0.5376963,0.79849106,0.017841514,0.43978432
1.6360914,1.4865903,1.2486432,0.124440335,-0.2039525
1.9693587,0.63926584,2.454282,0.28007326,0.7183961
2.291516,3.0692987,2.5906641,0.42091674,-0.55658823
3.0222337,3.704756,3.6927497,0.490262,-0.023930049
4.267326,4.295954,0.79390347,0.5,-0.7415351
2.7978027,2.9678793,3.5034857,0.5,0.6153372
0.8631478,1.1556693,0.92076296,0.013795694,-0.4265155
2.2225623,2.720573,1.9870557,0.36712688,-0.7105451
2.9873114,3.8562012,3.7169588,0.5,-0.13763465
0.5737119,0.9072227,0.97591794,0.0,0.1486556
3.2830393,3.384768,0.32131726,0.49014488,-0.66984653
1.0199859,1.5028853,1.2957294,0.03138872,-0.30383575
2.4750392,0.54599833,1.4886465,0.48263153,0.69584584
1.6002868,2.0570393,2.1418633,0.12132611,0.080752335
3.1672535,3.2924676,2.9710467,0.5,-0.32359922
2.1510634,3.0158384,0.6346698,0.3513779,-0.67186815
1.2345594,0.63912123,0.23203707,0.047214318,-0.55176723
0.8983585,0.99478287,1.2126569,0.025752416,0.3531647
1.6136583,2.9194367,1.7859415,0.13790277,-0.79434705
2.508156,2.8435528,2.4965613,0.49212766,-0.4102221
1.7684186,2.3425014,2.166689,0.18617697,-0.15201004
2.177514,3.1908154,2.3836513,0.38321579,-0.6589076
2.9078202,4.158892,3.436566,0.49302614,-0.72649914
1.0882298,1.9044073,1.1897722,0.051739804,-0.70935154
2.598,3.0090048,2.568971,0.5,-0.5956328
2.0910685,2.1439726,1.9730172,0.32821828,-0.2627078
2.1701055,0.44891837,2.5102396,0.3487288,0.7064621
0.96078604,1.5220839,1.3788006,0.030009156,-0.20757939
0.36309263,0.86623526,0.27217355,0.0,-0.7259437
2.6936915,2.8353775,2.6043992,0.48301885,-0.29304522
1.6121439,1.5144509,1.9147658,0.13064696,0.49694607
1.1562724,0.7844019,1.4976873,0.037239786,0.7163648
1.7623378,1.6289533,1.4481467,0.20210858,-0.18680581
1.0897467,0.54031575,0.6826726,0.036795214,0.2265178
0.5321139,0.34001458,0.7514401,0.0,0.7084543
0.833032,0.8446439,1.2087054,0.0016512945,0.5833196
1.4581497,1.3203079,1.808617,0.07930634,0.56790125
2.246834,2.6114013,1.7638175,0.3939729,-0.6946693
1.0412089,0.6679498,1.4471688,0.01970959,0.6646372
2.2065241,0.85208124,2.895009,0.39024156,0.6641119
0.8249569,1.6810879,0.8955687,0.004687532,-0.68042094
2.729417,3.5105534,2.659936,0.49392942,-0.7196002
0.7255059,1.1244668,1.6104876,0.0060641444,0.7010384
2.0206242,2.9500632,2.7045388,0.300266,-0.36202016
2.6182604,2.4718347,2.320055,0.499927,-0.23499618
2.422417,3.0269146,2.7720103,0.47412694,-0.28058046
3.5832736,3.7678938,3.276487,0.4875495,-0.5779978
2.498804,3.430063,2.9734697,0.49786037,-0.54004717
0.81397444,1.1386231,0.77386147,0.017424693,-0.69611764
2.6946068,2.540932,2.4788322,0.4789048,-0.04698274
1.3838966,2.2577314,0.8833606,0.083746046,-0.71466345
2.1876776,2.1711695,0.784614,0.37060443,-0.74471045
2.9224315,2.5232909,0.56207526,0.5,-0.75716275
1.0733898,2.1106699,2.8369765,0.04358649,0.6200797
3.8166518,4.355762,4.7898774,0.49761048,0.53120863
1.0663633,0.7841435,1.8795457,0.050780233,0.6991288
0.67249095,0.8586888,0.2,0.0,-0.60162187
3.0237024,3.194863,3.1706634,0.4985431,-0.0061394144
1.0348263,0.791564,0.20303957,0.048640173,-0.6962425
1.8365016,1.6551455,2.2883117,0.19975089,0.70729935
1.970829,2.1718166,2.1132655,0.2877886,-0.059396293
2.982803,3.6933396,3.9456055,0.49578467,0.2698475
0.61703837,1.219666,0.24406986,0.0,-0.7068209
3.0280252,2.9822543,3.4564092,0.5,0.57985026
2.5177567,3.155411,2.7394562,0.5,-0.4867899
1.1040088,2.0375173,1.3353584,0.053143457,-0.7226033
2.3749583,2.1408153,2.9156451,0.42163214,0.72687364
0.57976764,1.2029024,1.0327525,0.0,-0.31272912
2.7005727,2.9515717,3.416725,0.5,0.5476401
3.3556428,3.4888866,3.8801615,0.5,0.48986566
2.0228167,2.2964346,2.4690752,0.30126855,0.2133909
1.5479141,2.1314933,0.22975537,0.10199529,-0.7312355
2.6288023,2.226003,0.90408397,0.5,-0.6376059
1.0460992,1.2771932,0.7189477,0.039774112,-0.70878744
0.9940845,1.0020058,1.0341715,0.014323823,0.066638306
3.196863,3.4079022,3.6044438,0.49658018,0.28622732
1.7428042,1.8938918,1.2681267,0.17095599,-0.69979405
3.0262299,2.8275702,3.6508875,0.4639746,0.72479904
1.4078676,2.6375046,1.4854422,0.055127133,-0.73405033
1.7276986,0.5819354,1.8630183,0.16164784,0.6945356
2.967344,3.4893184,3.1496272,0.49959087,-0.4144715
0.9702142,1.5178521,1.2372199,0.032021932,-0.49126753
0.6676159,0.8847419,0.2,0.0,-0.7489445
0.90505064,1.2732505,1.1095271,0.034178343,-0.3007657
1.9916188,2.5427845,1.9041227,0.2936929,-0.65892094
2.0027525,1.9262059,2.0534115,0.2875107,0.17179449
2.3981676,2.4607515,2.977787,0.46341062,0.60493606
2.3679233,2.450961,2.391102,0.45420033,-0.12192225
2.7522264,3.2465916,2.5942216,0.4821469,-0.74086595
1.1570569,1.5315728,1.5232522,0.051246677,-0.026596528
3.0021117,2.575832,2.5500891,0.4798113,-0.03778499
2.9510975,0.21764937,3.752213,0.4911363,0.71743196
3.612612,3.431623,4.7417455,0.5,0.7241746
1.2052982,0.98031825,0.720978,0.060685202,-0.44514242
2.8694956,2.7698941,3.3187573,0.49581265,0.65322584
0.62783647,0.99951667,1.5622219,0.005293126,0.6818908
2.5872316,1.942962,2.5876935,0.48764217,0.6851802
2.4760473,2.7637272,2.3633654,0.47982702,-0.45369974
1.1203464,0.64026725,1.0725334,0.03739947,0.6748318
2.6645854,2.700064,3.5001087,0.49280453,0.6624435
2.8551536,3.6395252,3.7768383,0.5,0.14904928
2.631623,3.1613836,2.6605415,0.488463,-0.63493437
2.1492534,1.8731143,3.1139522,0.33899087,0.63765574
1.6057853,1.4009602,1.2013568,0.13862146,-0.25590235
0.6364864,0.21129271,1.1146823,0.0066204993,0.70064175
1.2149521,1.5541902,0.9938029,0.06694426,-0.6388255
3.421235,3.9523728,3.6991687,0.5,-0.30636966
1.6983888,1.9174223,1.7202259,0.14939336,-0.16562705
2.288788,2.14642,2.040304,0.3956019,-0.13942854
1.831969,1.972094,2.1851504,0.21822691,0.25697047
3.2391055,3.7746837,2.7882154,0.49852055,-0.6405046
3.3080003,0.45173103,3.931849,0.5,0.6989107
0.8271645,1.2957265,1.3567477,0.0017261452,0.060867805
2.9016073,3.3202314,3.1931071,0.5,-0.15367799
3.0804484,3.8707788,3.1134708,0.49867606,-0.6824467
1.387389,1.0872838,1.9681233,0.048636943,0.7297109
2.8958192,2.8774135,0.50543946,0.49152726,-0.7668814
2.6150167,2.3322492,2.5551858,0.48564875,0.26176196
2.9520738,2.9439964,3.266799,0.5,0.39279786
3.9511497,4.8133326,3.8524969,0.48784858,-0.68435764
2.7131631,2.5568342,3.1438065,0.5,0.73489994
2.602386,2.48836,2.4429338,0.5,-0.03804591
2.757976,2.1043773,3.0117855,0.4959516,0.6921201
2.5672822,3.0682528,2.665295,0.47747174,-0.47001165
2.7419872,2.8992574,3.4017525,0.5,0.639517
2.4790256,3.4136002,2.4396908,0.48465428,-0.74432194
3.2896383,4.1320777,0.32392952,0.49824202,-0.676842
3.2297962,0.53907967,3.2233176,0.5,0.6581724
1.1190176,1.3003495,0.5593943,0.043356746,-0.6849856
2.581679,3.4526887,2.6845572,0.48253146,-0.749031
2.7855034,2.601736,0.43002856,0.5,-0.6970465
2.7296574,3.4269032,3.232591,0.49761686,-0.24996063
2.7564478,1.6853137,2.6058846,0.48924312,0.68906724
3.2878625,3.4124672,3.9832752,0.49153408,0.67400223
1.00877,0.89192647,1.820593,0.02047627,0.7325125
2.8962486,3.6110358,2.5673776,0.49978116,-0.7127197
3.841846,3.8530622,4.0167356,0.48160243,0.14123757
3.3796904,4.0621185,4.169292,0.4963448,0.115876704
3.3339043,3.865195,4.237021,0.48966843,0.45350552
0.42274538,0.35042867,0.8847416,0.005516409,0.70502293
2.1954095,2.861026,3.024988,0.37431708,0.16574554
2.1615264,2.60037,3.0092363,0.35104972,0.5250125
0.48591468,0.9057134,0.9540886,0.007464611,0.054409247
1.9105349,2.4075446,1.9585234,0.2508014,-0.55606085
1.1247684,1.0446923,1.4930092,0.01650612,0.6896149
3.4867866,3.8970404,3.35243,0.5,-0.72473574
2.8730423,3.1887703,2.785786,0.5,-0.48772362
3.127626,3.7969515,0.26336297,0.49849752,-0.663141
2.7643423,3.4209118,0.7009701,0.5,-0.7429522
2.9316049,2.7038429,3.6479197,0.5,0.7107538
1.2926047,1.3193021,0.65739566,0.0489484,-0.6097386
2.7801678,2.8352308,2.7786047,0.48480082,-0.081690885
2.2608147,3.058899,2.232423,0.4003035,-0.67780423
2.5646558,2.568305,3.022987,0.5,0.6392788
2.7041962,3.1181753,2.923339,0.5,-0.23155877
2.177792,2.8574705,2.731056,0.36777905,-0.16636081
0.9378008,1.0989872,0.5422024,0.025000367,-0.6687068
2.1612291,3.2613654,2.4706204,0.3541358,-0.7486253
1.1061034,1.0095301,1.3443917,0.026446514,0.6329462
1.9254339,2.4114451,2.669003,0.24608381,0.28399217
2.001852,2.393373,1.667367,0.2911345,-0.7677427
1.7463489,2.0538535,0.63774097,0.19304162,-0.7149126
2.933961,2.0868318,2.6793537,0.4950767,0.7358825
2.0997803,2.1431818,2.4366746,0.32537168,0.39935273
1.4740242,0.8147034,0.85925364,0.077372536,0.023209866
2.3652542,2.2627928,1.5945532,0.4444096,-0.6673065
1.9251422,2.1168027,0.62003064,0.25890204,-0.7305364
3.5411396,4.8245997,3.0580757,0.5,-0.66784185
2.6676788,3.2632666,2.4134967,0.4802852,-0.6566867
1.7175585,1.3623086,1.2737993,0.15839839,-0.123181924
0.85166186,0.8169439,0.6986261,0.025250664,-0.24263687
2.6628094,3.05547,4.353261,0.49603173,0.7432688
2.4586658,2.6986206,2.483523,0.47513896,-0.25672874
3.5129592,3.7345877,0.6479691,0.5,-0.6819745
1.9726446,1.9282346,1.7350714,0.26380226,-0.1958535
1.0748836,1.4886391,0.8571566,0.023455309,-0.66053635
2.3831255,2.7275329,0.9404072,0.4418886,-0.7621833
2.5764966,3.1686645,2.810096,0.5,-0.4169945
2.1357358,2.7426991,3.3097253,0.34082058,0.67274046
2.1389506,2.80313,2.0839028,0.35582516,-0.6861313
2.3264782,2.6060245,1.4648503,0.4431413,-0.6797554
1.4864012,1.5399303,1.8420199,0.09286072,0.38453814
2.8705459,3.3857427,3.2318122,0.5,-0.16334504
2.6829638,2.4004316,2.8874872,0.5,0.53430086
0.8949123,0.2,0.3472633,0.016063163,0.2539944
1.3132946,0.72510946,1.2808328,0.050532386,0.6556709
3.443318,2.7080657,3.7935328,0.47975752,0.70210385
2.2000685,2.6577425,2.5079904,0.36302546,-0.12025977
2.0768027,2.3813303,2.6360803,0.32446754,0.34346533
3.2440932,3.8729453,2.958967,0.5,-0.6889886
2.828499,3.3038685,2.0996013,0.49800664,-0.72018534
2.5320807,3.2615955,2.686686,0.49634102,-0.72721297
3.0514305,3.8364077,0.6546951,0.5,-0.6759469
2.7765903,3.4446025,2.2901464,0.48335534,-0.7107347
3.4936883,4.104794,4.45152,0.5,0.42004725
2.5659037,0.67399955,2.5963376,0.5,0.6908657
2.7960489,4.059869,3.6545553,0.48491752,-0.5053498
3.2819178,3.47551,4.34999,0.48912305,0.66011596
1.2886007,2.2196083,0.66757005,0.057597198,-0.69231373
3.2736309,3.1209235,3.7319868,0.4898649,0.66214174
2.2920704,2.2367687,3.4184964,0.42780858,0.7450867
0.89671034,1.9722753,0.84960216,0.018426381,-0.73219603
3.5638049,0.9197444,4.7496824,0.49099678,0.73028
1.1041044,0.49868053,0.465493,0.03342363,-0.06620401
0.8142144,0.43084297,0.90368176,0.00092171045,0.7190108
0.92513174,0.7555576,1.1452627,0.03828544,0.6709811
1.052431,1.0912993,0.5045582,0.020262666,-0.70142853
3.9044127,4.406711,3.7400403,0.5,-0.71456486
2.5788596,2.3533616,3.1515343,0.5,0.70476747
1.2669073,1.3209666,1.3383467,0.06538221,0.001300378
1.2167498,1.149454,1.5592058,0.04466614,0.5802881
2.6315978,0.6131799,3.380311,0.49971014,0.69890136
3.1152756,2.726983,3.8963218,0.5,0.67790216
1.997277,2.620744,2.3587384,0.2777363,-0.27259216
1.0017986,1.318221,0.88385516,0.042869966,-0.70522994
3.1538908,0.20261447,3.4455886,0.5,0.70635676
2.4590032,0.87208545,2.807545,0.47726938,0.6836951
2.3435626,2.973942,2.1812978,0.42049694,-0.7295728
3.3035636,3.7644925,0.37479392,0.48818308,-0.72428566
1.145012,2.3752022,0.9922699,0.0343534,-0.7148778
3.515532,3.6325104,0.51783526,0.4811122,-0.66351736
2.1884189,0.6576632,2.1015656,0.37464046,0.6971699
2.2400358,2.041609,2.1534572,0.37725934,0.1532727
1.1236259,0.5787492,1.7007955,0.041899495,0.748821
3.0521479,3.3904386,3.664393,0.5,0.31096348
1.9115555,1.8548627,1.9791139,0.25376943,0.117301375
1.8955082,3.4016087,2.781301,0.23427747,-0.71745336
1.1791508,1.0309461,1.7457532,0.062158156,0.68668664
0.5359012,0.57114655,1.0231793,0.0,0.6379425
3.1613731,3.3693657,3.3151777,0.4873909,-0.08972762
3.086354,3.7759924,3.6398313,0.5,-0.1803
1.1438022,1.7737192,1.1347842,0.047990344,-0.78500444
2.4463112,1.8743021,2.8453298,0.4717728,0.6850972
1.0453823,1.9195181,1.9203101,0.034299262,0.02033916
1.3739786,1.491638,2.0144546,0.07949662,0.6848709
1.008427,0.2062038,0.8584291,0.0584108,0.67310643
2.293535,2.4415748,3.0222723,0.42103627,0.6683504
0.835915,0.56928337,0.46306223,0.018550446,-0.18357979
3.449966,4.185164,3.6389463,0.5,-0.64684975
2.0414975,2.334429,2.6961694,0.3110895,0.4408629
3.5414426,4.290695,3.2972503,0.5,-0.70586556
4.3378716,5.1247573,4.7042146,0.5,-0.47063762
2.540143,2.5564654,2.9836204,0.4990066,0.49813393
3.3440216,3.6186826,4.1709723,0.49441656,0.6269471
1.0063759,1.8174949,0.94703317,0.03570314,-0.649702
1.5838926,1.8942969,2.2132287,0.11251398,0.3710958
1.0036602,0.8518362,0.85378087,0.0427561,-0.003121206
3.078656,3.9767182,3.0734067,0.49652115,-0.7282402
2.551831,2.806874,2.836277,0.491438,0.06788113
2.5121362,2.2793155,2.641517,0.49271548,0.44107097
1.8496959,2.9543452,2.476202,0.2261935,-0.55809456
2.5723615,0.75752056,3.9107215,0.49843875,0.696794
2.232972,2.0620985,2.427442,0.39342332,0.47465467
2.0075722,1.9612921,2.212661,0.29047048,0.311647
2.0139225,2.6318357,3.0649981,0.31051618,0.4904415
2.704808,2.7368548,4.1361527,0.5,0.6833035
2.1530259,1.9947345,2.32064,0.3540633,0.4253129
2.5678298,3.2906961,2.9796262,0.5,-0.42339084
1.5246906,2.1334732,1.0402893,0.094311915,-0.6738764
2.8971078,2.9637077,2.7548645,0.4979095,-0.2458619
2.7486863,3.0534666,2.1059585,0.5,-0.74749887
2.480632,2.0020907,0.5185915,0.4798791,-0.6938486
0.72398674,0.87203294,1.7425897,0.0080852285,0.66299313
1.1026263,1.2784657,0.8470342,0.040105954,-0.7311369
1.6742407,1.2837151,1.6073123,0.12962195,0.39933145
2.5831456,2.0083623,3.0738363,0.48776594,0.715256
1.8433565,1.8286482,1.2084794,0.22047067,-0.68643284
2.6332982,3.3782077,2.9846978,0.5,-0.4465673
2.4289975,2.9677317,1.3836324,0.45837757,-0.69785625
2.606854,2.4917188,2.6570013,0.47810677,0.16361743
1.0829355,0.64002925,0.49421257,0.02453432,-0.19135895
3.0886195,2.7837625,2.9599285,0.49363437,0.23544866
3.2511015,3.7055151,3.4040139,0.49327293,-0.3249481
1.1009271,1.1269573,0.37767762,0.04410811,-0.71005046
3.0313716,3.8270934,3.1597948,0.5,-0.66590863
2.8838897,3.0358853,4.2117767,0.5,0.72227263
2.3415678,2.4249423,2.8768022,0.4501962,0.6025485
2.6930752,3.3451297,2.0743988,0.48980957,-0.72345144
0.43491995,0.53961945,0.25763938,0.0,-0.51036495
3.4179273,3.9763665,4.328527,0.5,0.41253158
3.0907576,3.2324119,3.2851994,0.49569696,0.03455587
2.416264,1.3034678,3.2031782,0.45914513,0.692077
2.41542,3.5811362,3.1045108,0.45973006,-0.5717604
3.1440864,3.6666193,3.1968122,0.5,-0.5915514
3.3581433,3.409436,0.5408195,0.49967745,-0.7153459
2.7852795,3.6741824,2.6544425,0.4939215,-0.6744769
3.0118475,2.7161252,3.6810422,0.48111293,0.659978
1.3207407,1.1157992,1.7057917,0.07727835,0.68196356
0.9340748,0.4071794,1.6788809,0.014004383,0.6754723
0.9698989,1.0672755,0.7526236,0.029803492,-0.56725496
2.8834162,2.7629118,2.974313,0.49953488,0.21235797
0.70516074,0.78602666,0.30426377,0.011548152,-0.71723086
0.82694846,0.27603528,1.8317661,0.00712832,0.7289798
2.2985196,2.2094326,2.5346956,0.43344352,0.4048629
2.5964737,3.0568898,2.7890007,0.5,-0.34298986
3.759769,4.6379094,3.8608763,0.48989892,-0.719189
1.3379194,1.5175624,2.0438943,0.06051617,0.66388327
0.9776268,0.9038606,2.7011185,0.023341555,0.6698278
1.0305612,1.505589,2.425072,0.025862647,0.6916322
2.6131086,3.397019,3.1354654,0.5,-0.3041806
0.70132804,1.4437286,0.3744405,0.003233154,-0.6639659
2.3696578,2.854756,0.44046047,0.43797827,-0.6778786
2.6219316,2.448423,2.947488,0.5,0.5380572
2.749332,2.9578028,1.767474,0.5,-0.72943604
0.44945177,0.7329139,0.2859645,0.0,-0.7097665
0.9138705,0.23115757,1.5774207,0.01718616,0.6837652
2.5131912,2.7405782,1.9018395,0.5,-0.65690756
2.4180362,3.5882936,3.0205612,0.4821853,-0.6569997
2.600673,2.417189,2.4652078,0.49981117,0.08492026
2.6466577,1.9037243,2.5001755,0.4940021,0.647497
0.86006916,0.74295664,1.3332012,0.021800097,0.77919227
1.6514407,0.69972646,2.6525023,0.15712638,0.66257757
2.7465308,3.520062,2.936439,0.49768957,-0.7519005
2.0318925,0.7806745,2.9336607,0.30950603,0.67497855
2.8243325,3.166611,3.2066116,0.5,0.024451278
0.95319605,0.7315069,0.59334314,0.0342308,-0.21617566
3.0315213,0.829269,3.7607124,0.5,0.69090956
2.5470283,3.3149035,0.59015673,0.4957144,-0.71837914
0.9399678,1.5899926,1.3559029,0.027127074,-0.42422566
2.509014,3.2260513,2.0046,0.5,-0.72703016
2.3648016,2.2532132,1.813513,0.42074427,-0.47369057
2.458634,3.489168,2.9053216,0.4666865,-0.6677904
0.642043,0.87839043,0.9778069,0.0,0.15622623
1.6812887,0.33574316,2.2713857,0.14210036,0.7471801
2.2152672,1.363736,1.3319292,0.38378888,-0.04297982
3.1813922,3.1831882,2.9948988,0.49660334,-0.1973495
3.0604568,2.9911878,3.0964127,0.5,0.11909404
3.4144356,3.0743837,4.178808,0.5,0.71485287
2.5068345,2.9956603,2.785579,0.48726755,-0.26059267
1.7893533,1.7109153,2.591024,0.20827332,0.63204
1.9477944,1.6445619,1.6605444,0.27170977,0.05764665
2.3956847,0.3348182,1.7321588,0.47266614,0.7175609
3.0355165,2.6030395,3.7239745,0.48071343,0.67280114
2.4692402,2.37756,2.5231767,0.48220077,0.12873365
0.69260496,0.6269673,0.8426455,0.0,0.43136966
2.828799,2.914339,2.3933518,0.48707384,-0.62572384
0.791457,1.1804292,1.0132947,0.0,-0.2859238
0.97822803,1.9659736,1.2833596,0.015791003,-0.66397613
0.73028684,1.4111665,0.93843585,0.0,-0.739181
3.209367,2.6087372,3.7136593,0.49262777,0.70659024
3.2362611,0.65858185,3.866861,0.491128,0.7115419
1.9472411,2.5966527,2.7774022,0.27676597,0.24846263
2.3964243,2.9544616,2.6342173,0.47704738,-0.43643972
3.005321,2.9458203,4.0468826,0.5,0.6941694
1.8539025,0.4834674,1.5008069,0.21741025,0.669069
2.8058949,2.6021774,3.5166726,0.48519653,0.6882345
0.6680665,1.3549545,0.85731006,0.011122239,-0.72506785
1.900108,2.6212935,2.02936,0.2673507,-0.73690003
0.96160054,1.3324345,0.8566316,0.012772642,-0.71100414
0.6393403,0.20533533,1.0735202,0.0,0.7176171
2.9272416,3.1751368,0.29768988,0.49432158,-0.71476406
1.951513,2.5225325,2.7514045,0.26807848,0.2784001
3.5091438,3.7440305,4.175028,0.5,0.52398247
1.1163241,1.167641,1.2317352,0.04810133,0.12684871
1.6154454,1.7599736,2.700172,0.1249078,0.7010634
2.4663513,2.3963573,2.9257398,0.4855755,0.61689836
3.4456594,3.5243173,3.068329,0.5,-0.56844807
2.3188875,3.1549237,2.118938,0.42694828,-0.7495071
1.0506659,0.62182045,2.1241703,0.03483827,0.68405765
1.1882694,0.8752039,1.9459499,0.033182144,0.76692575
2.145701,1.0168974,2.9245563,0.35700053,0.70222825
2.7905567,2.7455935,3.0762808,0.5,0.36494225
2.264714,2.817463,1.9689612,0.39473388,-0.7452333
2.3546627,0.8196749,1.735537,0.4401699,0.71060276
1.6790824,1.3167065,0.91157824,0.16002937,-0.45689166
2.9477544,3.3924708,2.4668415,0.5,-0.702747
1.3189611,0.9465636,2.5668435,0.07844499,0.7542664
1.0409019,0.8626474,0.96551496,0.00970995,0.16899328
2.187132,1.5524683,2.1668525,0.37613466,0.6885148
3.0978055,2.638896,3.0145822,0.5,0.46473685
3.0098588,2.4590335,2.3530698,0.47645578,-0.11510842
1.2399913,1.7914809,0.5897315,0.048267327,-0.69361675
0.9309946,1.2285004,0.88296324,0.03224552,-0.59573716
2.336378,2.348219,3.3816445,0.41777477,0.6574581
2.4317324,2.0464778,3.1381054,0.45753247,0.69709164
1.7809007,2.5953708,2.3537989,0.18339619,-0.27482852
2.906033,3.0511136,2.5385482,0.49508023,-0.58172214
2.2169158,2.5150807,3.0284102,0.37995484,0.65207213
2.5547004,2.3168745,0.479866,0.5,-0.66791344
3.2057931,2.784386,0.59442025,0.49511862,-0.69296443
2.937106,0.5141544,3.2886224,0.49474835,0.71860707
2.2390213,2.4736598,2.883323,0.39076805,0.49479786
3.2249277,3.504111,3.9165764,0.5,0.51487
2.954923,3.3590524,3.1889765,0.5,-0.22018172
2.1728246,2.8512402,0.45350492,0.36143243,-0.73276514
1.3055111,0.54357696,1.3428998,0.056447618,0.66794205
3.192288,2.8341117,3.8685286,0.48306447,0.7173269
3.0628796,3.1580677,3.8434045,0.49435237,0.7081031
1.6861055,1.3384703,1.0586894,0.16583693,-0.38393456
2.0289009,0.2632898,2.2488198,0.2920602,0.68793243
3.0244286,3.0136633,2.167305,0.48619795,-0.66338134
1.9011977,1.9132509,1.329787,0.23167376,-0.700258
3.0696187,3.176025,3.3777428,0.5,0.25866532
3.7928872,3.8299496,3.8947883,0.49971017,0.08932566
2.7902377,0.714902,2.8425272,0.49425024,0.69013673
2.0167298,1.2746036,2.55863,0.29906037,0.6900616
2.736508,2.844422,2.807554,0.5,-0.07030435
3.2091248,0.8300672,2.8371835,0.5,0.65538967
2.6590343,2.8768504,2.1221771,0.48519877,-0.7434655
2.938224,2.4064453,2.2916808,0.4678283,-0.10228447
2.1436203,2.3177536,1.8473167,0.34606364,-0.55094
2.1678252,0.37974733,1.9954016,0.36739928,0.6999661
0.76380897,1.5500917,1.7459216,0.0057308404,0.38199297
2.1515663,1.6012903,2.4977107,0.35508806,0.6991083
1.082084,0.572261,0.7144128,0.025091683,0.23074265
0.9073013,0.5949552,1.5723658,0.023264349,0.7123487
1.1814061,1.6079684,1.7459123,0.05915,0.17712493
3.276549,0.41878724,3.1892052,0.49381298,0.69359654
0.6576475,0.7056337,1.4498932,0.0153524745,0.6832812
2.5744383,3.1845922,3.4141614,0.4909401,0.21066847
0.9741866,0.2,1.0018353,0.030584246,0.70558524
2.6518068,2.7447956,2.8231084,0.5,0.06804927
2.7650287,3.0220952,2.8963406,0.5,-0.21753712
1.3546748,1.6498382,1.811155,0.070789754,0.17271015
2.858076,3.0397644,1.8585765,0.5,-0.6729802
0.829209,1.1268058,1.4860897,0.021052893,0.6499186
3.8101041,4.1964016,0.45089778,0.49596557,-0.6847819
1.1978195,2.2928135,1.0707852,0.039491665,-0.6999194
0.9251573,1.5413735,2.1643229,0.0047864094,0.68165857
2.8440108,2.16821,0.70360345,0.5,-0.72069675
0.69555557,1.2572744,0.36001265,0.008116341,-0.71371114
1.1579129,1.2766376,1.5436261,0.03861214,0.4879928
1.6161069,1.4650968,2.008353,0.13052459,0.6804521
2.95829,2.4799929,2.9090283,0.5,0.5118724
3.4076,3.4478872,3.8167558,0.48677322,0.43203303
2.682485,3.0476685,2.8918233,0.5,-0.1597156
3.063755,3.6160743,2.4166493,0.5,-0.7097788
2.3151708,1.9924898,2.0131433,0.43899935,0.0046589053
1.1879275,1.1405509,1.292326,0.020289836,0.21070169
3.3676295,3.3037665,3.7898116,0.4946509,0.566692
2.4089808,2.328785,2.8798735,0.45278051,0.69230545
3.313941,2.7447395,3.6366427,0.49153608,0.69347465
1.6105522,1.2734008,1.8261614,0.11801954,0.7071865
2.2437053,2.2587357,0.2,0.38865638,-0.7237142
2.9527328,3.4670582,3.342559,0.49326256,-0.13547486
3.7421253,3.8336167,3.4708326,0.5,-0.4151789
2.6019757,2.159894,2.833532,0.499631,0.7532362
1.0588635,1.1058079,1.6898997,0.041881703,0.7104118
1.1221946,0.7508024,1.424883,0.045613322,0.66468537
2.5177653,3.114016,2.249137,0.49105713,-0.6839289
0.6992618,1.646813,0.7515171,0.0030302,-0.73909926
0.56177294,0.7497208,1.3958497,0.010580792,0.721121
2.6348133,3.2694907,2.8681,0.49585664,-0.48092893
0.98475844,0.8345448,0.45448616,0.031378888,-0.6295318
3.9306958,4.269933,3.6406283,0.5,-0.7043454
3.2975733,0.611457,2.6983426,0.49164447,0.69466823
3.660838,4.3065376,3.0488749,0.49912214,-0.6765755
1.3215808,1.2428633,1.6673988,0.058111615,0.51768744
0.7698871,0.87711066,0.6610346,0.0041598403,-0.4285839
1.125604,0.70109373,0.68781066,0.052337505,-0.07092013
0.9269794,1.4423251,0.7390598,0.016224854,-0.7200203
2.3907988,2.221051,2.4513414,0.4734677,0.27012026
3.2665124,3.200315,3.3941696,0.5,0.2626035
1.9775853,1.6660527,2.5227394,0.27995217,0.7583065
2.0954335,2.2206867,1.505608,0.31709015,-0.7375947
2.5223157,3.0522125,2.1351888,0.4968841,-0.7601557
1.1469264,1.516799,1.3054469,0.043191504,-0.36285043
3.212901,0.7771761,1.8469417,0.5,0.6481426
1.3667462,0.62584543,2.5662007,0.061211746,0.7050655
0.90687835,1.0938368,1.3295718,0.030798387,0.4408759
1.0465941,1.7618247,0.6662935,0.044518713,-0.7482993
2.149106,1.8907539,2.6691484,0.3581285,0.66241246
2.8992815,3.679896,3.4545105,0.49438703,-0.28097388
3.4711556,0.47081912,3.804601,0.4986986,0.7487583
3.4712167,3.0071366,3.950754,0.4833521,0.6931138
2.7932644,4.220001,3.6057317,0.48975012,-0.7066652
2.8024855,0.572696,3.8540025,0.5,0.7678313
3.4298909,2.7611322,3.193474,0.49550858,0.5200501
1.7022069,1.2640536,0.28791383,0.16466089,-0.6751894
3.7253528,3.7675116,3.2745862,0.49768177,-0.53653556
2.1855838,2.1438866,2.4786198,0.36556572,0.35632715
2.7801688,2.5958726,2.0285876,0.4819376,-0.6895427
2.2433295,1.8825088,1.8115743,0.37687787,-0.081753835
1.839685,1.3762565,2.350904,0.23051246,0.6945397
2.8905866,3.9236863,2.7742913,0.5,-0.72029746
2.7443604,1.0043924,2.888136,0.49990776,0.70923156
0.58565956,1.309371,1.6533874,0.0,0.6885107
2.5011601,0.7667662,3.1946216,0.49888253,0.67310244
3.4857106,3.4750898,0.4759685,0.49028775,-0.7168202
3.8800523,3.5848773,3.5344396,0.4970503,-0.05349865
3.4120486,3.2757902,3.452781,0.4878491,0.12427035
2.7659338,0.44938067,2.4606056,0.5,0.7645578
1.5814145,1.5767916,0.5251263,0.11659268,-0.69706106
0.7693226,0.91370434,0.5201961,0.0009947842,-0.7022501
1.2012709,0.96561223,1.3868407,0.0458922,0.5974247
3.0645864,3.6053243,3.0647693,0.49691337,-0.6662875
1.8704165,1.8013061,1.629404,0.22685176,-0.17272048
1.2967975,2.0414293,0.7442722,0.06430663,-0.6715036
0.98354626,0.9940936,1.945913,0.029834613,0.72422814
2.0338483,3.4304788,1.8741556,0.29860225,-0.7234319
0.97836107,1.7737898,1.7311212,0.029480493,-0.07394439
0.5016121,0.6565383,0.61005485,0.019535204,-0.05571529
1.244598,1.4430852,1.4314613,0.054906767,-0.02213585
2.0490036,2.956354,2.251091,0.29611492,-0.7314669
1.4222691,1.7583231,1.4258856,0.055389136,-0.4127347
2.3811355,2.917523,2.5532804,0.4451422,-0.4286947
2.8721018,4.0872955,3.3028235,0.49962148,-0.7148058
3.155725,3.417184,2.682741,0.493774,-0.7257415
3.306014,2.5054336,3.3920708,0.49558008,0.70779645
1.0030172,1.2547691,1.1518111,0.021524984,-0.1927149
2.8085098,0.65692407,3.3597298,0.49032143,0.6865901
1.8873656,2.3301985,1.8826928,0.2512193,-0.5571251
2.46749,2.2379847,2.574347,0.48871055,0.3883725
2.6129673,2.74956,3.2271554,0.5,0.56174034
1.9987383,2.9908915,1.4683363,0.30010825,-0.6646814
2.9668825,2.407419,3.628028,0.49977922,0.7434751
2.492612,1.8528396,0.6492404,0.49797222,-0.6951786
2.6946366,2.4200823,0.8906668,0.48627692,-0.72483885
3.403965,4.1261873,4.164515,0.5,0.07671448
2.321995,1.5423621,2.3452504,0.42760172,0.6516416
3.093871,3.396855,3.8003132,0.5,0.46199772
0.62620395,1.0279489,0.58273315,0.0,-0.72745836
0.9299705,1.1488825,0.7767174,0.017003393,-0.6382753
2.513004,1.887859,2.8410063,0.49539858,0.61069787
2.0105667,0.26164842,2.5965822,0.30191308,0.6908562
2.1889122,1.8570567,1.9017128,0.37477744,0.046208408
0.85708636,0.8501739,0.2,0.009430993,-0.6723577
3.0418422,2.8035,3.326583,0.5,0.5877052
3.0286713,3.406472,4.0539455,0.5,0.69269276
2.6099184,2.846404,2.8585594,0.48362547,0.018772162
1.748118,1.3205637,2.6492724,0.17747201,0.7412839
2.3625565,2.8945277,3.1219285,0.45745498,0.30178252
3.4508028,3.5484366,3.999627,0.5,0.5130819
2.976022,3.3201637,3.083782,0.5,-0.31044224
3.0903242,3.3751783,2.9191592,0.5,-0.55800176
4.608059,5.316473,4.9075813,0.49697718,-0.44991133
1.0871282,1.5654129,0.6367612,0.040020928,-0.71052873
0.8634369,1.2738476,0.35817412,0.02650614,-0.66648394
1.9239117,1.2808031,1.9347538,0.25438702,0.6785565
2.7580953,2.7183015,2.8891075,0.5,0.16822584
2.6119819,0.55850506,2.7132454,0.5,0.6557717
2.4761274,1.9615215,2.2771113,0.5,0.3791036
0.9275116,0.8719629,0.87452936,0.011192886,0.04557383
2.1363137,1.9937049,2.4717698,0.35150066,0.5285117
2.8249235,0.87495226,2.471444,0.49971607,0.6876631
1.0547059,0.81658554,0.7859071,0.029507296,-0.007745039
3.5833988,3.686396,3.3797307,0.5,-0.35779095
3.6001534,3.8618157,3.8498046,0.49114683,-0.02011953
1.4642428,2.3812454,0.86460394,0.07185314,-0.7073757
2.5892062,3.2269208,2.421246,0.49807012,-0.70761806
2.432805,2.3309379,1.4757248,0.46722257,-0.74657196
0.8643608,0.7641547,0.24470359,0.020660348,-0.6681723
2.5595016,2.760002,2.5234098,0.49257088,-0.24939883
2.4736092,3.8029943,2.8199284,0.4855284,-0.72027975
3.4368954,3.6197217,3.6470065,0.49775705,0.060234558
2.6270604,2.4315383,2.8625915,0.46808538,0.554257
2.7059836,2.4450226,2.5683248,0.5,0.15709448
2.8621876,2.9491475,3.6616406,0.5,0.71596265
2.9856677,3.3434057,0.6609344,0.48657292,-0.72235537
3.0009885,2.7561874,2.4794452,0.5,-0.32895058
3.5397332,4.181482,4.4083405,0.49646732,0.2307715
1.3160233,1.1435964,0.6886966,0.073418185,-0.65418243
2.868809,3.5444548,2.841436,0.5,-0.66690034
2.5433826,2.8227923,3.2596934,0.48557767,0.5564198
0.60764414,0.644707,0.54557586,0.0,-0.20817162
3.0632954,0.6075521,3.7782307,0.5,0.6504235
3.3916214,3.359284,0.5129734,0.49141183,-0.64202833
2.2235754,2.371795,2.7079873,0.38076353,0.40085515
3.6010656,3.8070438,3.8980122,0.5,0.098681696
0.8032579,1.2401894,0.8577331,0.0,-0.67238617
2.9799483,2.9170294,3.9376786,0.5,0.69590247
0.7374585,1.1900849,1.2826821,0.015703263,0.15662639
2.159478,1.972784,1.5579305,0.339205,-0.4684562
2.6530547,3.2807214,2.599555,0.5,-0.7172744
2.3776636,3.0153422,2.9737558,0.432122,-0.067342035
0.87683886,1.2180505,0.2225849,0.026683329,-0.6709382
2.949888,3.5439482,2.7859347,0.49464342,-0.68046826
3.102767,3.1294935,3.8392246,0.4919187,0.7099799
2.4944727,2.5927718,2.8823705,0.5,0.3241609
1.383247,0.3363488,1.2898893,0.051540755,0.7412529
0.8276252,1.6797942,1.4466252,0.0016571563,-0.43801004
1.5708859,1.8331075,2.8091166,0.11633623,0.69265527
0.77735513,0.50717413,0.39622456,0.02938503,-0.22633323
3.1657135,3.2242668,2.5952644,0.5,-0.6847524
3.2299654,0.8290975,4.3086824,0.5,0.67023534
2.9567242,3.2305393,3.6534982,0.5,0.48105007
2.858303,2.907654,2.8574555,0.4845897,-0.07539987
3.0470226,2.5400932,3.276647,0.4985291,0.73589355
3.0124135,2.6499748,3.6641273,0.48719332,0.685032
0.8353508,0.621575,1.431182,0.020223513,0.7249348
2.780043,3.611241,3.38699,0.5,-0.27531514
0.5929352,0.23164153,0.40955472,0.0,0.35532737
2.4234557,2.808773,2.4872737,0.4729616,-0.3936106
3.2880034,0.23756588,4.454387,0.5,0.7295447
3.5334563,4.179324,4.1190166,0.49551517,0.013083227
1.1899608,1.3639019,2.1997073,0.08244233,0.6915132
2.4583204,2.5774002,2.7858274,0.46943942,0.2819358
0.8597809,1.4446461,0.8198067,0.0027818896,-0.6751571
3.2754846,4.2796407,2.9908032,0.49607036,-0.7439744
1.7421639,2.2596023,0.47437173,0.196025,-0.72005635
0.804073,1.1105069,1.6619382,0.021940565,0.70821625
3.0966344,3.8852036,3.3415644,0.5,-0.6530396
0.79578,1.1324375,0.29386014,0.028236259,-0.7063806
1.4965104,0.6903046,1.2762429,0.07940988,0.66914123
2.5065963,3.063826,3.90259,0.5,0.6816938
3.5155618,3.4336278,3.2975185,0.4979535,-0.18016598
1.94778,3.6300066,0.6182965,0.26309308,-0.7538295
2.6409132,2.9293623,3.3078578,0.498453,0.4198845
2.929933,2.9828703,2.9772964,0.48853937,-0.01278244
0.8276723,1.4575849,0.22611238,0.0072568525,-0.7053644
2.240842,3.0385606,1.9036437,0.3851502,-0.6644453
1.5542003,1.393676,1.3382331,0.09590961,-0.03204389
2.509203,1.8918341,1.9805684,0.5,0.06573668
2.1334548,2.155455,3.0145483,0.34111798,0.7413267
2.7641456,0.7884251,3.3444521,0.49938157,0.66980493
2.9674706,2.818083,3.7993743,0.49539596,0.7231667
3.4388883,3.6179783,3.1589422,0.47815013,-0.5281152
4.046776,4.1733994,4.109592,0.49269453,-0.04817321
2.7294352,2.0721073,3.42491,0.49801385,0.7235178
0.74298465,1.2230117,0.2,0.023486858,-0.72461444
2.3705444,2.9832726,3.515072,0.43990025,0.6261725
0.81224936,1.0575441,1.5535914,0.01772708,0.6961704
1.1245134,1.4875034,0.8061853,0.022889446,-0.69918126
2.2507222,2.1717823,2.1671264,0.39846018,-0.015194154
2.924259,3.0295074,2.4167006,0.5,-0.66155857
2.0285661,2.5530019,2.5462058,0.2943133,0.07463133
0.6445303,0.22652109,1.660263,0.0,0.71728545
2.8601546,0.3288631,3.3002496,0.4906821,0.68031245
2.5339785,2.0152974,2.9911582,0.5,0.7073649
1.4285235,2.5327048,1.9537324,0.07961331,-0.6861412
0.43461657,0.5354686,0.7673818,0.008120291,0.46955675
2.0483925,2.9917183,2.5667078,0.32273856,-0.53021353
0.64901453,0.83085114,1.6781609,0.0,0.708555
3.2271361,4.2551084,3.683698,0.46991825,-0.68610185
1.2695303,2.061302,1.4886509,0.03373327,-0.7318361
3.117253,0.4528651,2.8913817,0.49062636,0.6544746
2.7779996,3.0577223,3.4316187,0.4865068,0.47233734
1.7354761,1.3917692,1.9905918,0.17733845,0.7093035
3.1455474,3.6497195,3.4182587,0.5,-0.3285207
0.72402334,1.5151697,1.1734983,0.01652872,-0.64461863
3.3227808,4.443799,3.4663708,0.5,-0.7040831
2.2221348,3.1337802,2.6366665,0.37443244,-0.6137789
1.7460666,2.1020212,1.9679031,0.19118477,-0.14139223
3.9137657,4.317546,0.38991976,0.5,-0.71062124
1.6346045,1.8079141,2.2970226,0.13459437,0.5723301
0.8776013,1.9981108,0.2,0.0,-0.7111594
0.9247518,0.6822111,1.4140862,0.008442595,0.672836
0.5052369,0.24357092,0.20659839,0.0,-0.065961845
3.0632274,2.6627011,3.8221762,0.5,0.6980339
2.6046531,3.3838866,1.9253303,0.4998633,-0.681281
0.6458578,1.288146,0.58424985,0.0,-0.7567329
2.7917964,3.2299063,0.3939233,0.48177615,-0.7207695
1.6042631,1.9743557,1.7023969,0.1232906,-0.33765706
2.9309313,2.5389214,2.7570763,0.49591318,0.30040702
1.0037652,0.82821304,1.7372348,0.017861402,0.68882453
2.2861485,3.0367978,1.777187,0.40924892,-0.6945584
0.71318287,0.375581,1.0605115,0.0,0.679667
2.9970396,2.5493298,2.8387842,0.5,0.32625723
3.2030008,3.5586922,0.57327646,0.49326152,-0.6762215
3.1329944,3.7720523,0.6999286,0.5,-0.69736767
0.9428978,1.5283521,1.1475025,0.032721467,-0.6254587
3.0285633,3.7482178,3.0938165,0.48955882,-0.70623547
0.85834026,1.175996,0.99118423,0.022335654,-0.31059572
2.2729335,1.6492465,2.520115,0.40092587,0.65819496
0.9599746,1.4166138,1.1606382,0.036621902,-0.48634714
0.83318216,1.6275951,1.0170668,0.02556565,-0.72661245
2.9779744,2.8603761,2.8002279,0.49251053,-0.08208005
2.5640686,2.7111757,2.9454896,0.4945233,0.26270038
2.5123215,1.5590743,2.0892267,0.5,0.7295594
0.95745575,1.0157781,1.3676717,0.031240823,0.6519737
0.73422146,1.7195864,0.8873709,0.0,-0.6456672
3.535689,0.8199157,2.6362476,0.5,0.64319146
2.7935,2.4106567,2.9759436,0.5,0.652117
0.6391747,1.7656769,1.6765935,0.0,-0.22442868
0.630942,1.1057822,0.7629624,0.0008458331,-0.63511544
2.508709,2.9389374,2.7631495,0.49624604,-0.19750623
1.1596928,1.3539697,0.96113294,0.027990801,-0.5560608
2.2198582,2.0941978,3.6225662,0.38732862,0.6975455
3.1830497,3.2077506,4.4512897,0.5,0.7031126
2.6709902,3.6771884,3.7323387,0.49458084,0.055455875
1.6100193,1.449731,2.8136635,0.12776777,0.7057426
2.9961991,3.8631628,2.7137873,0.492578,-0.69026136
1.7570062,2.0073469,1.2181839,0.1909165,-0.67798734
2.9618566,3.3978634,4.627662,0.4969091,0.71649307
2.33954,1.7118272,2.4080305,0.43205047,0.73916584
2.6346142,3.0692685,2.4652975,0.5,-0.7476558
0.95869666,0.66864365,1.2987267,0.01258786,0.6902551
0.9503593,0.40948734,0.5447428,0.025571803,0.24667153
2.715258,2.951682,3.0072415,0.5,0.022198014
1.0813171,0.95453197,0.81094396,0.041461248,-0.18839149
3.756154,4.0508614,4.361994,0.4979801,0.3963529
2.7424467,2.5184557,2.5035794,0.49474433,-0.009922784
2.6979494,0.62647814,2.3344443,0.48819914,0.6536277
2.1990528,2.3852022,1.9762552,0.37718397,-0.5301923
0.98996186,1.0032673,1.2832643,0.03452986,0.51876646
1.9602679,1.9706863,1.8920534,0.24501835,-0.07800732
3.3431654,2.9025092,3.9242008,0.49166498,0.7114799
1.7038863,1.9042668,1.8940593,0.17444207,-0.01660866
2.0858197,2.6358907,2.612355,0.3206094,-0.07473338
1.6238897,1.979602,0.51306415,0.13105096,-0.66008246
2.9134197,2.8836317,2.9813461,0.48894686,0.14510381
2.3041625,1.7626185,2.500919,0.4048687,0.641559
0.85549587,0.643362,0.6744916,0.01430974,0.05356208
2.043583,1.8246475,1.9385399,0.3032101,0.16960745
2.9413023,3.5885324,3.3316998,0.5,-0.28747958
2.916272,3.523833,2.2861364,0.5,-0.64756334
2.7056184,3.045218,2.6966224,0.49510774,-0.4179398
2.6219437,2.625753,2.7451441,0.49878606,0.12873411
2.7053225,3.5427258,2.1979735,0.48909888,-0.66824526
1.0303247,1.4928275,0.20568424,0.05113142,-0.73328286
1.9623996,1.0983671,2.0847933,0.28486323,0.67225534
1.0533844,2.0445561,0.7085324,0.046834204,-0.6772398
2.317145,0.68241405,1.7280738,0.4211567,0.70191765
2.85108,3.5371184,2.635588,0.5,-0.6837293
3.5283985,3.9665396,3.886189,0.48890632,-0.09026762
2.3034377,1.9235643,2.740807,0.42939088,0.68611217
2.2649424,0.47376803,2.3462703,0.38918504,0.70466536
2.4024394,1.6421027,3.162622,0.4634299,0.76864475
2.5501373,2.4498348,3.1785488,0.5,0.71992993
2.9394426,3.2321527,2.5671644,0.5,-0.67917967
2.5778506,2.798668,2.5447803,0.5,-0.244243
0.76680964,0.6524889,0.2,0.004571399,-0.68789285
1.0854046,0.4617899,1.943664,0.04403539,0.7012548
3.0732002,3.3539696,0.67334723,0.49798095,-0.72804314
2.62718,3.0714002,3.8308825,0.5,0.7004652
3.2146113,3.1001828,3.1577857,0.49506882,0.053463664
1.1099904,1.1621037,1.201154,0.041321967,0.057690248
2.1990674,1.7932245,2.6706793,0.3686707,0.6824168
3.0775642,0.2211217,4.235726,0.49482575,0.7084821
0.7252135,1.4737734,1.9162261,0.003917816,0.6515722
2.6915402,3.7175045,2.9611483,0.49591118,-0.68651307
3.1530027,3.5191555,3.3668704,0.49511465,-0.21514814
1.1690396,0.47616208,1.0499692,0.06499078,0.7530917
1.1606605,1.1511035,2.2818093,0.04668925,0.75651866
2.3143003,3.0679228,2.8753226,0.41143912,-0.20137846
3.2391517,1.5075783,3.1108215,0.49188325,0.7173163
2.3983216,3.7191868,3.0992863,0.46805745,-0.703407
2.587066,2.8137474,3.1144745,0.5,0.35212097
2.7174132,1.6898626,2.6487372,0.5,0.6412189
2.8213017,4.1879444,2.7058485,0.5,-0.647874
3.1618905,0.6403726,2.826069,0.5,0.7100785
0.88134336,0.2,1.6862894,0.012563739,0.71214604
1.1196637,0.8741221,1.0297718,0.047847945,0.23154864
0.95170224,1.052894,0.7898692,0.017345019,-0.44865036
2.805323,3.6326504,3.7885275,0.5,0.17694601
2.52111,2.5070162,2.8388646,0.5,0.33642918
3.8475406,3.6803622,2.9899704,0.49974108,-0.7235222
2.360784,2.390203,2.9173377,0.43284747,0.63087356
2.4387488,2.4662335,1.6531849,0.46974635,-0.6879728
0.6029452,1.529423,0.32043803,0.006334141,-0.63620526
2.4518037,3.149081,2.901708,0.49086183,-0.29994217
2.7955623,2.65239,3.2009718,0.5,0.6878501
3.3537538,3.3407433,3.138234,0.48571965,-0.254947
0.95044607,0.21543576,0.5021846,0.015262438,0.4855353
2.7246335,3.1809669,3.7323098,0.49955857,0.6697635
2.5062027,0.51021266,3.4001234,0.49499753,0.7166882
2.2864647,2.7732158,2.2841399,0.4330328,-0.59862876
0.62490064,1.1341009,0.8125533,0.0,-0.6406485
2.6436777,3.586881,2.4661617,0.5,-0.6708808
3.2878134,0.43869102,3.301393,0.49817115,0.7100036
1.9676222,2.284434,2.227737,0.2677064,-0.05257865
3.489221,4.45389,4.029945,0.5,-0.4959432
2.5338764,2.607173,1.80704,0.4952824,-0.7468353
1.0861669,1.2418706,1.5567257,0.046212,0.5369259
1.9463097,3.5127642,0.4142289,0.27249637,-0.7126103
2.961381,3.1380327,2.9776936,0.49039695,-0.18789327
2.0328877,0.40411237,1.6849688,0.30066955,0.6951478
2.8314831,2.7424612,3.5022445,0.4862042,0.72742695
2.7054498,2.7525945,0.55446297,0.5,-0.73864377
0.958197,0.9162562,0.5226185,0.03492768,-0.6526797
1.0608863,1.64856,0.28483447,0.03503076,-0.73486626
3.862687,4.4694233,4.335845,0.49346238,-0.15171523
0.23133302,0.47513774,0.2084174,0.0,-0.53656816
0.8684928,1.2428116,0.2024077,0.02144839,-0.72939306
2.1827757,2.7558258,2.4848275,0.37378854,-0.27285835
3.2121162,2.6640055,2.8466356,0.5,0.2432583
1.1595933,1.3623133,1.6791407,0.04813425,0.44404125
0.71803415,1.7824422,1.1552681,0.0026026196,-0.70939887
2.9334824,2.990192,3.143173,0.5,0.20821732
0.967082,0.41063085,0.74884075,0.040111568,0.60081375
2.288783,3.1212049,2.9454157,0.42358088,-0.25616297
3.005889,3.2901182,2.5056345,0.4845496,-0.65480417
3.5237498,3.6916666,4.2550774,0.4908821,0.69886667
2.034688,1.9960495,2.0349712,0.2951881,0.014353934
2.3015833,2.9012454,2.3393128,0.406083,-0.6574385
2.8259547,2.741809,3.1905367,0.49885887,0.5733974
1.3393859,2.3364487,2.207012,0.07139783,-0.17478812
0.5535402,0.72111946,0.76405877,0.006882283,0.07690591
1.9897391,2.6905107,1.9657292,0.2790835,-0.6798811
2.3008952,2.9633956,2.8007987,0.43134063,-0.18725613
2.7852664,2.3350217,3.5490448,0.5,0.6866403
2.664427,3.1251426,0.8497009,0.49912253,-0.6976652
2.0799675,2.0031521,2.2331758,0.30815288,0.25869298
3.660634,4.119967,3.930949,0.5,-0.271501
1.0515934,1.2235024,1.4647305,0.03182069,0.34401423
1.0375336,0.27454174,1.6717163,0.022949537,0.7053169
2.2110033,2.8119678,2.2992682,0.39200062,-0.59990245
2.0615284,0.5462733,2.3015118,0.316444,0.7292547
1.1262026,1.337845,1.354855,0.037899546,0.03487955
1.6456867,2.7361465,1.1086949,0.1319167,-0.6588425
3.5684786,4.4640975,3.4119256,0.47614875,-0.7168652
2.4380553,2.8382902,3.183559,0.47461975,0.4018041
1.7628095,1.7489402,2.9543424,0.19681244,0.6916934
1.3109542,1.5439774,1.5675378,0.06785232,0.03304491
1.0491225,1.75458,1.0645094,0.04650136,-0.6778871
2.1902385,1.9557688,2.1268914,0.3857629,0.20783593
1.2832277,0.6757683,0.24401574,0.077547364,-0.60734713
2.3050082,2.0674078,3.256775,0.40607223,0.7121147
0.43632853,0.48610547,0.22414431,0.0,-0.50117004
2.516604,2.452571,1.8778881,0.5,-0.66013205
2.3631537,2.758127,2.7473958,0.4250996,-0.019643506
3.2007232,3.6236389,3.3914564,0.48654556,-0.27517155
2.769198,3.9966924,1.005631,0.4920663,-0.6880492
3.096942,3.216548,3.488276,0.4922518,0.34184727
3.3109999,3.6782,4.3611565,0.5,0.68805504
2.3789895,3.2251341,2.96166,0.4423408,-0.3209205
2.617455,2.7712872,2.5113428,0.5,-0.32275677
3.1337903,3.4459133,4.5064664,0.4968452,0.7149045
1.1472286,1.6188269,2.1311398,0.034099843,0.7384999
2.5777814,2.4079723,3.0314748,0.5,0.6984529
2.4086862,2.7510867,3.2438805,0.461049,0.6049154
2.8054934,0.6993359,3.2094493,0.48440233,0.7048444
2.11162,2.080358,2.4618757,0.3281737,0.48471388
3.2636027,4.5410824,3.6727214,0.49300867,-0.74028516
2.1681585,2.2504618,3.3850904,0.35151058,0.708211
0.8034221,1.133671,1.6470227,0.0,0.680101
1.0081782,0.21052969,1.2162263,0.020459976,0.6775876
3.3193667,3.8028255,0.50485986,0.49141854,-0.69658077
1.3393806,2.5164149,0.7878986,0.08260223,-0.66168946
3.648044,3.4184036,3.9246356,0.49888417,0.5892359
3.45924,0.38723454,4.041552,0.5,0.7188939
2.3044798,2.1638472,2.6648738,0.43343905,0.6437589
3.1991467,2.6071754,3.5494628,0.5,0.70751864
2.6569338,2.6524444,2.5328534,0.5,-0.17482331
3.5896206,3.4150503,4.271475,0.5,0.6997237
3.1462135,3.399257,3.8997967,0.49202934,0.65818065
3.917412,3.9879541,4.1794105,0.5,0.202657
1.1941855,0.92905194,1.4957975,0.041217573,0.677229
0.65628994,1.1174653,0.8095064,0.0,-0.58655196
1.5315104,2.338385,1.8808062,0.091488786,-0.52656335
0.5569205,1.069072,1.0263712,0.0014173001,-0.09386992
0.94830793,1.2204282,0.33427662,0.037224796,-0.6634275
2.8795016,1.0829564,2.8713827,0.49681702,0.68334943
3.210765,3.7318835,2.7768805,0.5,-0.74011874
0.6883335,0.59629136,0.5863633,0.007886612,-0.004375107
2.8480573,3.4730172,3.675603,0.48979628,0.242051
2.2870247,1.9092319,1.9530356,0.41444623,0.025175484
2.1895876,1.5144974,0.42729655,0.37661383,-0.67884207
2.2743008,2.7732863,1.7743363,0.4123331,-0.6757081
0.9418295,0.6147709,0.41587788,0.025635056,-0.34611773
0.8604184,0.73201454,1.4394869,0.01815997,0.71427304
2.6916637,2.4076443,2.9215474,0.48969418,0.5314456
2.2175367,2.7609499,1.4122319,0.37472528,-0.69151914
2.4983213,2.310363,2.3779414,0.5,0.07280766
2.9117892,3.8264654,3.9103997,0.5,0.0832173
3.083856,3.741876,3.3663054,0.5,-0.4975679
1.9221038,2.1904657,1.0192369,0.26365724,-0.69248074
2.1288528,3.1366253,1.8968592,0.34273013,-0.6956445
3.0437434,2.8223674,2.2334034,0.5,-0.63949275
1.201858,1.4480073,1.2009573,0.04107135,-0.35197428
0.9244149,0.20192349,1.2285168,0.025687078,0.67208487
3.3780966,3.364565,3.480557,0.49224252,0.119543836
4.040989,3.6041486,4.021967,0.49653625,0.52596164
2.4219894,3.0804834,3.6723945,0.45822635,0.745729
0.8268596,1.6640415,0.47320983,0.031529296,-0.707671
1.0983253,1.1974919,1.0674891,0.05625172,-0.19545358
4.030522,5.400346,4.6282415,0.5,-0.71552926
1.3053596,0.82521135,1.8495203,0.079814956,0.7139619
2.9759226,2.5313,3.3521483,0.49691638,0.70143086
3.2061026,3.1603022,4.7426815,0.4864141,0.6976507
1.7991349,2.1576157,1.5877944,0.20370743,-0.7429708
1.9786495,2.684962,2.7568548,0.27181104,0.10093115
2.6737797,3.2711625,3.4476907,0.4951979,0.1925316
2.8291612,2.8435936,2.2808003,0.49444842,-0.6536097
0.7707928,0.4894554,1.251803,0.019876925,0.70429486
1.0087264,0.958472,0.7141388,0.028917672,-0.34892195
3.5355728,5.174994,3.795938,0.49149072,-0.6927794
2.489586,3.1628964,3.291238,0.49516878,0.12630591
2.4367087,1.6384317,2.6982799,0.4862414,0.7115204
2.4973664,2.4528983,1.6109345,0.49473566,-0.68004614
1.1161913,0.8900494,1.6575223,0.041608676,0.705947
2.8877516,4.1836295,2.3220878,0.5,-0.708496
2.3318374,2.1227632,2.332564,0.4219203,0.268324
0.86951333,0.7870252,1.7071317,0.024240335,0.7180637
2.4183705,3.1180406,2.0830717,0.4672148,-0.6856364
2.8553765,1.5795488,3.3405347,0.5,0.71327066
1.7886126,1.7420158,1.5710357,0.20453627,-0.1759712
1.177271,1.882795,0.28231484,0.05052525,-0.65986884
0.7667011,0.7625193,0.6143038,0.0,-0.27654523
3.4701993,4.426629,0.6385012,0.5,-0.67179495
2.7955458,3.2070978,2.4141898,0.5,-0.7516301
1.5001264,1.2939404,0.69659716,0.079718605,-0.69621617
2.953991,3.3318121,3.244632,0.5,-0.036243033
3.1891472,4.2054276,3.1590452,0.5,-0.65572757
2.198256,2.5109549,2.1884315,0.36360303,-0.38795623
2.5462434,3.030602,3.1012285,0.5,0.1302014
2.8894033,3.3467393,2.3971684,0.486242,-0.72721756
3.6909015,3.5034819,4.497995,0.5,0.6733548
2.4298768,1.8337194,2.3272185,0.48099104,0.5908546
3.1038277,3.5216608,3.1432228,0.5,-0.50373495
2.8682566,3.6961935,2.4984913,0.5,-0.65124935
2.699583,3.216143,2.3707542,0.48941445,-0.68587565
3.4400976,2.9044874,4.064346,0.4930142,0.6621435
2.1573834,2.5508275,1.8464216,0.37835112,-0.6545644
2.8084068,3.416885,3.1927037,0.5,-0.25866082
2.6116536,3.39524,2.9944918,0.5,-0.4391225
1.7017423,2.2133033,1.7663853,0.18130952,-0.5360445
3.3274348,0.20160298,4.0827646,0.48254415,0.6799848
3.0711703,2.9567833,3.3630998,0.4882829,0.4387086
2.6347024,2.7623158,0.67908245,0.5,-0.76097053
2.472333,3.1485922,2.342044,0.46799287,-0.7098842
2.622306,2.4013724,4.177413,0.5,0.70139104
3.042303,2.7826753,3.2923622,0.5,0.59809625
1.3762436,1.9053773,1.5289477,0.05747534,-0.46633074
2.2201953,2.566737,2.9104836,0.38031146,0.4169925
0.2736914,1.2094296,1.2564018,0.0,0.11956182
2.6214914,3.284026,2.3353865,0.49966207,-0.7156265
0.7245787,0.65494865,0.9637995,0.00043390336,0.55825144
1.3319391,0.72936773,1.5882484,0.057223037,0.6808076
2.1109245,2.4436398,1.6053088,0.34148186,-0.69816357
2.0120933,2.615817,0.83525795,0.30193907,-0.74670833
4.516152,4.562917,4.803146,0.5,0.26896885
3.7438943,4.2000713,3.8972273,0.49637687,-0.37291563
2.6642077,2.6965015,3.9477093,0.4961371,0.6733237
1.1196976,0.29927614,1.6697849,0.04125997,0.72916555
3.230226,4.3216815,3.5941837,0.5,-0.689216
0.63855827,0.4671095,0.8466171,0.0050920476,0.72354317
1.2834016,1.2401729,1.8796644,0.0775217,0.7224769
0.571507,0.45496374,0.660444,0.015659463,0.395816
3.3436158,4.452324,2.7341635,0.49035105,-0.67885363
3.3767724,3.8239088,2.9278202,0.4973579,-0.67603886
0.9659773,1.5289453,1.3563881,0.019100929,-0.25344434
2.803603,3.4516323,3.647795,0.49883235,0.20082507
3.9474566,4.524988,3.8881512,0.49969026,-0.71977407
2.5635307,2.8442955,3.191632,0.5,0.4628042
3.8097928,4.1352,4.280393,0.49265966,0.14102815
1.2169424,2.174529,1.9876003,0.054097746,-0.22516428
1.8442026,1.4688681,1.4470465,0.23601288,-0.047234118
3.7853599,3.5755932,3.4609828,0.5,-0.11877987
3.0100737,3.5599341,4.1023,0.5,0.59415025
2.849829,0.6956014,2.2407362,0.48446414,0.7371307
2.3844497,2.432623,2.72122,0.4328945,0.33839256
2.122712,3.5227637,3.128699,0.33803484,-0.5042397
2.1669424,1.7971629,2.5819392,0.36173633,0.70026964
2.674634,2.9492583,3.5910966,0.48798576,0.6944089
2.5257454,2.836524,3.3930585,0.49539894,0.6351319
1.4227448,1.4504642,2.0704763,0.075217776,0.71867645
3.6366796,3.4645996,3.9734263,0.5,0.642597
0.8116,0.93731874,0.4284475,0.00264562,-0.7568429
0.8946702,1.8159064,0.2,0.04330575,-0.7397772
1.1335539,1.1631202,1.2268412,0.038741555,0.055460744
2.7279034,3.0973122,0.7427331,0.49789357,-0.714197
3.1589758,3.081872,3.6766312,0.5,0.7634974
1.0150356,1.5863746,2.4716136,0.018243866,0.6716644
1.2057827,0.7241524,1.4161367,0.050781008,0.6933233
2.9039788,2.9802012,3.292367,0.5,0.38700354
3.0099466,3.5481489,2.5827105,0.49964413,-0.682559
2.49294,2.6594033,2.6260378,0.5,0.011111702
1.8799752,2.1572983,2.177618,0.2384493,0.010552704
0.7823608,0.5993231,0.90869176,0.0040454236,0.5727127
0.51147676,0.84948885,0.9142287,0.005614046,0.112794206
1.141993,1.4983895,0.9912953,0.04609504,-0.6717257
3.5934064,3.0671692,3.8084185,0.4997791,0.72730553
3.1202996,2.7038348,3.5318854,0.4906294,0.69341683
0.7342826,0.38443872,1.6106784,0.025509182,0.66557074
3.7503827,3.2287996,3.9735694,0.48995087,0.7441973
2.5459604,2.991084,2.4623213,0.48244628,-0.56924516
3.01918,3.020302,3.1556628,0.49260017,0.14472403
2.0334294,1.8628542,2.5124693,0.28830746,0.7331698
2.3087008,3.4095194,2.025014,0.4078171,-0.70091486
1.2084738,2.0326767,1.0429524,0.05156127,-0.63838327
2.097141,1.4758638,0.51502395,0.32121688,-0.75250417
2.6595733,2.414193,1.8370552,0.5,-0.6882449
2.9196606,2.5505095,0.51384133,0.49445018,-0.72463506
1.9458078,2.1699674,1.963994,0.25610355,-0.22002558
1.4768718,1.0953863,1.9865041,0.08481708,0.73226315
3.1570406,2.9596171,2.9096491,0.49365383,-0.059343256
4.280188,4.694898,4.3007298,0.4977752,-0.50834346
2.8483374,2.9960878,0.58276904,0.49216598,-0.658924
2.9713182,2.5343437,2.8241832,0.49374193,0.30015758
2.0297348,2.3296268,1.7688392,0.30354065,-0.6844494
3.5006032,3.8290215,3.3441818,0.47931418,-0.60977095
2.3459013,2.6942425,1.5497385,0.46188062,-0.7473832
3.3432364,2.79367,2.9543633,0.48907164,0.16119258
2.9628038,3.6436307,3.4926355,0.5,-0.21854001
3.0023286,0.72709346,2.4101026,0.4862517,0.72647643
2.9589703,2.530339,2.6452665,0.49661916,0.15101922
2.9214084,3.1507287,2.9693766,0.5,-0.20073318
2.7880774,3.2860973,3.3289313,0.5,0.07483056
3.1765065,3.6783576,2.688531,0.5,-0.66035485
2.1882617,3.0050976,2.0438852,0.3677815,-0.7269451
2.4575562,2.3296845,3.3381765,0.47758222,0.6960647
3.4988427,0.6324485,3.7747886,0.5,0.7056986
2.6893253,2.759274,3.2169156,0.5,0.5158692
0.7933548,0.2,0.40857598,0.0,0.42248297
3.148712,3.0336995,3.138173,0.4928287,0.11833573
3.1350467,3.0827496,3.8243444,0.4959981,0.6902698
1.7876282,1.7388703,2.2060313,0.19640738,0.511085
3.0844932,3.4919267,3.4904404,0.4869578,0.038748544
0.90158725,1.0849143,1.4310256,0.015738308,0.60310376
1.113845,1.516975,1.7175387,0.047058113,0.25857574
0.51025563,0.8985397,0.51341015,0.016969414,-0.7360728
2.9076624,2.2892,2.4759927,0.5,0.26152462
0.97092783,1.4209222,0.7775304,0.028543372,-0.6820744
2.0794277,1.9211491,2.0211494,0.3309741,0.06317087
0.9451935,1.2384691,0.22033815,0.017230494,-0.652998
4.166279,4.6132,4.5849123,0.4963056,-0.08785155
0.24697645,0.2,0.86332136,0.024831643,0.69420254
2.2120478,2.0501196,2.4236345,0.38533977,0.4450692
2.6988575,2.9070637,2.578654,0.48306584,-0.3607507
0.58697915,0.51556045,0.83038026,0.006247346,0.55293787
3.3117702,4.4215384,2.6884642,0.5,-0.6885637
1.2628967,1.4104893,0.5560853,0.050932605,-0.73506945
3.1777818,2.8397388,4.1924615,0.4971966,0.71114314
2.4916174,3.7605915,1.6763408,0.5,-0.64013714
3.3022227,3.6675744,3.9009209,0.49740258,0.30452603
1.6541237,1.8071846,2.5157712,0.13954802,0.64657754
0.66543317,1.5988234,0.7833959,0.010567844,-0.705833
2.9753294,3.2674263,3.0792365,0.49581507,-0.24412556
2.4430027,2.5991986,2.7035906,0.46307972,0.12543872
2.80523,2.1945345,1.9563546,0.5,-0.27142426
2.8012598,1.8737912,2.6554887,0.5,0.71479505
0.7506411,1.5732287,1.6909446,0.0147573445,0.20514058
1.1334698,1.48262,0.6038281,0.04389823,-0.7097107
2.843527,2.93394,2.9391732,0.5,-0.031148203
3.0986648,3.2334905,3.327462,0.49062076,0.09697263
1.8744313,2.1670542,1.5908796,0.21337585,-0.6853773
2.1486938,2.6998854,0.3013677,0.35543883,-0.7224702
0.9434556,0.738979,1.5795594,0.015021995,0.69124925
2.906015,3.26216,2.6767094,0.5,-0.6902136
2.8255014,3.3534327,4.087826,0.5,0.677494
3.434833,3.4045784,3.444419,0.4957727,0.0698354
2.763655,1.9607276,3.1611378,0.5,0.73250717
1.1499583,0.9724169,0.5596634,0.028232142,-0.6441519
2.6698716,2.1969478,3.070367,0.5,0.6805909
1.5352256,2.274431,0.9946782,0.098711625,-0.6625004
2.3441133,2.0894513,2.23008,0.43169335,0.13944654
1.1759956,0.8496968,0.5604082,0.051932346,-0.44115606
2.8161469,2.7319613,2.8189025,0.5,0.122076355
0.7457276,1.398237,0.4365257,0.006885521,-0.73250264
2.5283396,3.152945,2.6246135,0.4971519,-0.6112183
2.0513766,1.862102,0.6221806,0.3291337,-0.72128516
2.2242239,2.179839,3.2188635,0.37483677,0.6870189
1.0810542,1.2040917,0.29489544,0.052699298,-0.71667486
1.73814,2.660267,1.0238895,0.19952635,-0.7073632
2.9015384,2.1002543,3.1229684,0.4872466,0.6665303
1.3154027,0.8870639,1.432972,0.06576623,0.70620507
1.640796,3.0241685,1.0665435,0.14624624,-0.6842981
1.0911065,1.923176,1.1778885,0.04786011,-0.64900786
0.7329411,0.2,0.89236987,0.0026616997,0.72506
0.40020487,2.1898189,0.38910732,0.0,-0.60562986
2.306816,2.7744598,3.0356104,0.4206498,0.30188188
2.4481845,2.7015815,3.1853192,0.44961718,0.59699684
1.2111039,2.147376,1.2760695,0.047665294,-0.65183884
2.2011213,1.9742168,2.9733179,0.38225394,0.7033142
2.833483,2.8042123,0.5114738,0.5,-0.75684047
3.8173895,4.115069,4.1097946,0.4883865,-0.011117941
2.4073682,2.864546,1.2753541,0.46135136,-0.7163886
3.2190452,3.5463643,2.6540933,0.5,-0.677151
0.45638996,0.7493077,0.4304952,0.0,-0.6041841
1.6820618,1.584843,1.9978179,0.16042109,0.5501603
2.6295931,1.0220059,2.058673,0.48509017,0.70721346
0.5488415,0.86574954,1.3017889,0.0,0.72239643
3.4412744,1.0012292,4.4036717,0.5,0.6986459
3.5535924,3.5515027,3.8886127,0.5,0.36068004
2.849366,2.7459867,3.2612274,0.5,0.6068147
3.275293,2.8163347,3.883231,0.5,0.73161244
2.5029533,3.3908842,2.8987365,0.48841813,-0.57712346
3.259874,3.8549104,3.4626174,0.5,-0.4474378
2.66978,3.3888505,2.726657,0.4902796,-0.7414206
3.266407,2.8832536,3.9125757,0.49249655,0.7308672
3.3215141,0.3855203,3.9561636,0.49729607,0.74278104
3.0021005,3.171078,0.70220625,0.49206516,-0.6829904
2.1840198,2.548908,2.2887216,0.35617676,-0.32283786
2.32479,2.1124673,2.7740338,0.43319362,0.65983343
3.0764751,0.6465288,2.4843388,0.49148816,0.70114017
0.9636551,0.9014716,1.437408,0.03514382,0.6946957
2.6571245,2.9710495,2.7605486,0.5,-0.2158601
0.64302105,1.0226332,1.8571738,0.008372521,0.7561699
2.7079115,2.7687469,3.2658558,0.5,0.6403425
2.4769504,2.3529184,2.660951,0.49529898,0.3406399
2.4763536,0.2,2.7871993,0.48133588,0.7149006
3.7772973,4.387549,4.0445886,0.5,-0.48538783
2.3563092,2.520575,1.6977161,0.4400825,-0.7440024
0.856124,1.6917727,1.0027544,0.004233186,-0.73899406
1.2122881,1.713769,0.60700595,0.049285874,-0.7162996
0.96769315,1.2041553,1.0055091,0.036459096,-0.32967272
0.9954712,0.27767786,1.1890928,0.029863862,0.71027225
2.5204673,0.74725795,2.1180863,0.49401602,0.6988265
1.4104075,0.7743131,1.544478,0.07471644,0.6869155
3.6993928,3.4630697,0.7532311,0.48697704,-0.66453606
2.3743148,2.1632106,2.27039,0.4468694,0.14724907
0.6829572,0.7954528,0.39995816,0.0025783684,-0.7321233
3.315977,0.6196681,4.076298,0.48842847,0.63754964
2.4536479,3.0351,2.7430933,0.4947474,-0.35235173
2.9821095,2.4378173,3.1514778,0.5,0.7198155
0.5450606,1.2095013,0.5732776,0.00048040695,-0.7373036
2.6506264,2.8528936,2.8566601,0.5,-0.0039773015
3.1621795,3.7265778,2.9706757,0.48554116,-0.6546239
2.07952,2.565589,0.40888053,0.3161957,-0.6855595
2.9123297,2.3116274,3.9651687,0.5,0.72631365
1.1861193,1.4300064,1.5746065,0.060019694,0.2177863
0.9111303,0.65751463,1.9150316,0.0025015362,0.7044281
0.8568417,0.46649322,0.90216,0.029059619,0.72036636
2.5485144,2.2763462,3.3915033,0.5,0.70714575
2.5223815,0.24683295,2.3278713,0.5,0.72409135
2.0275104,2.0193295,0.38088086,0.30190718,-0.6996603
1.9647924,1.4749932,2.3353257,0.26908448,0.6903261
2.8718534,2.6509295,3.5955923,0.47932535,0.7001995
2.950845,3.241825,3.6126683,0.49403325,0.4365643
2.068675,2.6774042,2.4417248,0.33261484,-0.28707692
1.0114028,0.2,0.82920694,0.02466821,0.6457041
2.9610555,2.9243402,3.2422674,0.5,0.37872052
2.406018,2.465625,2.7546692,0.4737658,0.2902424
1.3807586,0.29357502,1.4632584,0.07417671,0.73351246
0.42338753,0.9813065,0.4632684,0.0,-0.68144596
2.797416,3.4400196,0.37577417,0.48556194,-0.74676764
2.542654,3.2070844,1.0839512,0.49133965,-0.6848922
2.2142568,2.581743,2.5461547,0.39012596,-0.019565467
0.894341,1.0442916,0.3010182,0.023142016,-0.70815855
3.3475723,3.3139205,4.483433,0.5,0.67367536
2.1600091,2.6234047,1.6293405,0.36881372,-0.6482704
2.4487445,2.2038798,0.56012326,0.46850625,-0.66331685
4.289876,4.059242,4.5653224,0.48511797,0.5818156
2.7773323,3.2481587,3.1583679,0.4905845,-0.0891889
1.1935295,1.8035386,0.922385,0.057166412,-0.6567529
2.374419,2.523104,1.9822448,0.43564892,-0.63187295
0.95928955,1.4511527,1.0610937,0.02122115,-0.676853
2.8985462,2.934199,3.0131369,0.4973699,0.07827525
1.0796913,0.53017575,1.9646597,0.050403558,0.73970586
2.2374465,2.5856972,1.8643178,0.39647147,-0.66287905
3.7320948,3.5057955,3.9446793,0.49217603,0.5869701
0.92128676,1.4649444,1.028635,0.029894609,-0.63205135
1.1441094,1.2104595,1.5545189,0.048232246,0.6105929
0.8819291,1.0232562,0.9357296,0.0077794427,-0.20060024
0.8494711,1.0834739,1.6438059,0.027330426,0.67884576
1.8311602,2.4761226,2.3820674,0.20791546,-0.11959485
2.4581053,1.5303674,3.3327239,0.47825,0.6910516
2.0711658,1.6220793,2.3621533,0.32687736,0.6963309
0.7538098,0.41304666,0.8734967,0.0,0.7130049
0.20614406,0.71679103,0.23482817,0.008919634,-0.6438606
0.58554626,0.5712937,0.2,0.009681263,-0.7414748
0.47749108,0.70542717,0.87479633,0.0,0.3202505
2.9508557,3.4586942,3.3707747,0.5,-0.15571211
3.146789,4.1286683,3.6006258,0.5,-0.6092695
3.7915242,3.7914925,3.7275412,0.49816793,-0.053101055
2.1151345,2.986953,1.6949532,0.33413747,-0.67286587
0.7410573,1.263458,0.45766005,0.011676566,-0.7206618
2.8612866,2.5877368,3.196879,0.49234363,0.72360325
1.0141926,0.8708869,1.7455703,0.022941457,0.6499064
2.6958332,3.510891,2.0018334,0.49725223,-0.7180554
3.358148,4.1761584,4.230112,0.48812917,0.036177453
0.7612439,0.9542295,0.2,0.0,-0.6692187
1.9927524,2.7519946,3.0961185,0.29000634,0.40501854
2.2293818,2.6359675,1.8952837,0.38589463,-0.69691145
2.5366838,2.7315536,3.4566126,0.5,0.670969
2.5913057,2.933513,2.6043935,0.5,-0.41353384
2.1939404,1.6527148,3.0127416,0.35900733,0.75357234
1.9839214,2.0554461,1.028456,0.2856556,-0.6990963
0.8517384,0.7154981,1.2528527,0.020753669,0.7314394
1.0739939,1.8391625,1.7900199,0.054586425,-0.07633246
1.2756966,0.23228693,1.5703946,0.06825226,0.6991067
2.5797482,2.626068,3.0332444,0.4817932,0.4638587
0.75934505,1.5501854,1.4957391,0.004552247,-0.11800079
2.682362,2.1028278,3.020821,0.5,0.68426
3.6148515,3.4194617,0.57190627,0.49727982,-0.6853834
3.0805888,3.955456,2.5673332,0.5,-0.69188416
0.8452577,1.322398,1.487446,0.027404796,0.29261643
0.4176393,0.21593207,1.1271185,0.0,0.70237964
1.016251,0.7994957,1.5269672,0.032912187,0.70618445
2.5015116,2.025419,3.0895238,0.48250598,0.73357576
2.5699418,2.626587,3.0166142,0.4957742,0.46258447
3.6979306,4.141855,3.693129,0.5,-0.56928885
2.5589693,2.71992,3.283767,0.5,0.71048045
1.7618772,1.9966522,1.7316631,0.19303706,-0.2752976
3.0026677,2.809818,3.2336326,0.49739575,0.5082588
3.1280098,3.8717902,3.5769618,0.5,-0.34561065
2.712745,3.1250834,3.5967438,0.5,0.5540653
1.5112605,1.259667,0.2,0.080906056,-0.70431817
3.3943095,3.6496978,3.9656065,0.49035665,0.43073505
2.7336037,2.792074,2.6759171,0.4995869,-0.12416623
2.386588,2.301192,2.8698041,0.4425577,0.64045095
3.3734186,3.5984058,2.5852501,0.5,-0.7261649
1.4077827,2.4229858,1.1750721,0.08843944,-0.67280227
2.640863,2.4561357,3.4338112,0.5,0.70488536
0.9912932,1.4700335,1.756434,0.035860773,0.44607183
0.9962094,1.633671,1.1496408,0.03458836,-0.7062527
2.768805,3.240328,3.8208864,0.4949439,0.6685906
2.0937371,2.7592874,0.5210251,0.32667467,-0.69541115
3.266752,3.3961406,3.6657484,0.5,0.27036273
1.0467967,1.6349082,0.8693274,0.033845793,-0.71264046
2.8811545,3.177039,2.840151,0.49857152,-0.40705356
0.94836074,0.45830953,1.2892598,0.0065760207,0.72667
2.321226,1.9920849,1.4019006,0.42295045,-0.6991744
2.501588,3.2156644,2.7180414,0.5,-0.6216104
0.65736717,0.64633155,1.1161491,0.008998848,0.6536581
3.9318101,3.9857035,4.0975246,0.49920863,0.14422362
1.5494142,2.0911148,2.4319417,0.0956413,0.44903108
2.8799448,3.0447314,2.8256512,0.5,-0.24410175
3.921201,4.4776697,4.035492,0.48995134,-0.5267736
2.2488656,0.2,2.210816,0.39401457,0.709358
0.5753064,0.32906884,0.6745137,0.0,0.6417046
2.773037,3.3886142,2.8494627,0.5,-0.60203636
1.1289277,0.8567354,0.9355708,0.020734994,0.09033621
3.002219,3.8475747,3.7793994,0.48532087,-0.102307364
0.8996319,1.3657653,1.726357,0.017802725,0.6442016
2.1219585,2.0492558,2.918606,0.3352108,0.7014174
3.3115,3.8737383,3.9375253,0.5,0.11150841
2.120686,2.0797172,1.8534265,0.34491405,-0.30623153
1.4508743,1.3141067,1.6327791,0.068,0.3237809
1.7500198,2.0338547,2.9367511,0.17846523,0.70522577
2.219721,2.7942743,2.3450143,0.3770766,-0.59963214
0.91432154,1.2809595,1.3367236,0.019026771,0.12712193
1.8389105,1.6810552,1.2889849,0.21296705,-0.46019283
3.5491168,3.0479827,3.994334,0.5,0.6857134
1.2056562,1.3175116,1.0949624,0.040622078,-0.30018747
2.7808228,2.3830726,2.781576,0.5,0.50201696
1.0380319,1.206487,0.53483343,0.030772727,-0.6823251
0.7270197,0.921524,0.8711872,0.012171335,-0.070729904
2.2136009,2.7404425,2.8352296,0.3876627,0.107257724
3.6417744,4.152093,4.2806935,0.49801567,0.15948112
2.2303793,0.51755434,2.272675,0.37706834,0.6177465
2.1272228,2.2994993,2.6835136,0.3375149,0.403962
2.7362142,2.745044,3.3512967,0.49971777,0.7442665
0.7542831,1.1158311,0.5975891,0.0,-0.73139626
1.300258,1.7247401,2.0562134,0.05864939,0.45609793
2.1587555,2.492546,0.8599548,0.3453928,-0.7018493
4.233396,5.3855977,3.7696455,0.4913698,-0.6609808
2.058614,2.5215714,1.9228777,0.28901875,-0.6570171
3.6967256,4.494743,4.0674543,0.5,-0.5541036
1.1336027,0.378698,0.55241376,0.0526684,0.2281346
2.7328508,2.4386902,1.894665,0.5,-0.6353482
2.893843,2.6697254,3.2177238,0.47922465,0.63478005
2.6642952,2.8779447,3.017455,0.5,0.19282697
0.42729682,0.5709062,0.48534456,0.009938096,-0.11817284
3.1383982,3.3933446,3.363861,0.5,-0.07489296
0.8434057,1.9035059,1.3108189,0.024143767,-0.67629105
2.487965,2.6972625,1.83719,0.5,-0.71409124
2.2240174,2.658262,1.0443915,0.37700117,-0.67225295
2.5039368,2.7744823,3.0855496,0.48053196,0.35116968
2.4703846,3.2090054,2.8927972,0.487186,-0.36122617
2.5280614,3.0501196,2.926168,0.49998477,-0.159891
2.6718395,2.774048,2.449945,0.5,-0.39244986
1.7489758,2.3932316,2.0773716,0.17527162,-0.40308988
1.9761999,2.5538065,0.61585534,0.3024488,-0.70054567
0.65349716,1.2582433,0.87160987,0.0,-0.72547585
0.96200806,1.2291522,0.828238,0.028659778,-0.70930135
3.350846,3.9025285,3.6556892,0.49780124,-0.29490075
2.235232,2.355625,3.1434004,0.37813166,0.693312
0.91796863,0.52527666,1.1744831,0.04038299,0.67761934
3.3325074,3.3231974,2.9621015,0.5,-0.5057111
1.0629787,1.5665294,2.121883,0.029375598,0.6912515
2.4643161,2.9438634,2.467881,0.49969378,-0.61976343
0.97338283,0.84529924,0.82096,0.02050775,-0.037902143
3.3848486,4.2472706,3.2482288,0.47883856,-0.6582064
3.175834,2.8521485,3.6289744,0.4914336,0.6537693
3.2336507,3.5811481,3.1784234,0.49803022,-0.50493944
1.9299027,1.9368356,1.3100427,0.25874522,-0.71180564
2.690756,3.0566616,3.1641917,0.5,0.17019342
1.6532034,1.1235682,1.8606318,0.14497207,0.69654864
1.9412518,1.2619965,2.122407,0.27884492,0.7150362
2.7229486,0.70518273,2.3840733,0.49515083,0.7378455
2.3784854,0.94953865,2.294963,0.43611905,0.6952292
2.4638216,2.796637,2.9043567,0.4748257,0.13365184
2.3218713,1.8672276,2.5302846,0.4097584,0.7145321
1.8428191,2.5278716,2.222824,0.22061913,-0.33676478
1.160098,1.5462506,2.2187634,0.053186767,0.7288675
0.4725643,0.7832792,0.8072389,0.009607422,0.032837003
1.7339311,1.7888533,2.1643276,0.18133642,0.4325905
0.8981233,0.25097454,0.54335475,0.019971168,0.4448073
3.4711041,4.44371,3.1036477,0.49058068,-0.7332115
3.2188308,3.273756,0.6153897,0.5,-0.71182513
1.1097945,1.7992958,1.0988762,0.035771564,-0.7031935
0.6422973,0.6389126,0.2,0.012601633,-0.74829745
1.9954467,2.2475493,2.4640296,0.28822717,0.28475064
2.243744,0.22843212,2.8986857,0.40408805,0.7037337
2.2098522,2.0372844,0.6907714,0.37562045,-0.67499447
1.6923368,2.6818202,1.082978,0.15561438,-0.72866297
2.3253078,2.9683392,3.272244,0.42487133,0.3912727
2.7623205,3.5930123,0.50017875,0.5,-0.6600694
1.1881843,1.6119174,1.9033095,0.06473571,0.44169527
2.6953046,3.0575006,2.4632068,0.49364725,-0.7335694
3.5672624,4.185943,3.6343014,0.4934692,-0.6758313
0.93418455,1.620085,1.356925,0.013561423,-0.4600332
2.5971966,2.9629877,3.1992497,0.5,0.2752606
3.1762025,0.4115203,3.2970035,0.5,0.732862
2.4997728,3.2258801,4.0788302,0.5,0.6954574
0.9453136,0.6336726,1.4147172,0.032430243,0.6710415
0.9502294,0.95511997,0.6597478,0.042075288,-0.47360036
2.6434548,2.1533182,2.7572577,0.5,0.7027455
3.25263,2.9845905,0.48177424,0.49594748,-0.65029764
0.59357154,0.8770539,0.9646172,0.0,0.1877869
0.9034973,1.4417119,0.5136855,0.016903972,-0.6881554
2.3850913,3.5117369,1.9622896,0.45877835,-0.67079806
2.782522,2.9013577,2.5484395,0.4913323,-0.43408847
1.1484454,1.1655405,1.2318558,0.04205625,0.1424253
2.884574,3.1134675,3.1894875,0.48423108,0.064007595
3.709785,4.034367,3.7081041,0.5,-0.35088977
2.0820355,3.1746707,2.240411,0.32859418,-0.702665
2.0343316,2.2683122,1.5642562,0.31284252,-0.68542796
2.8135324,2.382744,3.5591977,0.49033773,0.6449456
3.4728417,3.8532481,2.979118,0.5,-0.7259453
1.0822641,0.63359743,1.4580526,0.037480038,0.7197562
2.8389163,2.9748604,2.4813497,0.5,-0.5371604
0.5686985,0.6281925,0.94027734,0.0,0.6185484
3.1197968,4.369633,4.07857,0.5,-0.3852897
3.0302916,2.9631815,3.6055477,0.4932301,0.6808147
1.0055069,0.5526277,0.7726567,0.043723013,0.37822577
1.0973841,0.9590609,1.4727303,0.045217123,0.6684644
2.192489,2.1685455,2.240754,0.3496883,0.078156434
3.015776,2.6252818,2.5838633,0.5,-0.070201136
3.4242222,3.5178394,4.15514,0.5,0.6991873
0.65750724,1.610373,2.017416,0.003356557,0.7537524
2.4239895,1.9162109,3.1281717,0.4641736,0.71637416
0.73641664,0.25471497,0.3169643,0.0034006285,0.13068707
3.1114092,3.634038,4.280929,0.5,0.715436
2.593179,2.6717198,2.5014317,0.5,-0.22341362
1.8903086,1.8869284,1.8977864,0.26129392,0.03243596
3.1701164,3.9198434,3.0000756,0.49102747,-0.68723184
0.97454435,0.8479569,1.2407769,0.028022157,0.64943534
2.8647454,2.2769072,2.0589192,0.4877817,-0.26600757
0.77597356,1.3791138,0.517796,0.0044732336,-0.7431931
2.6506748,2.83806,3.42471,0.49771166,0.711435
2.5820463,2.6527305,4.07717,0.4958279,0.7195711
1.3253251,0.6330568,0.4795202,0.060149003,-0.234674
2.7715778,2.4760413,3.5519083,0.5,0.69874364
1.9931407,2.0241816,1.5040531,0.27974278,-0.6126598
2.6192913,2.2657542,0.5061347,0.498195,-0.7513126
2.370558,3.0443397,1.8849475,0.43883702,-0.6349835
0.52160674,0.74296683,1.2133526,0.0035520368,0.68491656
1.9713666,2.004502,2.4265308,0.27057433,0.49535412
2.0460505,0.31339282,2.322641,0.31096303,0.68726945
3.1912057,3.1017463,3.7547317,0.49740493,0.71260417
3.0870667,3.5073886,3.5662951,0.5,0.074744284
1.3365005,1.6277838,0.9709856,0.054594513,-0.69868666
1.0731177,1.7813991,1.4926728,0.038430184,-0.42163873
2.2919362,2.6834915,2.1930408,0.40715334,-0.5869301
2.7200067,3.1401834,2.486431,0.5,-0.6958023
2.3835409,2.3228757,2.8865302,0.45217565,0.6578037
0.6179138,0.569871,1.527707,0.012105386,0.72132707
2.676092,2.7657216,2.7811635,0.49817657,0.06850145
2.964635,3.5102766,4.0340695,0.5,0.64422905
1.3370886,1.6834685,0.6579149,0.053596053,-0.67440945
1.2477009,1.8488041,0.60914886,0.05117732,-0.69039947
1.8278091,1.5389814,1.2830461,0.21456175,-0.30125037
2.5130155,1.9998847,1.9402046,0.5,-0.09475457
0.81163734,0.77162117,1.1960455,0.026591778,0.6518154
0.92699504,0.8902994,2.105577,0.028487355,0.7109836
2.3743672,2.0495682,3.1122704,0.4536809,0.72771955
1.2277867,1.2995489,1.8697207,0.055054776,0.6853851
1.5168725,1.1578641,2.606396,0.08028235,0.69384766
2.1070623,2.0295663,2.6661463,0.31829762,0.7404895
2.7375696,2.4513838,3.5299404,0.49787983,0.773336
1.7868313,1.3624724,1.9835923,0.2087406,0.7614152
3.4061258,2.9625127,3.0703723,0.49290735,0.12637202
2.947819,2.6238892,2.4779227,0.46833375,-0.14490232
2.0565221,2.4529867,0.5040734,0.3087581,-0.6755405
1.6901673,1.8062085,0.4612158,0.16238533,-0.74321324
2.1086788,2.5208032,2.1806834,0.3550506,-0.3635073
2.0441556,2.19992,2.0472667,0.31631428,-0.18201847
1.8265247,2.3590965,2.473501,0.23862751,0.12228209
1.787469,2.1920888,1.8806388,0.22718483,-0.39292648
2.4420195,2.963987,3.2888,0.4769794,0.3741542
3.014965,3.1354337,3.0230544,0.5,-0.113061674
2.2275755,2.3951335,1.8684429,0.39848852,-0.5688882
2.8690188,2.4681697,3.944074,0.5,0.68272877
2.3796992,2.2869656,0.63629717,0.4484526,-0.6911156
0.64197147,1.2392479,0.8796537,0.008562204,-0.7076079
2.0835843,2.057265,2.0222888,0.30835074,-0.00042697618
2.7484794,2.8168247,4.1139565,0.4910789,0.68704164
2.6714718,3.1372478,2.9424849,0.5,-0.22708297
0.8954152,1.2592077,1.5874429,0.014102286,0.5219042
2.935838,3.1438694,3.9155045,0.49965364,0.70500344
2.748508,2.8684769,3.1411948,0.4849282,0.34686962
1.7366688,2.3177238,1.338882,0.18529119,-0.7347913
2.2901154,2.1754153,2.492716,0.40463406,0.3812681
0.9608811,1.3235013,0.9231015,0.030230964,-0.66293
2.1219842,0.6654368,2.3081164,0.3517032,0.67958367
2.5993824,3.06426,2.9655273,0.49267572,-0.059400044
2.7341354,3.2174413,2.7644365,0.5,-0.56323326
2.7859843,3.0146637,2.8013306,0.5,-0.26018232
3.3857875,4.0619874,3.6951396,0.5,-0.4369116
2.8536656,3.3832994,2.361088,0.4839668,-0.6138064
1.8826796,1.9018457,1.9255732,0.24491198,0.08949513
0.4278415,0.74771416,0.7542074,0.0,0.015733527
2.9555354,3.2489908,3.2285848,0.49860057,-0.07523371
3.3988352,4.0252047,3.1620224,0.5,-0.7087777
2.4858701,1.9889296,2.4185562,0.49094638,0.5078858
1.4913737,0.9522956,0.95882165,0.07990981,0.025236573
0.59578717,0.21906067,0.40068156,0.0023421352,0.3525294
2.7215397,3.116812,1.9939803,0.49961698,-0.6630489
1.6588132,2.002946,1.7091801,0.14433041,-0.3602322
1.5494163,1.595311,1.9262264,0.09755668,0.39289927
3.6948776,4.217401,3.512467,0.4947725,-0.7107839
0.89073694,0.44487557,0.2,0.022289388,-0.424162
0.73302823,0.57465196,1.4213866,0.0,0.63086414
3.0907984,2.7823222,3.4959846,0.5,0.7105118
1.0416688,0.9174297,0.845251,0.03254899,-0.13634335
1.9613417,2.6487014,1.698727,0.27817082,-0.6818438
0.9394218,1.6510203,1.4761858,0.024296219,-0.27132893
0.9588951,1.1306565,1.4086728,0.014429893,0.50708497
3.849463,4.0852056,0.8713979,0.5,-0.6985393
1.0532795,2.1294324,0.42628944,0.036234688,-0.67730045
2.9359682,2.932757,3.3815877,0.49538037,0.50970304
2.8063376,2.6070735,2.4714317,0.5,-0.20565954
2.400691,3.0444207,0.39597508,0.43823445,-0.72213095
0.8649393,0.84307903,0.6597363,0.020923322,-0.3238326
3.9393637,3.7173615,4.3793883,0.49611166,0.7462004
1.4905828,2.1393971,1.7179977,0.057099797,-0.4689384
0.84651136,1.7158813,1.0859504,0.021292776,-0.72613305
2.1530156,2.1648812,1.8157676,0.3620864,-0.46312827
3.2294595,3.3651266,2.400719,0.5,-0.6899428
3.1200278,3.7676601,3.5131836,0.49344233,-0.32614025
2.008652,1.8326218,2.3548644,0.2778617,0.5986377
2.1243153,2.8216224,0.6980942,0.34392643,-0.6718079
1.7181362,2.5124855,1.674033,0.16908848,-0.69078124
2.704729,2.3098516,2.947279,0.5,0.73078257
0.93498355,0.54211414,0.9367613,0.031477194,0.72057974
1.0483701,0.45833078,1.6108634,0.03588343,0.72357416
2.4565372,2.3331184,3.0551481,0.48006582,0.76571316
0.2750793,0.2,0.5220937,0.000812679,0.57810056
1.1050123,1.824621,0.7185224,0.021211857,-0.69362783
3.3623195,3.1140506,3.718584,0.47983804,0.7020861
1.2818199,1.2066623,0.2,0.036846887,-0.63325745
3.0294614,3.2558842,0.44267946,0.5,-0.7084819
2.8015814,2.563296,2.0878549,0.4992882,-0.5325089
1.8863959,2.014328,0.5405947,0.24958615,-0.7146406
1.9400932,2.4557757,2.6510122,0.2767891,0.23821431
2.496089,4.225359,1.434226,0.48641413,-0.71293736
1.7818646,2.176723,2.3652027,0.19140862,0.20316456
2.1484997,1.5376095,2.2571063,0.36111528,0.69483995
2.3491814,2.8360476,2.7588835,0.43884546,-0.1284441
2.9330518,3.32433,3.59709,0.4960433,0.32970065
0.63627696,1.1510103,0.96575004,0.0,-0.36947963
2.3219774,2.4732778,2.5902808,0.4273322,0.1993
3.197524,3.8386784,2.8266013,0.5,-0.6794366
1.5556704,1.6354972,1.3122604,0.095251516,-0.43852553
2.7674074,3.1161637,4.0014367,0.5,0.70299363
0.7910425,1.097027,1.4785187,0.0016189583,0.64155006
2.8265917,3.0973191,3.3044515,0.5,0.27265894
0.69804573,0.7739302,0.39941353,0.0037114243,-0.7466351
0.8828382,1.6721356,1.2200253,0.029438421,-0.7121809
3.5064895,4.4189878,3.4658678,0.49168557,-0.6632627
2.0906165,3.2681804,3.4018972,0.3299815,0.1422129
1.9336586,2.190663,2.799541,0.26704997,0.69628567
2.5713696,2.9167325,2.4189165,0.49245337,-0.6000399
2.1282725,2.5313125,1.9058194,0.34843987,-0.68213594
3.2094576,3.0372941,3.355002,0.5,0.398082
2.457855,3.131161,3.2986863,0.48702383,0.19757213
3.2977226,3.391693,4.0938783,0.49456453,0.69676507
2.91292,3.4098103,1.9375557,0.5,-0.71743405
2.3862567,1.9358004,2.7395945,0.44076124,0.6968055
3.326519,3.7582057,4.026892,0.5,0.27540758
2.251876,2.990582,2.2738562,0.3969963,-0.71036196
2.4467266,2.3298314,2.9112992,0.4902406,0.69750124
2.9395916,2.93155,4.023331,0.49800596,0.7287999
2.733265,2.7016323,3.644126,0.4970105,0.72226346
1.0538601,0.36852244,1.4361949,0.031086257,0.70226747
1.6976532,2.5197773,0.80449075,0.15385213,-0.6805349
2.6571386,2.7936072,2.7795281,0.5,-0.03592658
2.1739662,1.8901784,2.7151923,0.350176,0.7425921
2.6105611,2.4487672,2.6966248,0.49717984,0.2773275
2.3519616,1.5221101,3.0826933,0.43367594,0.6273799
2.164013,1.9536209,1.8475959,0.34266904,-0.08976203
2.409718,2.029002,2.3522658,0.45220384,0.3744157
0.63774174,0.22358996,0.58543676,0.0,0.7462585
3.010364,3.054795,3.8205228,0.5,0.6886943
2.8772712,2.5376832,3.4612718,0.5,0.67399323
3.786811,3.9609108,4.2468767,0.49772456,0.33807045
2.6864755,3.061064,3.086533,0.5,0.07232316
1.1075575,1.4651705,0.34574264,0.033307582,-0.74908125
0.80169284,1.1568477,1.3539189,0.0,0.35170043
2.8936067,1.8659393,2.621567,0.5,0.67003435
0.72178215,0.6440243,0.537763,0.0,-0.19546513
3.3666086,4.266963,5.1341567,0.47685575,0.70598835
1.9675843,3.2384677,2.4313102,0.28562623,-0.688776
3.3703148,3.9911165,3.6471846,0.5,-0.41670936
2.572086,2.8383343,2.6306093,0.5,-0.21463586
2.0217695,1.7795795,0.6229636,0.30024537,-0.73950034
2.4805698,3.3252575,2.1295962,0.4684703,-0.65114707
3.3442342,3.423918,3.2512934,0.49792162,-0.17303373
0.8524906,0.82845956,1.5207876,0.013788943,0.70660985
1.8810666,0.8242057,2.047618,0.23966038,0.77293473
1.8584858,0.532324,2.218109,0.22869991,0.7198582
1.2175374,1.2842833,1.0714251,0.041682415,-0.35276097
2.179059,1.6371709,2.6260915,0.3663488,0.70035344
2.679955,3.1313927,2.5875258,0.5,-0.66711754
1.8961935,2.939625,1.338007,0.27733076,-0.69094735
2.3178535,2.789628,3.0467744,0.42125422,0.28871453
3.390379,4.6289835,3.137543,0.5,-0.666063
3.5956516,3.8983974,3.1023264,0.5,-0.70391244
3.5807421,4.457931,3.143322,0.5,-0.65738046
1.5018783,0.8947886,1.7251253,0.080208905,0.6638264
1.0344814,1.3198837,0.8503328,0.048438977,-0.72720045
0.9682515,0.49449185,2.025939,0.020198192,0.6819519
2.6554265,0.31321844,3.4248374,0.49698234,0.6943509
0.70440733,0.75767,0.9427148,0.006962234,0.33888936
0.73407507,0.8493752,0.46274072,0.003271172,-0.6706028
0.97767544,1.1023033,1.6779021,0.022630613,0.71532136
2.1919682,2.9749987,2.5555398,0.38364974,-0.52944195
2.39057,2.672806,2.1811492,0.4670119,-0.6095696
1.7653869,2.1154518,2.0846493,0.20581447,-0.03710823
0.9317002,1.1312654,1.2483284,0.015161804,0.21194623
3.4510686,4.0239387,3.243458,0.5,-0.7205019
1.1577343,1.2842321,0.8805909,0.06310177,-0.5900154
2.7913592,2.4252768,3.6208975,0.4849003,0.708992
2.584226,3.2970743,3.1669643,0.49936548,-0.19400653
2.669403,2.6145127,2.7395816,0.491099,0.18081753
0.81507176,1.1534963,1.3443537,0.0011848613,0.36647072
1.5480585,2.0683846,2.1807964,0.09582198,0.14609723
2.8754418,2.5850422,2.8743343,0.5,0.3629803
0.879904,0.7382592,0.9221143,0.026174527,0.29988527
2.131057,1.6357678,3.253818,0.3457623,0.7320131
2.269591,2.277096,2.2009637,0.3921242,-0.065887585
3.6855233,4.446923,4.852504,0.48162526,0.46290135
0.83945924,1.003964,2.681597,0.020548074,0.7653295
2.4934325,3.4282577,2.8422863,0.4987253,-0.67541987
3.5656292,3.9637225,2.8972776,0.5,-0.73286474
1.8104582,1.7210518,1.9956616,0.22145526,0.32110545
2.2675228,2.202611,2.6013641,0.39943743,0.4982294
2.659339,3.6226897,0.5902025,0.5,-0.6974462
2.8227222,3.4756918,3.7242136,0.49991277,0.34193587
0.871039,0.9613403,0.7897834,0.0097109685,-0.33037364
2.0574875,2.3682163,2.5085216,0.31408563,0.15377578
1.0627097,1.0541822,1.4543521,0.040430803,0.6327214
0.8842413,0.21300304,1.2160219,0.020803332,0.71282333
2.9699132,3.1665757,2.698377,0.49204612,-0.57009614
3.1388454,2.7162626,0.6461477,0.5,-0.6970744
1.7288183,1.7634921,1.4071895,0.18286343,-0.40777493
3.2178683,2.7792935,3.5981064,0.4908741,0.7013321
2.407521,2.5848262,2.915297,0.44860464,0.37075907
3.1100001,2.7597375,2.821657,0.49098167,0.031737026
2.878876,3.144681,2.5664928,0.5,-0.73109496
3.7079701,4.235603,3.7480407,0.49654922,-0.5996168
2.636676,3.0137494,3.3276696,0.5,0.35171154
2.3853328,1.8735385,2.739133,0.45185134,0.7104381
2.2647262,1.691383,3.0811713,0.41002327,0.66031843
1.9896659,1.581361,2.7034125,0.2777296,0.69101125
3.080773,3.8161387,3.6562269,0.49349356,-0.15003467
1.913549,3.3242557,2.1274076,0.25858277,-0.5966352
3.0448353,2.9430294,1.6228447,0.4731024,-0.70977974
2.437701,2.165102,2.9784503,0.47468758,0.72128004
1.5756563,2.4415505,2.9244924,0.111782424,0.58615655
3.3941863,3.4667757,3.3742251,0.5,-0.13128477
0.8686618,1.0176842,1.0378096,0.024958994,0.041617554
2.5769227,2.8236463,3.5884526,0.48925072,0.73377043
2.7006223,2.5965765,3.1547036,0.5,0.65621525
1.224041,1.0510734,0.716304,0.04496324,-0.47577438
0.89189523,1.0712756,0.89642143,0.03347897,-0.354979
0.59271985,0.6953463,0.87325144,0.0,0.3552088
2.4050474,1.7147218,2.741627,0.46472272,0.7315679
3.388599,3.1599946,3.86222,0.4948461,0.67970777
2.6842582,2.8080337,2.315187,0.5,-0.59667814
0.8672373,0.84752387,2.243643,0.030293893,0.70203316
2.5094974,2.9932075,2.7291927,0.5,-0.31375232
0.82455224,0.5769504,0.5370911,0.016662806,-0.08795848
2.890968,3.977897,2.6809492,0.49089608,-0.6461107
2.0548415,2.3011298,1.8078742,0.31862956,-0.6147823
2.2758963,2.553805,2.356909,0.3903988,-0.24178964
1.8753326,1.8348061,1.9213046,0.23870866,0.08651884
2.338577,2.4067726,3.0292003,0.43949446,0.6977385
3.5579715,2.79344,3.0701563,0.49721205,0.36438268
2.5165043,2.7114072,1.995136,0.49992168,-0.714363
1.8026242,2.9747498,0.7973563,0.19252744,-0.7439323
2.8426301,3.517229,3.222821,0.5,-0.37057415
1.1544596,0.5970571,1.7728312,0.026635367,0.7151108
0.7577373,1.0573562,0.22437139,0.00031516852,-0.7426219
2.460468,2.9191442,2.8169365,0.48614442,-0.10002742
3.4849093,4.4246316,3.339871,0.48356095,-0.696186
0.48514923,0.345606,1.3030007,0.014209149,0.7501006
1.8897436,3.2373514,0.61847556,0.26222348,-0.71384656
0.4687052,0.8289514,0.2,0.0,-0.7636979
0.3145303,0.20193824,0.28734657,0.0,0.18146703
2.4667635,1.8562914,3.1512825,0.4868753,0.65971255
3.0414555,3.2248302,3.8308644,0.49895972,0.68623495
1.3099736,1.5713093,1.437452,0.06939686,-0.14263448
2.6632144,2.2530797,3.342466,0.5,0.69168794
1.6736412,2.1940465,2.1525993,0.1526898,-0.045007084
1.2229795,1.6508079,1.9096174,0.044602755,0.38892072
1.9102095,2.1628194,2.6804106,0.26369765,0.63946337
2.5322847,2.2908673,2.6601694,0.49063733,0.4507438
2.1976624,2.3463337,2.801365,0.37724486,0.520262
3.2718077,0.5387605,3.389079,0.5,0.6746576
2.6571362,2.3699982,3.290197,0.49912727,0.72155637
1.245163,0.5456098,0.99077255,0.051431853,0.6600579
1.7813125,1.882725,2.2826984,0.19377744,0.48884362
0.79284686,0.5175168,1.21492,0.012399366,0.7008955
0.69482625,0.26848233,1.3954196,0.0,0.70553434
2.2219117,2.5694518,2.3224092,0.38487348,-0.38258657
1.0928733,0.48116425,0.82509726,0.02712766,0.49890703
0.95861,0.30664408,0.9952697,0.016988195,0.7042781
3.3271296,3.9388888,2.7930403,0.48711738,-0.7195485
3.157856,4.0050783,0.21383296,0.49737883,-0.7248044
2.3537173,3.8270526,1.7897651,0.43843818,-0.7442913
2.2824576,1.6703427,2.4693544,0.3961122,0.7153263
2.039495,2.4394548,2.813432,0.30670696,0.40417516
2.4594893,1.9703535,3.123939,0.4801974,0.6772034
0.90721583,0.8745374,0.28412846,0.013508283,-0.72151375
2.6115403,2.756736,2.9482193,0.49559838,0.26975486
3.3365424,2.480448,4.79458,0.5,0.71123266
1.0952079,1.5877359,1.1067032,0.025978312,-0.65216887
1.2325348,1.4535421,1.6635965,0.043453004,0.2538103
4.1441727,4.6929483,5.005905,0.5,0.35008124
2.7597528,2.3461127,0.4141853,0.5,-0.67284477
3.1039472,4.3560576,3.4659045,0.4968242,-0.69640857
2.0873907,2.4534397,2.805188,0.31429613,0.43622744
1.2459227,1.6310878,0.55617076,0.051932834,-0.65210444
2.716962,3.596322,2.1673326,0.49741623,-0.6835114
1.4215618,1.6138543,2.241989,0.07012878,0.66805965
2.4668572,2.1688569,1.7193359,0.4934066,-0.539543
3.2135072,4.0133014,2.3268862,0.49656758,-0.65723497
2.872926,2.9582245,2.3025835,0.4799212,-0.71426773
2.8008726,3.3646655,2.7565532,0.5,-0.7173624
0.79533035,0.9265466,0.23886338,0.0025953215,-0.6969793
0.7871579,2.136632,0.4173713,0.0,-0.6896409
1.5163727,1.6343501,1.3017118,0.086303726,-0.38678092
2.522046,2.3580372,3.3847964,0.48684233,0.7472745
3.798501,4.101062,4.2658176,0.5,0.25267452
2.4271722,2.3948572,2.7254775,0.46570563,0.37993568
3.7236285,3.433396,4.728629,0.5,0.7025081
3.234799,4.0566053,4.2699165,0.5,0.2428461
2.4372241,0.56291336,2.0598164,0.48406392,0.7134667
1.9204499,2.6396358,1.5696007,0.26276222,-0.66852784
2.75793,3.8260005,2.6483078,0.4826394,-0.7329796
0.8394221,0.8212052,1.1807452,0.0147681115,0.6654123
1.6966485,1.9795884,2.6085227,0.1404431,0.68895483
2.6477985,0.33923286,2.330095,0.5,0.6813878
1.3428637,2.0999243,1.5257741,0.07323475,-0.6958766
0.71734726,0.30812898,0.8723102,0.0,0.68956745
1.6528488,2.295603,2.5879998,0.14452845,0.39386255
2.9625106,0.5976216,3.63479,0.5,0.6979924
2.1694314,1.9816537,1.8084264,0.36522758,-0.21051188
3.3189104,3.1270893,3.8864393,0.5,0.7147075
0.7265996,1.1422645,0.76415247,0.0010268133,-0.73503554
2.181647,0.47256836,2.5612524,0.36839098,0.7047358
1.68045,2.1378093,1.153272,0.15627183,-0.65861416
2.8076189,3.1077714,1.9974662,0.4798532,-0.72953117
2.8427975,2.911041,2.9174192,0.4807811,0.03966941
3.1430712,3.591249,2.833316,0.5,-0.7200524
3.008326,2.7777214,3.1526225,0.5,0.4652714
2.8754864,2.8888378,2.6250293,0.5,-0.37140018
0.9640727,0.96023536,1.2051878,0.046944827,0.39496624
3.0506,2.5659971,3.339194,0.4939534,0.72268677
3.1676338,3.2000813,0.83808887,0.5,-0.6846833
0.64616764,0.2,1.2082305,0.016192505,0.68270546
2.2798347,2.2423434,3.2435486,0.40870363,0.7060095
1.632767,0.9668936,1.9018413,0.14052284,0.69245833
2.7914894,2.4850364,2.3843417,0.5,-0.1552103
3.6127794,3.315912,4.3525467,0.48421434,0.68177086
1.0983186,1.4929758,1.4653587,0.03941076,-0.05562849
2.2655673,1.9436487,2.8406112,0.3940663,0.6560244
0.83677745,0.47891536,1.5199239,0.01521865,0.68955743
2.8612971,2.7666705,2.835782,0.4988972,0.029522138
2.750446,3.862634,2.8164008,0.49317566,-0.7116875
1.7971115,1.2078894,3.0630612,0.20071197,0.69112074
3.4004335,0.5427451,2.9560635,0.5,0.7369856
1.935375,2.2640276,1.8864332,0.26293856,-0.43962678
1.1214896,2.3397386,1.7257979,0.038662918,-0.65836644
3.1692698,3.4903865,3.2762673,0.48435608,-0.27172777
0.9364242,1.1266717,0.78949404,0.0054333494,-0.5770418
2.6698241,2.9364035,0.7347925,0.5,-0.7200138
2.6905704,2.8447652,0.63827235,0.5,-0.71397114
2.6182556,3.2037776,2.9413934,0.4947564,-0.34449315
2.6734126,0.5181572,2.0900245,0.5,0.6517851
2.7892478,4.4315343,2.9241095,0.5,-0.7311059
2.625282,3.262308,2.9915338,0.5,-0.34567958
2.0397174,2.1034288,1.7973121,0.29446274,-0.39397177
1.6390891,1.7752777,2.624988,0.13925122,0.6906891
3.2158148,3.3967624,3.700467,0.49817324,0.40513876
3.2173455,3.4381309,2.9295566,0.5,-0.6480012
2.7455084,3.329187,3.265345,0.5,-0.023106884
2.8182845,3.1370506,3.2672133,0.49294257,0.1163426
2.0559287,2.9876153,0.40651193,0.31946075,-0.7114739
0.94819134,0.5782306,0.46846044,0.016095981,-0.20286503
2.4405801,2.669139,2.6084087,0.47920156,-0.07109192
1.4533533,1.1771647,1.3186582,0.077818215,0.19095823
2.752269,2.6554077,3.0719092,0.49919206,0.50945264
3.4149761,3.3328474,3.4604235,0.5,0.17131127
2.254617,2.8223722,2.6597948,0.40103558,-0.20344336
2.2799852,2.12618,2.5649903,0.41063792,0.5076155
2.031708,2.898596,2.5502276,0.2987411,-0.44357967
0.6437747,1.515864,1.0443612,0.016966712,-0.74574846
2.5380945,0.37815255,3.2624362,0.5,0.7158602
2.013773,1.609917,1.7440473,0.29633617,0.17552541
3.1704395,4.040882,3.818453,0.4865111,-0.27284995
0.8848153,0.8362475,2.0039434,0.03037692,0.609962
1.1972009,1.1675994,1.9654511,0.036570515,0.6652708
2.505607,2.965296,0.47920632,0.5,-0.7181286
2.5033123,2.3092277,3.560694,0.493067,0.7019145
2.2794397,3.1343508,2.8895366,0.39589176,-0.27311817
1.0721868,1.6090039,0.45957744,0.020887824,-0.6822225
3.175976,4.8224163,2.959633,0.49710694,-0.7520997
3.212022,3.5857549,2.7182686,0.5,-0.6901611
1.8964074,2.0426426,2.8672311,0.25534847,0.7278727
2.8453274,3.940055,2.749674,0.49489674,-0.7493397
3.3236864,2.5344915,0.8541505,0.5,-0.69438106
2.3577824,2.7474992,0.4559864,0.4444839,-0.6928495
0.65786606,0.789402,0.2,0.0,-0.7113869
3.0520062,3.8141508,3.1996572,0.49607372,-0.68145424
1.1127808,2.9141276,1.7775558,0.024237482,-0.70149034
2.817512,2.7991986,3.2067955,0.5,0.5221787
2.8058026,3.5290048,2.8753006,0.5,-0.66075814
2.8440607,3.6896393,3.6985378,0.5,0.022832021
2.4692295,0.8382689,3.3488197,0.4818291,0.6716926
1.9844091,2.2207708,1.6567923,0.28360507,-0.6680465
1.6155151,2.2345574,1.9719483,0.13623749,-0.32182422
2.959244,2.6981132,3.226215,0.5,0.61299026
2.6698215,3.7492118,2.6990025,0.48937774,-0.6825998
1.1899805,0.860417,0.81946445,0.051255513,-0.08418815
2.1097085,1.7747785,0.44047818,0.34644514,-0.6872548
2.7076101,2.7432718,1.8035908,0.49188298,-0.7103191
2.6139486,2.5177994,2.9047475,0.5,0.5087267
3.3811228,3.7681055,3.597321,0.494838,-0.1793022
0.61477584,0.7007515,0.78479254,0.0,0.10467721
2.1341023,1.88661,2.7297912,0.33958796,0.6817399
1.0057586,0.62852734,1.0228668,0.02904642,0.6721942
1.1553816,1.998334,0.9847257,0.029279068,-0.72819966
0.9885813,1.5491267,1.6099094,0.0,0.095751576
3.5928771,3.209128,3.180062,0.49096993,-0.008517232
2.3775246,2.8583996,2.2404659,0.44950908,-0.70460975
0.7465906,0.7871417,0.47976783,0.0042230794,-0.5558561
2.161219,1.6193079,3.2182295,0.3695011,0.7322227
2.1522343,1.7762325,2.3761485,0.36112985,0.7166884
2.27484,2.9770446,1.801378,0.38955858,-0.6919034
0.87052107,1.7849988,1.2599721,0.026781885,-0.7623078
2.7018418,3.2597804,2.378639,0.4822902,-0.70968515
2.9026077,2.7338386,3.2542906,0.5,0.6213052
2.2880092,2.740853,1.8274828,0.42331445,-0.6771271
0.9707588,1.3468757,0.39115286,0.023425732,-0.6599148
0.8604734,0.2665887,1.3826109,0.02282393,0.6798078
3.4827316,3.9529903,3.3715427,0.5,-0.69547534
1.7859701,2.0603108,2.6512527,0.18121848,0.70061225
2.123871,3.4810898,1.1829603,0.3432962,-0.6513345
2.3371248,3.4908497,0.20324327,0.42972836,-0.6363109
4.0417385,4.1901836,4.0261903,0.5,-0.2114052
3.0907767,3.4866383,3.630157,0.497023,0.14582387
0.8224069,1.0493889,0.79304683,0.0061661424,-0.51808053
3.107858,3.039422,3.6479595,0.5,0.6833146
2.9453418,2.443831,2.9680445,0.49301502,0.63226956
2.799322,2.5969353,0.8234656,0.49795717,-0.7122007
3.011092,2.9583063,3.883336,0.49975735,0.7387352
2.6073437,3.4568505,2.8662362,0.5,-0.68847835
2.6858926,2.9790723,2.6029418,0.48540768,-0.4780609
1.7028995,1.5514922,0.5112576,0.16330951,-0.6556382
3.4882708,3.3157187,3.8654726,0.5,0.640966
1.1851265,1.5585974,1.8333123,0.048151024,0.40877154
1.3767081,1.418397,1.8479524,0.0510743,0.5748063
2.3119285,1.9722372,3.3472471,0.4248425,0.6930655
2.3077629,0.6151744,2.6647816,0.42655474,0.7135381
2.0773187,0.54283416,2.0532408,0.32942048,0.6929905
0.8294182,1.028637,1.7502459,0.0,0.74007684
0.7623786,1.5573745,0.29862407,0.0,-0.7192101
1.3994949,0.73455983,1.2289997,0.07382072,0.6219332
2.2706738,3.044775,2.5224402,0.41993096,-0.6508174
2.411725,2.8825617,2.0162938,0.47012836,-0.6734064
2.4766078,3.1262028,2.9579413,0.49834853,-0.19279455
3.579225,3.09037,3.6854792,0.49838346,0.70559615
2.0945594,2.3358774,2.8319745,0.31643564,0.6050344
3.567362,0.3738189,4.0527453,0.5,0.7027951
2.5512788,2.117069,3.6902504,0.5,0.6824804
3.4908128,2.7595387,2.8778121,0.4992583,0.13823882
2.390108,2.055859,2.8404799,0.4424926,0.64580756
0.7239937,0.34606424,1.0326986,0.0039454056,0.69546187
2.6163676,3.160055,2.805521,0.5,-0.37739608
3.34662,3.2753642,3.3481066,0.5,0.05484309
0.706343,0.87178546,1.0640492,0.0,0.3608575
2.71075,3.5763118,1.979916,0.5,-0.64583105
2.9944525,3.223303,2.21631,0.48878404,-0.7213549
2.028072,1.8994416,1.8639681,0.32128486,-0.051338635
2.763842,3.042605,0.65075284,0.48237568,-0.7703364
0.74575084,0.5154563,0.43814114,0.0,-0.2070763
3.4449625,2.8198078,3.2106428,0.5,0.4240173
2.9424498,3.2289448,3.0050159,0.5,-0.27008876
2.985757,3.5112631,3.368395,0.4880072,-0.193034
0.851592,0.9558472,0.95094216,0.020694949,-0.009711189
0.5726546,0.6847228,1.0488003,0.0,0.72774947
2.4882882,2.4471114,2.4334729,0.4951203,-0.03709306
1.7146188,2.754437,1.9373606,0.15685952,-0.6573814
2.6867666,3.006359,2.5491738,0.49548477,-0.5415526
1.7119399,1.8071167,2.2970128,0.17146395,0.64051014
2.9759533,3.6585248,2.4703457,0.49265218,-0.6416582
3.4544904,4.2113075,3.8571324,0.495713,-0.3959731
1.5503331,1.9575878,2.4740357,0.101811096,0.6004714
1.0571468,1.7842265,1.4987282,0.04458407,-0.42720094
2.5398557,2.957106,2.4049482,0.48580995,-0.6930956
1.4571635,0.6411343,1.7394439,0.08661288,0.75910366
0.96213406,1.6605412,0.74818414,0.050869558,-0.69722867
2.970491,2.683787,3.6880617,0.5,0.77285796
3.8665533,3.5161045,0.89766043,0.49414796,-0.7239587
2.9226043,3.3003612,3.1980407,0.5,-0.11284272
2.0507386,1.9077814,2.9385643,0.2967797,0.70058876
2.8806467,3.4838245,3.1426487,0.5,-0.38348177
3.382022,0.66778076,2.8593788,0.5,0.66584504
2.3474765,3.5629585,2.513169,0.42856413,-0.7342964
3.0692954,2.7864773,3.1931586,0.5,0.4686013
0.79005855,1.3670392,0.9036505,0.007121981,-0.646759
3.4513242,3.4030533,3.9411361,0.5,0.6578793
3.0745487,3.4099288,3.6310863,0.4973101,0.24279116
1.0624988,1.6550689,0.8102569,0.029647356,-0.75908536
2.8175201,3.2438712,3.0304067,0.5,-0.23929399
1.4187461,0.5383671,1.5209656,0.05989579,0.7008632
2.225485,2.6774805,1.0059526,0.38677335,-0.74215966
3.0331805,3.1406345,3.382604,0.5,0.3004083
2.503224,3.174923,2.6434388,0.5,-0.67990226
3.3679776,0.70586056,2.9754016,0.5,0.70735234
0.954298,0.9663468,1.1159528,0.027112024,0.27937588
2.5784752,2.4147155,3.341832,0.49184155,0.67072356
0.9387024,1.2851464,0.5647216,0.033515286,-0.677736
2.3788385,2.6941164,3.2712893,0.44538286,0.6753109
2.57066,2.0483599,1.895731,0.5,-0.23731093
2.6987073,3.0062735,2.963407,0.5,-0.056410387
0.93416524,0.701625,0.80137753,0.02565578,0.18443485
3.2852242,0.23686652,3.4522824,0.5,0.67146814
0.9437743,1.3162229,1.5478913,0.015799772,0.3600948
2.0989516,0.61460775,2.776352,0.3295397,0.7110079
1.9478787,2.8248336,2.7969973,0.26658863,-0.029339338
1.1246034,1.6903479,0.4983721,0.05052322,-0.7241799
1.0621161,1.374778,0.5993621,0.027071679,-0.64466906
0.84263444,1.7737683,0.6300611,0.02049075,-0.68763703
2.449105,3.1347792,2.2308455,0.48929846,-0.7150904
0.6078042,0.38595468,1.0127937,0.0,0.8012747
2.531541,3.2434645,3.083319,0.5,-0.18394238
0.96433157,0.88505435,0.25691554,0.04733486,-0.6601954
1.1078217,1.8068153,0.7554369,0.047928963,-0.69258475
3.4454882,3.4192843,3.5962174,0.49564692,0.19439466
2.5104234,2.1078942,2.640269,0.5,0.6290457
1.994736,0.46872672,2.989509,0.28475344,0.6810375
0.87519324,0.8842566,0.44471624,0.026506292,-0.66048867
1.2246506,1.992831,1.1355505,0.05785928,-0.71140546
2.2788553,3.0428908,3.133495,0.41873318,0.124612875
1.1269773,0.49072498,1.0595301,0.05195733,0.7006142
2.354028,2.5754879,2.8942199,0.43660066,0.37582996
0.8622851,1.3968784,0.8074211,0.0029325448,-0.69823307
2.68435,2.9374397,2.6662016,0.5,-0.3306763
2.8742843,3.1386611,3.324264,0.5,0.24428658
2.7664754,3.0825682,2.8245897,0.49682763,-0.33855158
3.001558,2.4097083,2.823568,0.4991723,0.51520985
2.3901043,3.4443598,2.968241,0.45482972,-0.5960249
1.0027463,1.6298039,0.83584946,0.03314617,-0.7269205
2.279089,2.1895802,2.7991076,0.40107527,0.69493765
3.4608529,3.263565,3.3866618,0.5,0.14940932
2.2803316,2.897139,1.961391,0.40891227,-0.7093326
1.6713482,1.958491,2.2476118,0.15259044,0.33311525
1.5629883,1.9945519,1.5415572,0.11513696,-0.47439733
2.8063724,0.53177947,2.8493266,0.4754668,0.6995013
3.2699385,0.81116456,2.5016835,0.5,0.7088139
1.8703332,1.1340985,1.5159034,0.23830387,0.49804837
2.0743845,2.0807812,2.8381517,0.3295763,0.6465125
2.8333127,3.3304772,3.0932286,0.4899213,-0.2902624
2.610313,3.1108177,3.395106,0.49214965,0.32835925
2.2512262,0.47115067,2.3554997,0.39087364,0.7250295
1.8390806,2.0445533,2.1017323,0.21657826,0.07513542
2.7740455,3.550942,3.8468106,0.5,0.35934705
2.9945605,3.8812315,3.3684268,0.48789188,-0.6123745
2.9109066,3.2476716,3.865498,0.5,0.6540807
2.6477962,3.2569406,2.5670617,0.5,-0.6865167
1.9739242,2.3287475,0.6401093,0.27452573,-0.7187649
2.7774224,3.3580859,0.4290072,0.48972237,-0.697522
2.7534704,2.9683475,3.2014673,0.5,0.27966425
1.8461698,1.7114803,1.5458703,0.24311805,-0.1471208
2.4498115,3.5174668,3.4573512,0.49118173,-0.044864442
2.7960007,3.9210937,2.1597748,0.5,-0.7240794
2.585905,2.673428,2.7052584,0.48837602,0.073963985
1.4239459,1.826145,1.2710083,0.07164779,-0.6982914
2.204218,2.4702365,2.539703,0.38818973,0.11364111
1.2349008,1.4475914,0.9868242,0.06321563,-0.6022126
2.904311,3.1877632,3.2022712,0.5,0.067535095
4.181266,4.9606066,4.5432396,0.4835977,-0.51511955
2.7001925,2.3306956,3.1206114,0.5,0.72028005
1.0912247,1.0219378,0.7251545,0.035290822,-0.4854398
2.4942904,3.2055187,2.6046205,0.5,-0.7693582
2.633571,2.8941617,2.603438,0.5,-0.3248243
1.1518209,2.0014431,1.2390325,0.06351127,-0.67049867
3.3940802,3.6040957,2.7863796,0.5,-0.71974283
3.4616919,3.7925048,4.11618,0.49277875,0.3653221
2.9368696,0.7455303,2.6372333,0.49546137,0.6721615
2.5869896,3.4935703,3.3679342,0.5,-0.19883353
0.81650865,1.508023,0.6202157,0.004943065,-0.6715987
2.420619,2.0460157,1.7032712,0.45166656,-0.38553974
2.6614358,3.1808941,1.5676672,0.5,-0.7763085
2.5011773,3.126104,3.120886,0.4916438,0.023102516
1.1597409,1.3617604,2.041358,0.072530456,0.7074631
3.319982,3.9262207,3.715641,0.49793765,-0.27862892
3.0246038,3.8362591,2.644385,0.48703527,-0.70380366
1.393504,1.5365335,0.9210548,0.07021828,-0.74729735
3.2118983,3.6613204,3.0859206,0.49858645,-0.6880715
1.077523,1.0513352,1.7336634,0.043627314,0.7340592
3.1759636,3.6469235,3.262108,0.5,-0.457589
2.6186078,1.1210188,2.097072,0.48928294,0.7450879
1.1858048,1.7477121,0.7276702,0.04915909,-0.6598532
0.53495795,1.5349889,0.846381,0.0,-0.7118623
2.0240824,1.788944,2.9186814,0.29730868,0.6899641
1.9135435,2.7204888,2.3054962,0.25361982,-0.50591266
1.24209,0.259784,1.0279717,0.056087404,0.71338964
2.82629,2.7220871,0.9364224,0.48402715,-0.7052432
3.4325776,3.6041923,4.1512647,0.48684695,0.6523169
2.3676789,2.6359468,2.5558662,0.45089135,-0.10430697
1.0947148,1.1735415,0.48584053,0.043707065,-0.72747517
3.014336,3.8183925,2.8096707,0.5,-0.7009109
0.6485147,0.79256004,0.89189994,0.0,0.11827756
2.4169536,2.812395,2.75872,0.4852488,-0.10449312
0.7343139,2.0980613,1.5985867,0.0,-0.72839487
2.5293384,0.28859702,3.4402556,0.5,0.7359517
2.3346646,2.2682395,2.4627047,0.44404817,0.27471298
1.7922357,0.6674386,1.5227488,0.19979985,0.6885761
3.2154646,3.9681807,3.2235973,0.49253964,-0.633331
2.3962467,2.5903318,2.6704624,0.458083,0.072630145
2.9854147,3.3740447,3.7767308,0.49963492,0.50090533
2.9205713,2.7732487,3.2847815,0.49666193,0.6215829
3.2312198,3.327762,2.613367,0.5,-0.666543
2.4722571,3.1557724,3.0240111,0.5,-0.14775896
2.4003248,1.9331152,0.39876428,0.45687357,-0.71498746
1.965831,1.287374,2.2407389,0.2805727,0.71048653
2.2885623,2.2290661,3.3972502,0.4300008,0.6813756
2.7783554,2.807042,2.2026088,0.5,-0.7041999
2.1045966,2.2141824,2.2173817,0.3556857,0.050421383
0.54496706,0.68944246,0.9646521,0.0,0.5011265
1.2823576,1.5021368,1.4831094,0.045922622,-0.060939558
2.3154058,2.3339782,2.9814012,0.4073649,0.71495986
1.8324152,2.6946511,1.6943485,0.22805876,-0.728161
2.437961,3.0265822,0.6345469,0.46837038,-0.7369414
1.0299331,1.1678588,1.018061,0.042170983,-0.23059894
3.3835402,4.106265,3.682427,0.49756745,-0.5293324
0.8787354,0.22284256,0.34002942,0.02122951,0.20747377
1.3478512,1.735507,0.7719932,0.054616857,-0.6970743
2.2542515,2.9207616,2.5525103,0.40952432,-0.4301314
1.8992878,1.8205521,2.366631,0.24055871,0.6551502
3.222676,3.711922,3.9818087,0.5,0.30974898
3.7355318,3.6245482,3.763363,0.4962395,0.17798531
1.7430629,2.1181507,1.716755,0.18025403,-0.5078612
3.203475,2.798154,2.560373,0.5,-0.3220348
2.4207516,3.1278179,2.7181807,0.4718516,-0.4666076
0.8021524,1.0347036,1.6376063,0.019794438,0.7048463
1.4471202,1.8963332,1.6770078,0.06941846,-0.24582846
2.7438943,2.909829,2.5096073,0.49604037,-0.48935196
1.0843073,1.9266537,1.8012463,0.035161175,-0.21722291
3.0012968,3.3780816,2.4582434,0.49212125,-0.72178626
2.6338792,3.3160589,0.7181406,0.5,-0.6616222
2.624033,2.5980577,2.4787858,0.49233013,-0.161281
2.5483499,3.0184321,3.1637013,0.49942306,0.17750968
3.5522888,4.59123,3.8644412,0.5,-0.7108164
0.7115761,1.661261,0.6052353,0.006261263,-0.6979153
3.1680667,2.0775323,3.072833,0.4966607,0.673217
2.9983532,3.3421457,3.3160617,0.5,-0.040954236
0.6810874,0.2,1.0520858,0.0,0.631656
2.0462854,2.0457227,2.3167033,0.3066225,0.3527847
0.6679837,0.661789,0.50598437,0.014370728,-0.32496044
2.7986333,3.2700598,0.7153931,0.5,-0.68772805
1.8394063,2.051624,2.9007008,0.21214342,0.65819204
2.3919005,2.2984297,3.3260612,0.47887802,0.66202754
3.9857874,4.4595747,4.7279243,0.5,0.25940228
0.7333637,0.39405888,2.133389,0.006161942,0.6566366
2.3921974,2.2535536,2.2258747,0.46105847,-0.047669657
2.887126,2.923632,2.7272248,0.4970421,-0.24368052
2.3039985,2.4040632,1.7747507,0.4070091,-0.6500473
2.6836383,2.9982684,2.8333628,0.5,-0.20138158
2.2930908,0.648908,1.9148598,0.39536035,0.65231854
2.8019462,2.7852252,3.6831617,0.49701256,0.69023407
2.5604453,2.955334,2.8232336,0.49729574,-0.10733886
1.2087523,1.5019486,1.2168826,0.053428188,-0.33987826
2.6051939,2.8984108,2.3058078,0.5,-0.6800281
2.4463096,1.8907762,0.5094973,0.48942274,-0.7350526
3.2612028,0.4644881,3.1557662,0.488814,0.66720057
0.73258305,1.1992391,1.7271025,0.016511854,0.64415586
3.6257906,4.2358937,4.3754086,0.48622614,0.15582731
2.0220652,2.3440297,2.5706408,0.29402882,0.25311676
3.315797,4.051474,2.3900893,0.5,-0.720818
3.4822805,3.91114,3.6437273,0.5,-0.3450498
2.271699,2.2757328,2.3711169,0.41541818,0.120302804
2.380903,2.4609618,2.1983936,0.45652997,-0.32870892
0.9870975,0.9398659,1.2351387,0.052012544,0.497988
2.9911864,2.6804118,2.70336,0.5,0.02206389
1.1786025,1.6975836,1.0642071,0.054239366,-0.6921
2.6043043,2.578743,2.3557513,0.49884725,-0.30504864
2.447107,2.9795477,2.262954,0.47159916,-0.6824663
1.9901775,3.0572746,0.47608334,0.28159058,-0.7349699
1.9685878,0.45809764,2.249181,0.279377,0.6720137
1.1023511,0.7566129,1.5347416,0.035024434,0.66883
2.6640525,0.6033126,2.4470718,0.5,0.6200754
1.2267928,1.6718081,1.9329479,0.06488054,0.41093704
2.679513,3.077678,2.3902144,0.5,-0.72169167
2.228247,3.1231487,1.8038088,0.3804687,-0.6928461
3.4483144,3.3731863,4.0430107,0.5,0.71395147
2.457761,2.1456513,2.440999,0.4844493,0.33869678
3.281402,0.39769477,3.587002,0.5,0.6485264
0.6371393,1.4555067,0.20532352,0.0,-0.69371307
2.781799,0.44117063,2.9109979,0.4956161,0.6987833
2.9449484,3.5359912,0.47623658,0.4973257,-0.67463034
1.3897177,1.5202082,1.471926,0.058897097,-0.07700722
2.282651,2.1065445,2.3125105,0.40122178,0.24282885
0.8652726,0.719322,1.1838251,0.0128502725,0.7318806
3.0638566,0.7307176,3.3560386,0.5,0.7440166
1.8529441,2.3998182,2.3512042,0.22653946,-0.026388207
3.0545743,3.987401,2.2074509,0.5,-0.69477326
0.91792035,0.2,1.912347,0.020757696,0.71994925
2.4900558,0.6038328,2.5345674,0.4933348,0.6666901
0.7987333,0.9965393,0.76857877,0.025132542,-0.42216566
2.6124213,2.6782267,2.9768207,0.5,0.39529824
0.79564816,0.8855059,0.8717316,0.018633345,-0.013693449
0.89214766,2.1882987,1.1217402,0.016923172,-0.7091191
1.352736,1.2169297,1.3179829,0.06466116,0.16831052
2.3402085,2.4170523,2.8279843,0.4350927,0.5290026
1.8591889,0.5984588,1.3404294,0.23947956,0.7229317
0.6404647,0.23261255,0.91189057,0.0,0.6679115
1.9001712,2.3431926,1.8247958,0.26394033,-0.63166094
2.6719015,2.1154916,2.0081222,0.4842093,-0.028573235
3.3765755,0.992491,4.1597075,0.49848768,0.7181622
3.1636238,0.5405577,3.1996849,0.5,0.65659636
1.8744805,0.2428735,2.6356242,0.23575538,0.69673896
2.129089,1.8635471,2.689619,0.34823135,0.6384824
2.0448475,1.88126,1.8790729,0.30448374,-0.014384969
1.0492096,0.43983305,1.8107405,0.04634131,0.6995149
1.2287914,1.7204329,1.3573768,0.072254926,-0.47548538
3.0287063,0.6553488,2.963039,0.5,0.7667282
0.67675024,0.8586463,0.39446515,0.0,-0.7520455
1.8507434,1.3960137,1.6283584,0.24643345,0.2853784
2.094951,2.6745434,2.4906929,0.34878355,-0.23201002
2.4321163,2.338427,2.2460864,0.47500843,-0.13041823
3.041383,3.6754434,0.72312945,0.5,-0.68261975
2.5066943,2.3227766,2.4564416,0.4822855,0.18550459
3.0184612,3.3254154,3.629476,0.49569494,0.37686205
2.5536394,2.3713632,2.558111,0.49631116,0.23632105
2.7463496,3.3812082,2.905072,0.4984712,-0.5676522
2.0491626,1.6627852,2.1528192,0.30022794,0.57777613
0.89574397,1.2103453,0.3414368,0.028976964,-0.7238132
1.8553103,1.4804381,2.0856993,0.22241414,0.6469872
3.0151231,2.9511418,2.7099934,0.5,-0.3324837
2.4264414,2.9509194,3.5780327,0.46584418,0.6657205
0.40065694,0.2,1.0038171,0.0,0.72076803
2.9033337,3.2991204,3.58862,0.5,0.27751768
3.2040718,3.7639456,4.003354,0.5,0.28357998
0.7182552,0.2,0.7566243,0.0,0.72660124
2.885521,3.2924638,3.526297,0.5,0.26663634
2.4425402,3.2637327,3.3646417,0.4824814,0.09496355
1.2935536,1.1544148,2.2464187,0.044482753,0.6967112
0.94756997,0.70950854,1.6483082,0.024225736,0.68020135
2.4188514,1.8389268,2.596079,0.47225043,0.7028622
2.7538455,2.442955,3.5841253,0.5,0.75942934
2.2191133,2.926621,1.793378,0.36767507,-0.6824686
2.4702632,2.4027658,2.3016758,0.47910053,-0.12989555
2.7382987,3.124526,1.7439859,0.5,-0.6588465
1.9829941,1.8597524,2.0192547,0.2827371,0.15410534
3.6775606,3.7953322,3.6200821,0.5,-0.16588153
3.1104436,3.9195201,3.1029084,0.5,-0.7055309
2.9408529,3.77757,2.9713297,0.5,-0.7129808
2.5503898,2.737847,2.1420014,0.5,-0.7217231
2.141553,2.1672585,2.699129,0.35320386,0.59367657
3.2044616,3.0317774,3.264403,0.5,0.2818502
2.9566817,3.5887275,2.947561,0.4916125,-0.69059503
1.101008,1.1381779,0.5950166,0.043211177,-0.71048844
0.99329704,1.8468806,0.7018109,0.020956054,-0.65550864
1.6748192,1.0181012,1.362675,0.15852968,0.48867545
2.570338,2.6513262,3.013794,0.5,0.4543258
1.0503111,1.1512352,0.5719775,0.026196836,-0.70870346
3.340303,3.7879436,3.6159647,0.5,-0.17940061
3.1971254,2.7127774,3.8384676,0.5,0.7599563
2.5927205,2.7404723,3.2369785,0.5,0.5917813
2.5433428,3.2152846,1.9301933,0.48311892,-0.7251869
0.2,0.51487213,0.5924539,0.011557719,0.13211955
0.8800345,1.2940488,1.2275496,0.011801905,-0.12335345
0.93048126,0.71335024,1.6327146,0.029794289,0.711538
2.9687715,3.1020935,2.6462493,0.48057935,-0.52823055
3.273256,2.9524238,3.6786306,0.49025354,0.63475174
2.2767515,2.9643285,2.7846737,0.41372082,-0.24751633
2.113989,2.5302854,2.2753375,0.32959327,-0.33824882
4.123971,4.3695803,3.6948078,0.49312565,-0.7150084
0.857568,1.1846513,0.2,0.015745388,-0.74277794
2.4447176,3.2631423,2.936583,0.4699525,-0.42575386
3.3565903,4.547939,0.44652387,0.5,-0.75900763
2.4122434,2.6606722,2.2865682,0.46683842,-0.37727684
2.8225427,3.0492096,3.3891742,0.5,0.39777878
2.2288308,2.6510236,2.2460043,0.37935996,-0.5555073
2.6542816,3.5241408,2.291039,0.5,-0.67404985
2.4192855,2.9977324,2.8482676,0.4745647,-0.20619814
2.1800594,2.5349739,1.4509284,0.36968914,-0.71341866
0.91908956,1.4785256,1.1289207,0.013579093,-0.52998495
2.1866848,2.6017265,1.5925972,0.37299964,-0.7441714
1.3337736,0.79913384,0.8953409,0.073032215,0.15671094
2.4111109,3.154596,0.44533426,0.46872404,-0.66191524
1.579554,1.3468553,0.6720398,0.10536215,-0.6898196
2.9380293,3.1260026,2.1175213,0.5,-0.76865506
1.1414659,0.9196994,1.7125286,0.043749496,0.7146063
3.9597774,3.9824886,4.7165713,0.5,0.69913733
2.5809305,2.9938154,2.939682,0.4783338,-0.031496424
1.0819999,1.9422412,1.1929129,0.052230716,-0.6989063
0.36702815,0.36657155,0.5821948,0.0,0.40249074
3.199964,4.174614,2.6356118,0.5,-0.67330384
1.1469512,0.8846221,1.30415,0.031773165,0.6523977
2.7842813,2.3589394,0.27481848,0.49052122,-0.74717367
2.592577,2.3630896,4.626663,0.5,0.67797494
3.1077538,3.712914,3.9150047,0.5,0.18920541
0.650821,0.34299567,0.7560289,0.0,0.68793815
1.826218,0.5187637,1.5326262,0.21851467,0.6743355
1.0306164,2.0841506,1.4021465,0.039345443,-0.65010065
2.4564118,2.6362975,2.6240163,0.48831376,-0.068764195
2.7071476,3.5884876,3.047236,0.5,-0.66135323
4.0946126,4.814294,3.781624,0.49087104,-0.73330337
0.91061026,1.5877436,0.30244616,0.020420633,-0.7422392
1.3757571,2.2103693,1.7827349,0.06568226,-0.5651882
0.76808685,0.80569017,0.7172607,0.0,-0.18407798
2.9763894,2.6419725,3.1304443,0.5,0.5849972
2.7865956,3.1950104,2.4456506,0.49884084,-0.6483648
1.0870558,1.0811712,1.8311008,0.047145743,0.7054611
1.9831011,2.470501,0.61208767,0.2810721,-0.6159309
2.3685048,2.998104,2.9414797,0.45719585,-0.082933046
2.0753663,1.8930944,2.2018535,0.32530653,0.36928603
2.5039067,2.3787756,2.5353215,0.5,0.29391056
2.6781063,2.8806586,2.946128,0.5,0.101098314
2.287708,3.0984383,2.345543,0.38800398,-0.769688
3.53307,3.2959151,3.533595,0.5,0.30764037
0.8079821,0.5222989,1.0968751,0.020554138,0.678711
0.61451006,0.2,0.5765045,0.016213171,0.6585827
1.9906744,2.984434,2.4012592,0.26255175,-0.64962846
1.4741437,1.8395927,2.3031673,0.08870897,0.54804385
2.5072484,3.012931,3.96833,0.4872072,0.6985272
2.5655382,3.0641685,0.3963855,0.5,-0.701567
0.9770841,0.2,1.5600063,0.042741377,0.65000135
1.9829094,2.0471213,1.1462286,0.26973635,-0.75094736
1.008081,1.1687114,1.2135943,0.032273255,0.08072047
2.3991642,3.1898935,2.2652986,0.46573073,-0.7213197
2.4364593,2.667461,1.9392813,0.49433094,-0.6973599
2.670653,3.5839517,3.4261172,0.4953208,-0.20318891
1.0298606,2.078551,0.38763657,0.028775983,-0.66151863
2.6332507,3.1613972,2.4135897,0.49801472,-0.71684223
2.375336,2.631753,1.6812702,0.4479939,-0.670063
2.8407855,2.4897223,2.9266937,0.4872126,0.50472337
2.1582615,2.7422051,2.9181688,0.37378633,0.25135896
1.9795578,1.9750316,1.519825,0.29060754,-0.5587793
0.85495245,1.7126017,0.7589358,0.0,-0.6678262
2.2078526,1.6845618,2.8170178,0.36628374,0.68398887
1.8380303,1.6621685,2.6049864,0.22665323,0.6498238
1.6164382,2.2348142,0.57448554,0.124296956,-0.7265192
2.8907137,4.0038605,2.4733353,0.48913038,-0.6894024
3.3697684,3.9608104,3.4192562,0.49590647,-0.6883355
1.2737162,2.084958,0.37247077,0.05400468,-0.6911406
2.286547,2.6280417,2.1780908,0.4109326,-0.5589256
1.5882443,0.33266956,1.1001478,0.12021941,0.7123499
2.7070003,3.0769722,0.9022394,0.5,-0.6833078
0.5438402,1.0330544,0.5625155,0.0,-0.7134478
0.6897753,1.0466588,0.20898841,0.014263262,-0.7343479
0.5310169,0.7085375,1.0150111,0.0,0.5872946
1.210075,1.704636,2.2556376,0.047627024,0.6877795
3.4323206,3.8518271,3.821483,0.4843326,-0.0491352
0.9171192,1.3966906,0.64138645,0.031786926,-0.65067756
2.3642333,1.5227926,3.6314893,0.45763066,0.6848875
2.4848936,2.3187618,2.738066,0.4844365,0.52809614
1.2214072,1.153256,1.8012519,0.04822982,0.6655729
1.0678077,0.5887994,1.1085802,0.049140103,0.6963945
2.2154534,0.72998065,2.0216713,0.38064256,0.70298284
2.7829883,3.4651706,0.35869622,0.5,-0.6766075
1.182125,1.5261313,0.89379305,0.055605516,-0.71042365
1.7770597,2.4948704,1.742225,0.20289646,-0.7439475
0.82478726,1.4567018,0.9020055,0.0054411693,-0.6840472
1.9309591,2.6714008,2.7908537,0.25844142,0.14585887
1.2172529,1.4631776,0.7440076,0.05969746,-0.7306883
0.92259324,1.7796395,1.6729754,0.00855554,-0.13675803
2.4035907,2.2447908,2.9478242,0.45873314,0.6778422
2.8464942,3.7333615,3.300677,0.5,-0.51410544
2.812104,3.5091329,3.364195,0.5,-0.17045969
0.8394216,1.4043896,0.42723167,0.0036739013,-0.6485138
3.053991,3.2278204,2.5187752,0.5,-0.6243001
2.741099,2.6125119,2.0451765,0.5,-0.69377166
0.6678655,0.9623167,0.5907025,0.0,-0.7099588
0.9942948,0.43571702,1.3522881,0.04006969,0.6823049
0.88998336,1.6670942,0.6472727,0.024017846,-0.66495204
2.434495,2.3999894,2.9050682,0.48017392,0.615966
0.53849876,0.5262831,0.62829113,0.018502718,0.19206168
0.610969,0.2,0.8416964,0.0,0.724219
2.6474178,2.382473,3.1406622,0.49795708,0.6798285
1.1374522,2.6474125,0.6215421,0.043307863,-0.71545655
2.4565315,2.4088967,2.1248205,0.48211038,-0.3091191
0.9900013,1.787679,1.9586885,0.019224994,0.27394602
1.0610317,0.6150602,1.5631174,0.03425141,0.74538356
2.9962432,2.5610745,0.5928127,0.5,-0.73931974
1.7989624,1.9519231,1.8646704,0.21750413,-0.1568722
2.9110878,3.235825,3.2391646,0.49485317,0.020520551
3.1657593,3.072715,2.767779,0.5,-0.3991011
2.9594307,3.1465597,3.5463789,0.5,0.52477694
0.7715059,0.50914437,0.366121,0.0,-0.33483446
2.9432688,3.7808316,3.969646,0.5,0.25416654
3.3358943,4.6005793,4.0673294,0.49743938,-0.6103127
2.5481613,3.253906,2.4801855,0.4898359,-0.73049945
2.5905497,2.1035984,2.284491,0.5,0.22224747
3.90101,4.3072934,4.127698,0.48951006,-0.20550236
2.8015168,2.763988,2.2923763,0.5,-0.50821483
1.9691428,1.9423499,2.0498316,0.2759947,0.1383872
3.104439,3.7009335,3.3175437,0.48835683,-0.46059018
0.83475125,1.0874113,1.1999536,0.014110017,0.18937713
2.199296,2.4719448,2.9311984,0.3786573,0.53690654
1.910217,2.127898,2.556589,0.24750648,0.51603013
0.8688689,0.5951021,1.53321,0.026206182,0.7107901
0.42560604,0.21479686,0.784292,0.018463174,0.7366149
1.8944376,1.9036176,0.46187583,0.24194998,-0.6502704
0.4003222,0.41472647,0.2,0.0029782045,-0.42696
0.7742522,1.2194629,0.2,0.0112323295,-0.7271164
1.2440954,0.7247576,1.4408765,0.047031943,0.7173197
2.935463,3.0068607,2.5463352,0.5,-0.62445885
1.4926829,1.8444113,1.7984612,0.08761511,-0.01580427
1.9125451,2.6347747,1.0073673,0.2517266,-0.66923296
0.7998017,0.9177605,0.4230692,0.014618486,-0.67443883
0.69750327,1.1162299,0.4467266,0.0,-0.6288337
4.0193586,4.3722205,5.754324,0.5,0.6388271
2.6410122,0.47669888,2.4077108,0.5,0.7030155
2.6303716,2.2033048,2.598071,0.49961,0.50497794
1.1301332,0.87849694,1.363383,0.03380125,0.70890534
0.7105256,1.4170554,1.2665014,0.0,-0.24334206
2.9020224,2.2898028,2.6894324,0.5,0.53745174
2.7959783,3.779569,1.9567585,0.49939764,-0.6569993
1.8538405,1.6735052,1.2396125,0.21875913,-0.51685125
1.0459646,0.36630023,0.51335895,0.030780455,0.2499859
1.3295918,1.2364981,2.177928,0.06402325,0.6997093
2.7640653,1.8485111,2.4405212,0.49715853,0.74454486
3.217369,2.539425,3.7202156,0.5,0.7074862
0.94541913,1.2559232,0.86794335,0.0343332,-0.65732384
0.57814187,0.20393302,0.7055117,0.015249215,0.7129965
1.8184676,1.2935045,1.4700367,0.22101535,0.21860936
1.2058498,1.4825952,1.6628035,0.042209856,0.26973322
1.8464268,2.1135304,2.3214703,0.21728446,0.24295868
2.128508,2.5041704,1.4985237,0.34347895,-0.7574453
2.2243326,2.5568433,2.0123756,0.38038364,-0.6663581
0.2,0.2,0.2,0.0,-0.013547375
2.4544904,2.9276783,2.8435562,0.48066258,-0.079253525
1.0598896,0.7426821,2.414873,0.043227937,0.7351679
1.8364847,2.0924766,1.736844,0.21685272,-0.4603111
1.8560455,2.2862399,0.6856048,0.23331262,-0.70238364
2.6295543,1.5346413,2.5068166,0.5,0.707103
2.254942,0.6485841,2.6145744,0.390153,0.7242444
0.6563244,1.5864291,1.1148149,0.009367305,-0.708301
3.0033762,2.9025216,3.0482666,0.5,0.1528757
3.5866916,4.018988,3.2214682,0.5,-0.7180738
0.8577386,1.0846393,1.2011397,0.017373756,0.23812461
3.691491,3.6202965,3.9424484,0.5,0.3521682
2.8506904,3.246845,3.1533592,0.5,-0.13358183
0.94565344,0.89529306,0.7407071,0.008161149,-0.25943956
3.2702003,3.2282171,3.8709402,0.4883996,0.6956463
3.0642135,3.0079474,3.3184395,0.5,0.35683545
2.0564866,1.9846998,2.2580838,0.29841435,0.2682381
3.273168,2.9321525,3.9297068,0.5,0.64514667
2.3447523,2.3534522,2.4338384,0.44384238,0.11645912
0.66252697,0.913671,1.3140737,0.0,0.7457813
2.7201445,2.7025974,2.5585477,0.49605393,-0.23109582
1.0198532,0.9942482,0.67280954,0.035117984,-0.5576072
2.792937,4.2966523,3.0223367,0.5,-0.732462
1.7762673,2.3607128,0.90398735,0.1838012,-0.6999334
3.8798263,3.22572,4.198008,0.5,0.71190953
3.1357603,3.4091566,3.7915592,0.48295286,0.4379431
2.2402098,0.55759895,3.6563072,0.39925173,0.645261
0.7697452,2.7590458,1.4632803,0.012867246,-0.65072364
1.4092996,0.7956203,2.3738441,0.06395826,0.6982939
1.9249353,3.2236917,0.26046807,0.2660311,-0.739646
3.1216257,3.0167472,3.9895225,0.48924345,0.6750061
0.49544132,0.30104434,0.8223285,0.0,0.74546504
2.1849756,1.7802904,3.180705,0.35009253,0.66111374
2.1470184,2.7585995,1.3141079,0.34566122,-0.6333999
2.3130474,2.0849445,1.9641236,0.4248264,-0.15981007
1.992293,0.79868793,2.015293,0.28743452,0.652524
2.7288263,1.3201289,3.3537629,0.5,0.6863137
0.8163488,0.85572493,1.3497639,0.012075167,0.70440906
3.0279696,3.2713342,2.74406,0.49532175,-0.63572705
2.137035,1.6386157,1.5420041,0.3512469,-0.10573013
0.9008545,0.23795925,1.0349411,0.020944972,0.70949876
2.0054715,2.8015563,1.980398,0.2882771,-0.7225066
3.0602405,3.86501,3.0864964,0.5,-0.6670296
1.7805233,1.7678578,1.7945224,0.18353486,0.035317756
0.8960288,1.0862193,0.9710412,0.01721176,-0.17551175
2.3052278,2.0514514,2.957029,0.41651207,0.70667934
2.9310143,3.0915773,3.6646798,0.49987724,0.6871058
2.968178,4.4128814,3.0004046,0.49684682,-0.6990637
0.9108533,2.0630944,0.98515934,0.039873783,-0.68985516
0.96947056,1.3353285,1.572431,0.040729716,0.40378523
2.285394,1.5726651,2.6063552,0.41522706,0.7474193
0.91459125,1.3580796,1.5654012,0.015505874,0.3285907
2.223097,2.25474,2.6542492,0.37000123,0.43325442
0.65522456,0.6010642,0.80222225,0.011590982,0.3517255
1.8961062,2.0735724,2.24229,0.25015303,0.19749369
2.8719988,4.067119,2.1061194,0.4930294,-0.6321731
1.387729,1.6363846,0.80986565,0.058738627,-0.6863124
3.1880443,3.972817,4.150903,0.5,0.2099008
3.9913852,4.3485856,4.6974616,0.5,0.3838277
0.9382063,1.2801919,0.99169886,0.0340375,-0.50549555
2.7032125,3.2072055,2.313237,0.5,-0.7578191
2.318991,2.406919,2.897264,0.4325799,0.63304114
3.2191405,2.7360134,2.448787,0.4954748,-0.3777345
2.491474,3.4925294,2.881958,0.4875295,-0.6241042
3.1455896,2.5862112,3.3655455,0.48472467,0.7295368
2.3537881,2.7016761,0.84023416,0.4510099,-0.6961427
3.9527154,5.028095,0.74226105,0.5,-0.70943815
1.3440852,1.7233613,1.9912403,0.058476914,0.35543814
2.8255615,3.2746727,0.45779198,0.5,-0.69011354
2.5887008,3.0914948,3.6061134,0.49559522,0.5818332
2.5538044,3.3427176,2.4752061,0.49997655,-0.70268536
2.7440195,3.6561456,2.7055442,0.5,-0.7490097
2.620102,2.0973203,2.8488042,0.5,0.71590334
2.757155,3.617696,0.8135276,0.5,-0.74121296
2.8253453,3.026097,2.2486093,0.49429634,-0.71436703
3.722711,3.475481,0.5324155,0.48981154,-0.6782049
0.9540223,0.30035323,0.79952234,0.02577721,0.7028574
3.7231388,4.0377164,4.172163,0.47972143,0.16317113
0.6554767,0.65093976,0.31016192,0.0,-0.6896567
1.6056179,1.791239,1.8354994,0.12082992,0.0060270517
0.680372,0.93435436,1.7513001,0.0,0.70283514
3.4407372,3.787789,2.9938076,0.5,-0.6917837
3.132332,3.7285511,2.9320982,0.491357,-0.7198461
3.6028044,4.4003367,3.912696,0.5,-0.58465284
2.8096921,3.58955,3.4860942,0.5,-0.15919206
1.3835043,2.3913932,1.6662053,0.06878603,-0.7228376
3.352554,3.4529233,4.0808105,0.4967266,0.6844197
2.9820821,2.8076925,3.6293867,0.5,0.7229041
3.5286775,3.5522285,3.0839257,0.5,-0.6104466
1.6940128,1.6523255,1.7469345,0.16550884,0.089393355
1.8676319,1.401995,1.1075143,0.2271186,-0.36333916
2.6251833,2.6711106,3.109895,0.5,0.5633772
3.4181497,3.9209127,4.699178,0.48755574,0.69280934
3.5674958,4.4100046,3.468806,0.5,-0.7640286
2.1615062,2.3326201,2.2521574,0.3564073,-0.1468529
2.3802764,3.083426,2.2076414,0.4516893,-0.71247715
4.340171,4.514356,5.2668967,0.5,0.7188968
1.2196916,0.20789589,1.714718,0.05046114,0.69751465
2.9734106,0.65623,3.109585,0.5,0.7275127
2.3148127,2.6784163,1.8615881,0.40313995,-0.7286446
2.8531322,2.2491062,2.931375,0.5,0.67772835
2.0903618,1.5857614,1.7811404,0.33215842,0.21120696
2.0532384,1.4826237,2.185139,0.31311023,0.68011165
0.8816316,1.0196899,1.1175402,0.026644014,0.23513171
2.319075,2.5897148,1.9996651,0.40369067,-0.6540151
2.4540317,1.7867389,2.4187195,0.4823317,0.71394604
1.1899016,1.7829305,1.8733985,0.040787302,0.15120468
3.7693603,4.0161405,3.6473103,0.4858703,-0.42424786
2.2500613,1.7737453,3.239524,0.3982729,0.68889886
2.0267682,0.6852824,2.4154055,0.30200204,0.7694521
2.6325524,2.4361348,2.901608,0.5,0.5672992
0.5558344,0.46102688,0.9737864,0.010930281,0.68439823
1.5912532,1.1493841,0.72167474,0.11889523,-0.5045199
1.0786992,1.2793213,1.7638242,0.025586534,0.6635594
2.6985743,2.776752,3.4306774,0.49323487,0.73441017
0.63699305,0.6900432,1.1052924,0.0,0.6753474
0.4924961,0.58961993,0.21181674,0.0,-0.68900424
0.66403574,1.0357394,1.1395298,0.0,0.19147241
0.76231444,0.88728565,0.4865523,0.011492548,-0.70548785
2.568684,1.7837882,3.1319504,0.5,0.72173303
2.6522167,2.8380537,3.2020762,0.5,0.46041974
2.674966,2.3123095,2.6947696,0.4877639,0.4536497
2.158454,2.9826806,2.5030646,0.34442067,-0.5802926
2.0852535,2.4692328,2.457288,0.32854784,0.027306752
2.4730263,3.1369119,3.3192942,0.47114852,0.13592987
2.7892969,2.7065551,3.2677796,0.5,0.70983106
2.1976416,2.85614,1.9902763,0.36922377,-0.6826504
0.9129938,0.5556156,0.2507837,0.017486185,-0.46911472
2.1017878,2.2593067,2.953376,0.3359116,0.68621916
0.9374765,0.62423694,0.4355643,0.015937783,-0.3395206
2.2953978,2.8503716,1.9391273,0.41373903,-0.74599147
0.83500147,1.8696983,0.7637649,0.011921349,-0.67962056
1.1347266,1.5797807,1.0770395,0.031340756,-0.7463842
3.3689663,2.7704086,2.7441285,0.4937286,-0.0013649456
2.4196463,2.288251,2.693075,0.45797777,0.4441349
0.9041407,2.6150968,0.5656446,0.020553572,-0.67597544
1.2449028,1.8115169,1.6834614,0.05978647,-0.1802377
0.9679181,0.8150686,1.3888732,0.016489908,0.7002876
0.85044634,1.4438233,0.35779098,0.028338492,-0.6772589
2.7505126,2.9579973,3.219498,0.5,0.24242452
1.0022277,2.4770944,1.4903302,0.02223028,-0.6883667
0.8946185,1.1300381,0.405386,0.011036877,-0.6895641
1.1272743,1.2492172,0.8982735,0.024651753,-0.5301269
1.9045349,2.001264,2.0193336,0.24381542,0.030570468
3.7540257,3.765173,4.3420773,0.49770024,0.6469555
2.3113916,2.2057528,2.5423393,0.42288694,0.38828975
2.3705492,1.9840248,2.4631658,0.4443123,0.56475127
0.6632222,0.62227625,1.1592109,0.002305502,0.7613166
0.59656763,1.1437625,0.2313086,0.0,-0.7167238
2.9656188,2.9965444,2.6250353,0.48413593,-0.4533021
2.8414276,2.7902482,0.77023333,0.49673313,-0.6782387
2.2624152,1.7783867,2.4205568,0.37369546,0.667805
0.9187608,1.5270272,0.63996315,0.02983956,-0.7074156
2.9801219,3.93739,3.2516212,0.5,-0.68881303
2.2336054,2.0027676,2.5915723,0.39366975,0.7071123
3.4887245,3.3828132,3.3456638,0.5,-0.072308026
2.551623,2.3071325,3.5117688,0.5,0.6730025
3.5738378,0.53474027,3.2633355,0.5,0.7139003
0.67807114,1.436256,0.78248173,0.0,-0.65837187
1.1158664,1.3382168,0.7513233,0.040111195,-0.68919146
2.0395522,0.6566538,2.5876284,0.30452734,0.74663776
2.2134569,2.5794415,1.9289415,0.38279718,-0.75762194
3.095474,3.4621534,3.350588,0.5,-0.10689429
2.4600863,2.868509,3.1780312,0.4775035,0.38160434
4.17746,3.8524318,0.5687071,0.5,-0.7160097
2.9335027,2.5127792,3.146692,0.49540707,0.7074849
2.1871266,1.6161176,2.1955247,0.38149065,0.7462559
0.6137554,1.3475364,0.75803477,0.0023884436,-0.65846914
2.4635115,3.2655072,2.608428,0.49093643,-0.72241855
0.9341894,0.3718244,1.3248327,0.026124392,0.71063244
2.4163935,2.242765,1.9599037,0.4588872,-0.2987039
2.8410318,2.6989503,2.9267714,0.5,0.29635113
2.7033389,0.24321021,2.9371972,0.48772871,0.68705624
2.5792625,2.8792093,3.2674885,0.5,0.45561808
3.2156324,4.212044,3.7090218,0.5,-0.6613314
0.46062392,0.5771706,1.4379741,0.0,0.6833544
1.4824786,1.0036942,1.6713259,0.08823247,0.6779559
2.195229,2.026064,1.7667589,0.35508132,-0.3438994
1.7906187,1.5330192,1.904185,0.18972753,0.45486107
2.0660496,2.8206022,1.4719003,0.33361867,-0.70574176
0.49451593,1.691877,0.2,0.0,-0.7065202
2.4653802,2.9557993,2.3571506,0.5,-0.7050345
2.7828548,2.6328087,3.155395,0.49302572,0.68431437
1.1837049,1.577183,0.96791506,0.051472753,-0.71215427
1.2863207,0.66787237,2.1716719,0.06952764,0.67088777
3.5423746,3.6356366,3.887706,0.5,0.32334843
2.3364089,1.7272209,3.1521304,0.4201847,0.6968319
1.4491473,1.8291186,2.5353742,0.08013612,0.7072095
2.365245,2.4895434,3.0587437,0.45274517,0.7228075
2.6612017,3.2762566,2.616161,0.5,-0.70678544
1.2880698,1.7575985,0.9056503,0.056926545,-0.64914626
3.2937083,3.2984374,3.0514598,0.5,-0.2951492
0.69000727,0.5627699,0.9991944,0.0020660611,0.70577705
1.8670907,1.4984472,1.8759794,0.21208115,0.4953394
0.6224744,2.1607435,0.29330912,0.00479856,-0.69176286
3.0067432,2.6013114,0.9121178,0.5,-0.655532
3.1264565,0.698768,3.5950484,0.49370185,0.70257056
2.17022,3.0028007,1.9251,0.35836282,-0.70921296
1.779432,2.1082454,1.719925,0.19898444,-0.46906528
2.669062,2.3888826,2.157728,0.49921173,-0.23019157
2.802808,2.6357658,3.0453923,0.49251986,0.48121828
0.7374909,0.423013,0.7393523,0.008044566,0.62399846
2.2418025,0.8686933,2.964302,0.39516696,0.7067002
2.4801052,3.1561356,2.7184513,0.49579263,-0.52915525
2.6553326,2.9983165,2.4164128,0.49672833,-0.730221
3.1638825,3.4462605,3.4213326,0.48641485,-0.029661432
3.3495753,2.879291,3.459731,0.49105403,0.6798199
3.6181796,4.608852,0.36712155,0.5,-0.6543544
3.423833,3.5053177,3.471064,0.48411554,-0.025085479
3.7385345,3.6922643,3.1650672,0.49917346,-0.6038655
3.2191854,1.1882799,3.4312832,0.5,0.6865153
2.2687097,1.6376188,2.5718515,0.3978283,0.6857374
3.539376,3.699205,4.2198396,0.5,0.6198262
1.8026986,1.8567398,2.0066886,0.20379807,0.17719236
0.8718466,1.0027324,0.57300746,0.00013250961,-0.7052312
2.056885,2.8339906,0.61734885,0.32171464,-0.7175856
3.1517155,2.6423206,2.8149266,0.48173994,0.21926512
0.89174914,1.1469738,1.2982936,0.010278059,0.24411042
2.824975,2.7882078,3.734303,0.48914787,0.75537837
1.3681585,1.4375787,1.5903237,0.060459666,0.21010931
2.0619855,2.64054,1.8105283,0.31868604,-0.6690046
2.859415,2.939936,3.1906574,0.4954671,0.2754366
2.960739,0.6023066,1.955132,0.48953804,0.6732315
0.82281816,0.2,1.0696257,0.0003211334,0.71495175
2.6236393,3.2038493,3.1198127,0.4944959,-0.09334401
1.7323966,1.1072551,1.4959453,0.18146954,0.4731964
3.6730719,3.638731,4.3535595,0.49519676,0.6917443
2.384505,2.1484103,3.2322598,0.45119447,0.6662951
3.0814693,2.1506402,3.5492938,0.5,0.684711
3.4391909,3.7163315,3.8646128,0.5,0.17590322
0.843186,0.8195923,0.22126465,0.0059683127,-0.680303
2.6799138,3.1596525,3.0807793,0.5,-0.09478335
2.782346,0.5378591,3.5323834,0.48664346,0.69342095
2.4324615,2.9818773,2.6223,0.47379783,-0.414932
3.1295178,3.5440729,3.7732968,0.5,0.28309476
2.1660194,2.6984751,2.4898992,0.36183056,-0.18906882
2.5990021,3.289634,2.887615,0.5,-0.52812076
2.3944237,0.22447397,2.7889504,0.46045667,0.7490611
4.013078,4.2651987,4.1057367,0.5,-0.18855795
2.2123332,0.89110583,2.017996,0.36831892,0.6968025
0.78610235,1.0410944,0.83875847,0.028606573,-0.35783932
3.7191615,4.113921,3.7155042,0.5,-0.51078504
2.104564,2.463006,2.4637303,0.321702,0.001043897
2.7075484,2.7698457,2.4407187,0.5,-0.39868483
1.9964557,0.6002392,2.790499,0.29338184,0.7166659
1.3850491,2.364194,1.7183926,0.06486668,-0.68681014
2.0995076,1.9058911,2.911362,0.32934138,0.70927554
2.2186513,2.4801245,2.3648787,0.3892929,-0.13668846
2.2592852,0.23703106,1.8036436,0.40458113,0.7233508
2.451024,2.1251554,1.9716352,0.46017167,-0.18583305
2.6050518,2.148724,2.5049136,0.49579307,0.45442155
0.80398154,2.3716068,0.4757312,0.01754966,-0.7360547
2.7909565,2.7807105,2.2335987,0.49277058,-0.681767
1.1134721,0.83865076,1.3743392,0.0432544,0.71706986
3.3289833,3.2005641,3.694358,0.49664304,0.5724139
2.4235768,2.4323373,2.5418952,0.4740941,0.11425846
0.7008704,0.81545115,1.5494891,0.0,0.6522494
2.2044744,2.4259787,2.3108203,0.38713187,-0.16755673
0.8024329,0.29525146,0.8897025,0.006724196,0.6846371
2.8284137,1.6202977,2.9124727,0.49181232,0.67665523
2.3695643,0.6364032,2.9396262,0.45997527,0.71341527
0.7779718,0.98512983,0.28630155,0.014930147,-0.67423373
3.1078308,3.9009898,2.372784,0.4769824,-0.7257287
0.8874477,0.7821303,1.2104192,0.011126683,0.7597087
0.9630006,1.0086702,1.2866718,0.032398246,0.4438467
3.2456017,3.1928706,3.7450347,0.4914881,0.6142541
2.8974185,2.8002431,3.1335306,0.49920985,0.4621901
1.2100139,1.5565279,2.313223,0.044203702,0.71463007
1.7507685,1.6421182,2.3700695,0.2004776,0.6728569
1.8995312,1.2399395,1.004718,0.23479941,-0.25638816
2.8574245,3.6670048,2.4341948,0.49776453,-0.6657637
2.9726565,3.2909396,0.7018406,0.5,-0.6864286
2.7945771,3.2744703,3.0275092,0.49756604,-0.27785683
2.3161516,3.180273,2.6039512,0.43193752,-0.6700251
2.3365676,0.4573227,3.3634472,0.43360868,0.6625486
2.7197378,2.8494923,2.5787156,0.48221502,-0.343428
1.8323016,1.4877548,1.6168307,0.23220497,0.1289432
2.6858215,3.2365615,2.9493918,0.49019185,-0.39203194
1.8009813,0.5091658,1.4585143,0.21400826,0.7032064
1.9929041,2.2792463,1.9877934,0.2761708,-0.38717875
2.7469718,3.1720319,3.3188217,0.5,0.21064413
2.8946035,0.7400987,3.5029552,0.5,0.69810915
2.7891188,3.6815083,3.5392985,0.49675134,-0.21315569
1.9172472,1.1520908,1.4718516,0.24755032,0.36050653
1.4503213,1.0469253,1.9343494,0.09400302,0.72556263
2.5973036,2.7272315,2.8303883,0.49239242,0.13760804
0.9374523,1.5111945,2.3632948,0.025394754,0.68334943
3.1595442,0.48764288,3.686938,0.5,0.74041766
1.9382933,0.47874117,2.1583023,0.26410523,0.638483
0.21852058,0.8319335,0.9055388,0.0012725588,0.17889224
2.0028844,0.41192582,2.5434797,0.28668702,0.67574775
1.374631,1.6277766,1.920427,0.069997534,0.43075466
2.1865435,2.979693,2.5602326,0.36304468,-0.48574188
2.5181484,3.485649,2.4980965,0.49630085,-0.67862487
2.7206066,2.6780288,2.739907,0.49218836,0.09223877
3.1730533,2.8647003,3.6289015,0.49107933,0.70920575
3.1580727,3.3524158,3.1255157,0.49988657,-0.28029
3.0428474,2.7230823,3.3391259,0.5,0.6978945
3.1799562,4.0698156,3.6718984,0.5,-0.45645347
2.2387295,2.6747708,2.160935,0.38982353,-0.6332619
1.0257989,1.2053351,1.4665945,0.033153616,0.40785602
2.4002311,0.32027867,2.5979934,0.45877373,0.6967831
1.1226189,1.7930303,1.144533,0.037645295,-0.69852686
2.7154982,3.4114077,3.2430592,0.5,-0.21552019
2.9268606,3.4685264,2.5025775,0.49603787,-0.65798646
2.752341,3.6643226,0.55238825,0.4859111,-0.6747621
3.091748,2.5581248,3.312603,0.49672014,0.7232109
0.8527689,1.2807182,0.51349616,0.01572461,-0.76427966
1.5907933,2.6737604,2.499437,0.12007223,-0.21646702
3.1957972,0.85550916,3.2017336,0.5,0.65597427
3.4164584,0.57397044,2.874603,0.5,0.6611246
2.5595944,2.5537603,2.6812377,0.49877807,0.1467241
3.1196713,3.3235877,4.1879654,0.5,0.70134157
1.642074,2.4059787,1.3554803,0.14901619,-0.64321876
2.2305913,2.4450762,2.0789404,0.39115813,-0.4291672
2.6332705,3.380543,3.1241465,0.49366856,-0.264435
1.5782894,2.0214088,2.4333274,0.11447112,0.4420113
1.6819609,2.305583,1.3839498,0.15636815,-0.67179865
2.7285533,2.9108052,2.5572803,0.5,-0.3513042
2.2630026,2.3539999,1.5969379,0.39724243,-0.6612556
0.8967221,0.7046842,1.1340803,0.032383487,0.6729796
2.4360845,1.3007752,0.44874844,0.47236267,-0.6447141
1.8317773,1.843223,2.4976268,0.21981145,0.69085526
2.488056,1.4406203,2.9496005,0.48750672,0.6608471
2.5428061,2.7426383,2.8472111,0.5,0.103918605
2.2513719,2.8259501,2.6340299,0.38949868,-0.2598216
2.279065,2.520038,2.8142421,0.42689228,0.3296451
2.5107236,0.57908946,2.0759144,0.5,0.6567851
3.078574,3.1117902,0.57906634,0.5,-0.7303428
2.5424886,2.978302,1.9367967,0.5,-0.6903837
1.377144,0.6193545,2.2205377,0.07082097,0.70554775
1.8731976,2.3598402,3.0079312,0.25332165,0.69686764
3.2367046,3.2970555,3.0313637,0.49543077,-0.27631342
2.2075503,2.6428638,0.9519893,0.37526107,-0.6768862
2.536381,0.9308617,3.1335773,0.5,0.7730567
1.1420181,1.3301135,0.6600977,0.042621203,-0.72733563
2.9616446,2.4644861,3.1258228,0.4932052,0.68028414
1.3157215,1.2555141,1.1377215,0.06383616,-0.14142716
3.4919376,3.2501836,0.44178405,0.5,-0.7001041
2.7150667,2.3469148,3.5459254,0.49165323,0.6861702
2.9110618,2.6196833,3.0226107,0.5,0.4529069
0.8273868,2.4793158,1.6910841,0.014747468,-0.6788918
3.1502593,2.8290102,3.8478937,0.5,0.6628706
2.5767648,2.5113983,0.24574554,0.5,-0.69434285
1.7365206,3.258817,1.8605571,0.16305402,-0.7184528
2.8256547,3.2447777,2.8813767,0.5,-0.38941884
1.7461722,2.1483607,2.8258407,0.17063007,0.68866897
0.71352196,1.1968905,0.47968647,0.0,-0.7014726
1.0411803,1.2626947,1.4229546,0.024828441,0.20941055
2.6104586,2.5172977,2.9049644,0.49585924,0.5058405
2.1583996,2.5009043,2.5630677,0.35198268,0.025035229
2.7475195,0.51274323,2.4793072,0.5,0.7112339
2.890298,2.1881137,3.1111836,0.4952942,0.6738052
2.2039354,2.0983572,0.44085202,0.3726495,-0.73907465
2.8615625,2.1990836,3.5167046,0.48956078,0.6745717
1.4812622,1.1620332,1.7663301,0.08377553,0.66482556
2.5642896,3.022133,3.4197824,0.5,0.50159323
0.82940024,0.7105593,1.735502,0.0089271115,0.6844508
0.6877811,0.75831175,0.65690905,0.0,-0.16029947
3.3400934,2.132179,4.25178,0.4920013,0.68230885
3.0297964,2.4964514,2.9347098,0.4819644,0.49734813
3.3435545,2.7881374,4.1199102,0.5,0.72198176
0.8399122,0.2,0.4298045,0.0066815726,0.4379952
2.336615,2.708142,0.49408305,0.4268915,-0.67696714
0.41586357,0.6709777,0.87866086,0.0,0.38761002
1.865007,2.459211,1.8785136,0.23825526,-0.674554
3.8811965,4.718582,3.982998,0.5,-0.74360585
0.6828463,1.5865086,0.54432166,0.008496633,-0.6979631
2.714976,3.095603,3.58559,0.5,0.6437967
1.5866928,1.9935417,0.998925,0.13753727,-0.71238506
2.9782739,3.323364,3.4559824,0.49796486,0.16699864
2.4400072,2.1313622,2.9561803,0.48030823,0.7271582
2.9785168,3.3421524,2.6837704,0.5,-0.74790007
1.9316461,1.8413777,1.9031891,0.2685401,0.03460597
2.3237045,1.9156387,0.6096264,0.41772193,-0.69079643
3.1217332,2.4288197,3.1469421,0.49389735,0.70511055
3.776533,2.760238,4.419894,0.49218363,0.68875545
2.222043,2.2710817,2.233801,0.37891057,-0.061324455
1.935368,0.3609244,2.3392324,0.26369932,0.69031996
0.7654068,0.6116736,0.9243023,0.0,0.5772328
1.8699042,1.4719727,3.0928419,0.2376748,0.70749253
0.7522663,0.6434687,1.0056281,0.0,0.7398133
2.8026476,2.4138525,2.5217803,0.5,0.115402296
3.8022022,4.0727158,4.1882243,0.5,0.11796177
2.054698,2.58348,2.6089497,0.30798715,-0.026720641
2.4210782,2.3353567,2.2756014,0.47895348,-0.07594213
2.6906416,3.4070477,3.516005,0.5,0.12905662
0.7044765,0.5229964,0.2,0.0,-0.6015004
1.5232961,0.7715296,1.57179,0.08116439,0.6964202
0.8296157,1.6656407,1.0240291,0.008854972,-0.7062025
2.703172,1.9438512,3.3930132,0.5,0.7167692
2.7721272,2.7226562,3.7381377,0.5,0.67746145
2.562056,3.05545,3.4005377,0.48542222,0.41021916
3.451357,4.320772,3.7893786,0.49286994,-0.58862185
2.274459,2.3820891,3.0976741,0.4314425,0.70905715
0.20731662,0.2,0.78857875,0.009284705,0.7111192
1.5155823,2.6564653,1.710463,0.080842756,-0.7262745
1.2738223,1.9820054,1.1461678,0.053359553,-0.7331954
2.4563856,3.2251916,2.7869372,0.4930537,-0.5608803
2.5811691,2.9868379,3.4323442,0.5,0.5648955
2.5575566,3.004854,0.61544865,0.5,-0.7626707
1.6343592,1.9594202,1.6456347,0.14735961,-0.41147128
1.943504,2.0375917,2.6521022,0.27104497,0.7223209
0.72385085,0.2,0.74796534,0.003967553,0.6616891
3.4467902,2.984597,3.8976607,0.48162642,0.735586
2.3971744,2.928521,2.7096176,0.44756427,-0.29515728
0.7980978,1.5910734,1.3631561,0.0103434,-0.41771725
1.5578967,1.8129636,2.1252978,0.10932545,0.3842764
3.1410122,2.8029447,3.697726,0.5,0.65178955
0.9135062,0.356519,0.88961965,0.018357933,0.7583938
0.8855173,1.3117951,1.0171338,0.023107972,-0.45010987
1.1842265,0.3600727,1.5127277,0.061833944,0.6547167
2.7071714,3.6775262,3.0016205,0.5,-0.68820375
0.93226475,1.497635,2.3420825,0.02500159,0.71336806
2.3210394,1.9922678,2.6736422,0.42691323,0.70763826
2.5710568,2.7512417,2.7849798,0.48913065,-0.024653153
2.4954846,2.4437983,0.8229532,0.4874644,-0.6497678
2.5909307,3.400597,2.3302221,0.48529083,-0.70351654
2.0797644,2.001523,1.5264015,0.31445462,-0.57908446
2.5943408,2.2231088,2.2866683,0.5,0.04490557
0.8487273,1.020264,0.91072035,0.015912924,-0.20888498
2.150042,1.8239272,2.8239527,0.35764045,0.6988846
1.2409017,0.77244025,1.7076795,0.061587013,0.7110461
0.53280044,0.7349727,0.26923284,0.00293006,-0.6780912
1.5663913,1.2170522,1.448937,0.10604713,0.2383889
2.394601,2.2862444,2.5267513,0.43800324,0.27075914
2.4096022,2.3704,2.4623919,0.47329175,0.14604
0.98460823,1.004474,0.76572204,0.035820637,-0.43156818
3.2066605,2.5502207,2.2199345,0.4928368,-0.35929638
3.688258,3.2262967,3.3531024,0.5,0.13385129
3.9709108,4.2774415,3.6175568,0.5,-0.7347711
2.6258655,3.4964085,3.3909037,0.49943128,-0.14420652
1.9241189,1.8109436,2.7748377,0.25203726,0.6984433
0.47508997,0.69137233,0.22197968,0.0,-0.6928136
2.975701,4.3332853,3.5379124,0.5,-0.73004764
3.4700873,3.7739048,4.287599,0.5,0.6423746
1.9961615,1.1802729,1.757516,0.30633923,0.7409465
0.6920753,1.1947591,0.22039428,0.0,-0.6532892
2.117194,2.417298,3.1340933,0.32801497,0.6633019
2.4635158,2.4807281,2.6284835,0.47521064,0.22650185
0.5431911,0.2,1.411497,0.0,0.686058
0.78169936,1.4419531,1.0502241,0.005924674,-0.73308873
3.864576,2.627939,4.7651415,0.5,0.73178035
2.9291923,2.8420782,3.340127,0.5,0.57437843
2.316035,2.3957005,2.393824,0.4063604,0.01281644
1.050054,0.8571628,0.94693273,0.03316545,0.13509993
2.4781225,2.628604,2.3672411,0.49486762,-0.28815717
2.1165836,1.6603196,0.28641227,0.34409016,-0.7186211
2.741899,3.142947,2.8021302,0.47996134,-0.44405505
1.1213856,2.7936964,1.5751351,0.051286817,-0.7170954
2.4521873,2.2258232,2.4318452,0.48680153,0.27716473
2.4733682,2.94909,0.60289663,0.4912419,-0.7181727
1.937207,2.194405,2.916209,0.2649701,0.72500503
0.74640775,1.0502857,1.0782287,0.014154634,0.055652674
3.2385628,3.219884,4.425115,0.49884436,0.7211216
1.0145793,1.1448286,1.9189326,0.009911245,0.6736662
2.2487133,0.5469501,2.374589,0.3909317,0.6632742
2.8863757,3.5148547,3.3861012,0.5,-0.16931897
1.7132028,2.2957132,1.8729643,0.17230755,-0.502031
2.3724818,3.2839966,0.36800948,0.45228165,-0.7384661
0.9380177,0.80655086,0.72876024,0.022051346,-0.1548159
3.5405514,3.8035338,0.4633136,0.49930784,-0.7378366
0.86172837,1.0135026,1.0777597,0.0,0.09976959
2.739091,3.3564534,2.4958167,0.4978209,-0.6740244
2.1028965,1.5280423,1.7629119,0.3184948,0.25507933
3.4282422,4.114444,3.52765,0.5,-0.6993598
2.406022,2.7631705,2.365985,0.45538482,-0.4914588
0.7009217,1.495793,0.74326944,0.010642705,-0.7280876
2.516553,2.787234,2.6000786,0.5,-0.1946115
3.802372,3.9006846,4.144847,0.4818131,0.28191957
1.4017366,1.2069757,1.2172217,0.083569266,0.010422908
3.1535025,3.1263747,3.1089406,0.5,-0.01785252
2.5766258,0.5058255,3.198276,0.4774818,0.66471833
2.9515605,3.066374,3.725227,0.49894094,0.7237163
3.5384932,3.5406911,4.6948514,0.5,0.7133809
0.30045298,0.6074006,0.509639,0.015873374,-0.19589315
2.5419087,2.391886,0.41794023,0.5,-0.6902483
2.0508,2.4285374,2.1532779,0.3283663,-0.33536014
0.2913973,0.3936372,0.74731386,0.005571772,0.6829204
2.9591415,2.305798,0.3091651,0.4863375,-0.6801762
2.3522727,2.531968,3.3890634,0.43365908,0.72387034
0.80087477,1.3823788,0.6444798,0.0,-0.7080311
2.7192805,3.3737268,2.5122983,0.49276036,-0.6772134
1.8519255,1.627754,2.1160395,0.22753389,0.5749719
0.88499147,0.28958392,0.2,0.01696265,-0.15868004
2.1226592,2.8461287,2.3162043,0.34472823,-0.6595088
1.0149146,1.4250317,0.2,0.02289156,-0.69962287
1.8062117,1.5719129,1.5523589,0.2203078,-0.06347206
2.2522566,2.0779557,2.424904,0.39255783,0.44909912
2.1725385,2.4238923,1.4998363,0.3629995,-0.740576
2.4472249,3.0750237,2.7151048,0.4824527,-0.45983446
1.3794106,1.4195731,0.4507041,0.071375735,-0.70610005
3.117799,2.586379,3.206437,0.5,0.7322104
2.3539424,1.5259471,2.9095485,0.43842706,0.72224283
2.323711,2.0672479,3.1072617,0.42901132,0.6966434
3.095718,2.8778894,4.142634,0.5,0.67983544
1.8859609,1.5732733,1.6560657,0.22812852,0.07382078
2.6361241,3.5298376,2.603707,0.5,-0.7306129
2.2186167,0.2952116,2.090942,0.3961409,0.69148946
0.9565927,0.7466046,1.5212355,0.041692168,0.6915662
0.79274386,2.0639157,1.0171893,0.0,-0.6726505
2.1730227,1.9815292,2.4194844,0.35409003,0.51753134
0.731038,1.0083176,0.9459853,0.01065346,-0.08823597
3.9273083,4.8017087,4.3942204,0.5,-0.4559715
2.903711,3.100078,2.7267256,0.498686,-0.3854558
2.543644,2.9339018,3.1392863,0.5,0.26192635
0.7395942,0.54202574,0.72880846,0.0,0.35981792
1.893807,1.6945255,2.6374922,0.23395537,0.7176365
3.462746,2.8897598,3.502362,0.49658805,0.71229273
2.1519825,2.2633803,0.68119407,0.3617299,-0.68273515
3.8779833,4.2709866,4.652238,0.4905284,0.4151293
2.153388,3.32528,1.791843,0.3370203,-0.71567583
3.0415587,2.8839853,3.7733624,0.49381348,0.64637107
0.5887878,1.4374547,0.62325436,0.0,-0.64732856
2.4830961,3.0918853,0.626486,0.49267325,-0.73499036
1.9888645,1.7622812,2.5629992,0.29205018,0.7356806
0.9340313,1.214783,1.0738034,0.024614925,-0.2404906
3.3083565,3.538144,3.5797756,0.5,0.051498864
1.9036179,1.3861868,1.3705802,0.25316685,0.007750762
2.1613054,2.2090833,1.4756912,0.3549457,-0.73945796
2.1280828,1.8274529,0.72262806,0.33347282,-0.6593564
3.265048,3.3639276,4.0789595,0.49767616,0.70993733
3.200231,3.363166,3.3186655,0.4953678,-0.046023417
1.2150481,0.51209337,0.33176845,0.05596225,-0.17438674
0.952605,0.775659,0.8468855,0.024773516,0.15512647
3.370653,0.38767824,3.3335738,0.4772438,0.7053167
2.1774788,1.4465196,2.1541493,0.3661347,0.6569118
2.1474292,2.8108187,1.8739417,0.3683649,-0.70952916
0.62983555,0.8033395,0.3894395,0.0,-0.734778
2.1971776,2.8914745,0.43915138,0.38043007,-0.7161281
2.559243,2.7015147,3.7003956,0.4989393,0.6970036
2.1491532,2.3189704,3.1280675,0.34837538,0.6851308
2.8060822,2.7803767,2.4681935,0.49969968,-0.37049162
1.0476389,1.0612301,1.2110442,0.051029876,0.23453638
2.7171323,3.0417535,2.6156433,0.5,-0.50634235
1.9456605,1.9933835,2.0218644,0.29933393,0.03190632
2.1091323,2.8952687,2.5810251,0.32641134,-0.36956272
1.0063452,1.8442929,1.2650858,0.04677401,-0.7006756
3.1848762,3.965103,3.8958044,0.48853573,-0.03165662
1.0702397,2.0678432,1.0051976,0.047695354,-0.66849947
2.4949098,2.1414351,2.7631423,0.4855109,0.6804854
2.143861,2.8924932,1.0925087,0.33828732,-0.7418888
3.1039116,3.3419974,3.383132,0.4801014,0.077955894
3.6716278,3.942679,2.8275964,0.4989517,-0.6490899
2.5989842,2.4298155,2.1349697,0.5,-0.3565601
1.6263816,1.634891,2.4964342,0.13698271,0.695768
2.164866,1.2614217,3.0495908,0.35968286,0.71802205
0.42670983,0.8689368,0.24520697,0.00028911568,-0.7404555
2.3513968,2.4035745,3.422173,0.4323778,0.68741065
2.092536,1.9892652,2.6452398,0.33122772,0.65999055
0.9057594,1.7521985,1.3864131,0.027176388,-0.63526905
2.6094005,2.871537,2.2636387,0.49839607,-0.7117109
0.9774148,0.69714415,2.093309,0.03569866,0.71141684
2.5663838,2.7807176,0.72101295,0.5,-0.6578514
2.6324568,3.7131433,2.375964,0.5,-0.64599085
2.4060557,2.4879475,1.4137613,0.47280928,-0.6865276
1.9705992,2.5842402,1.6156601,0.27148014,-0.6947123
3.1672845,3.061796,3.4881783,0.5,0.5285153
1.7955484,2.2397232,1.9509555,0.21220309,-0.33940497
2.6906652,2.9798691,3.6936936,0.48939994,0.7377327
3.029266,3.2537918,2.6998048,0.5,-0.7073538
2.714999,2.6269472,2.9948285,0.5,0.4482083
3.2913902,3.43053,4.035526,0.5,0.7276963
1.9381047,1.0999362,1.4732236,0.28487828,0.44358847
2.1435864,1.4992858,0.4734868,0.3495194,-0.79249537
2.2999122,1.7145733,2.4725735,0.40928087,0.70473295
4.5392694,3.9801378,4.4982486,0.4933509,0.5774856
2.932976,3.004505,1.9976343,0.5,-0.6784303
3.0141068,2.9896433,3.4594154,0.5,0.57427853
0.50543267,0.23196007,0.39887866,0.0,0.2887473
2.6502857,3.4745543,2.6819582,0.5,-0.69352263
3.2771761,3.3059635,4.101929,0.5,0.75644153
1.4435781,2.1505573,1.7081863,0.08300425,-0.57214105
2.7956643,2.1917684,0.5407201,0.487602,-0.7351525
2.8561802,3.26688,4.033592,0.49952063,0.70108145
1.1832607,1.9361662,0.73683,0.044693075,-0.6774875
1.8964881,2.2348194,1.6636647,0.23935506,-0.6915271
0.8324811,0.80045086,0.6108763,0.044590842,-0.35654932
1.4281437,1.4523984,1.6168884,0.07874557,0.21514608
2.8972337,0.74998385,2.8806913,0.5,0.66994965
2.9280248,0.55498666,2.6784647,0.5,0.6442259
2.0472736,2.786961,2.0893183,0.30008256,-0.6979273
0.7714746,0.51103276,1.4761157,0.015032055,0.7083089
2.7897563,0.77326405,2.653834,0.5,0.65704465
2.7185385,0.5042725,2.9541786,0.4929213,0.753412
2.4577582,0.3071028,2.2525005,0.48121417,0.71288854
3.1467335,3.2296588,4.0217886,0.49398828,0.6951647
2.854543,3.5610697,2.3403082,0.49761507,-0.718849
0.82434696,0.5875631,0.5062459,0.020854559,-0.17067282
1.8925781,1.4971167,1.7819128,0.25618395,0.34815362
0.96670103,1.1320975,0.58913815,0.02827146,-0.76358694
2.1494808,1.9607841,0.85347384,0.34665674,-0.7415653
2.9436169,3.2538316,3.5140033,0.5,0.32818824
2.283234,3.507172,2.8658543,0.4073487,-0.7276195
3.3671012,3.639659,3.8914268,0.5,0.33488756
2.4066787,2.6518786,1.8230377,0.46505848,-0.6956812
3.23747,4.234141,3.570318,0.49908236,-0.7275179
2.113904,2.4891133,2.9747713,0.33771554,0.5696918
0.6056402,1.3378803,0.6598938,0.0,-0.72047126
3.4560175,3.5088232,4.164744,0.4974487,0.7168926
2.3149116,0.52177,2.3606231,0.40934116,0.67024
2.886006,2.7827706,3.0984564,0.5,0.34468225
2.7391098,3.1952605,2.3646007,0.49367684,-0.67815334
1.338209,1.7938055,1.3145323,0.08318489,-0.61212
0.7534691,1.2937341,1.5956843,0.0032670111,0.634859
0.8316201,1.2976255,0.8206462,0.015568703,-0.7030355
1.1762956,1.3214395,2.3211877,0.049478985,0.69553334
2.9586258,3.4693403,3.0566494,0.49298152,-0.5271693
0.89841634,1.856091,1.8058095,0.014968567,-0.025990881
2.6122081,2.8487937,2.8176954,0.5,-0.03688564
1.9670565,1.4804084,0.95908934,0.29561603,-0.6306453
2.587305,2.262186,2.404134,0.49255964,0.18525586
3.2732217,3.6143208,3.0825841,0.49286476,-0.6116277
2.612042,2.3531415,2.498233,0.5,0.15365708
1.0785404,1.0455223,0.6885254,0.026804306,-0.5643558
1.9576051,1.949089,1.7363863,0.26516053,-0.27935517
1.0470793,1.5158529,1.6083323,0.052397236,0.117350966
2.259574,3.3332763,3.8071792,0.39632717,0.58806384
3.1035256,2.535236,3.399725,0.5,0.7072384
1.8555238,2.6053195,1.9080939,0.24761893,-0.7042289
1.0486783,1.779597,0.2,0.041084982,-0.6907544
0.61345184,0.89740634,1.8437355,0.0,0.6829949
3.08328,3.1646106,3.8405094,0.5,0.72023004
0.92999333,1.4718325,0.9151566,0.0069985506,-0.710075
3.0025132,0.8175991,3.4375744,0.49028027,0.6408153
1.0500163,0.34427738,1.0019879,0.036068283,0.6904902
1.2850487,0.5585878,0.84389937,0.04645951,0.42593533
2.6118886,3.0862262,2.6635377,0.49727237,-0.45939484
1.4915866,2.3660185,2.1462743,0.07530655,-0.28686213
2.0732088,1.5914255,2.3913515,0.3098574,0.67433655
2.139906,1.9054966,2.1949937,0.3575244,0.359412
2.6130126,2.523813,3.0812488,0.49698567,0.7290884
2.8380527,2.828274,2.8615942,0.5,0.017498326
3.1574495,2.981518,3.9285514,0.49210265,0.6605961
2.7758296,3.6138494,2.4235368,0.5,-0.73951703
2.9929101,0.61231863,3.02971,0.5,0.71969944
1.0799857,1.3440356,1.6823628,0.03230587,0.5266645
3.2637827,3.156996,3.771908,0.5,0.6774778
0.6668803,0.92257196,0.4637785,0.006858067,-0.72430474
1.163695,0.7097136,0.89935,0.041105427,0.28645122
3.403781,3.4622014,3.8841822,0.4900139,0.47537377
3.0117383,3.5232353,4.0003266,0.4997168,0.51615417
3.977344,4.439659,4.632668,0.49628913,0.20452455
0.7214768,1.1794125,0.6809013,0.0,-0.6991655
3.0919218,3.0273983,2.9478648,0.49547407,-0.11485786
2.6700165,2.9779208,2.3223314,0.49268228,-0.67313343
2.7362816,2.7718127,3.606927,0.5,0.74746114
0.7878218,1.4818884,0.9551745,0.0,-0.68698657
2.8612905,3.244315,2.9091032,0.5,-0.4626715
0.7429099,1.7908996,1.1002923,0.004432787,-0.6811733
2.1683238,2.568034,2.6328073,0.36672962,0.046160996
2.547639,2.3359091,2.6058831,0.5,0.32563904
1.8392313,1.4171795,2.121147,0.22756074,0.71001536
1.0253263,1.3431807,1.3000982,0.038594395,-0.13050586
3.1700091,2.188461,4.1413183,0.49130997,0.70016897
3.1657705,3.2375977,0.573802,0.49911195,-0.7145901
3.0675025,2.9901712,3.4392576,0.5,0.53767514
3.1263368,2.961283,3.1036859,0.5,0.14276858
3.1844914,3.4704857,3.0875015,0.49603423,-0.48896423
2.189424,1.8885778,2.6418078,0.3598726,0.7237276
2.8242095,2.1682806,2.5558133,0.48114404,0.46571636
3.257995,3.6788101,3.647167,0.49646026,-0.056642074
1.7338952,0.71348697,1.8640736,0.16319366,0.6861824
1.7815499,2.126289,2.2821696,0.17895824,0.21991059
0.75578403,1.0223411,0.2,0.0,-0.67646617
1.5364803,1.9841537,2.454141,0.10228676,0.51334065
1.9450958,2.2287557,1.3460704,0.26843813,-0.6743848
2.2908862,2.7608542,3.36119,0.42212135,0.6827876
3.4965127,0.7528518,3.7398894,0.5,0.68917626
2.30053,2.7498484,0.70537853,0.41330713,-0.7250151
1.7317016,2.1612115,1.9004024,0.16480696,-0.36292917
1.0890505,1.3225936,1.3363656,0.042117525,-0.005270808
2.4839373,1.7456675,2.183716,0.5,0.4528747
2.1181548,2.3241463,2.6295211,0.34544224,0.41942018
2.2476072,3.154666,2.6593525,0.40176207,-0.5813834
3.2331057,3.641526,3.6613157,0.49781004,0.020477613
1.7865776,1.6947273,2.7211022,0.19252709,0.70950353
1.1537513,1.4442852,0.5230613,0.049863476,-0.68625915
0.9852649,0.6187066,1.1648836,0.018078294,0.70856005
2.219095,2.722168,1.7175641,0.3868513,-0.6358795
3.5274878,3.512382,4.32385,0.5,0.7045344
2.5416813,2.8106503,3.0502403,0.47891325,0.26344898
2.539491,2.2448852,2.6114237,0.4932903,0.40340102
3.059707,3.3810747,3.721484,0.5,0.3865515
1.4012398,0.33654946,1.830653,0.07615166,0.6797563
2.8342793,2.737226,2.255187,0.4943735,-0.59015775
2.3400187,2.1602561,2.8858483,0.43301284,0.7132758
3.2306535,3.0478752,3.0059192,0.5,0.00063615735
2.2373588,0.645172,2.5157404,0.39605337,0.7144174
0.5904075,0.46186534,1.2825651,0.008342602,0.73080486
0.9761467,1.3012098,1.2339331,0.030107383,-0.12051313
1.113474,0.89449537,1.2578274,0.035119172,0.5658848
0.7760892,1.2619479,1.7059102,0.029579531,0.7336461
2.7808597,3.3679109,3.0628653,0.49481732,-0.40228876
3.6338527,4.001503,3.7240334,0.5,-0.3194719
2.3996477,2.8629038,1.8174187,0.44771802,-0.7220823
2.8479898,3.1626837,3.1066222,0.5,-0.07190582
3.9524543,4.3989577,4.5482244,0.48740938,0.18814503
2.8343577,2.686822,3.7691865,0.4954748,0.68057895
0.88573647,0.6961674,0.34800506,0.01999012,-0.62419474
2.20037,1.9615536,2.5912974,0.3777994,0.7027229
0.8986994,1.4374847,0.517882,0.012035596,-0.68626994
0.6659488,0.38349798,0.60269624,0.0,0.45649546
1.1421064,1.101748,2.13852,0.05322675,0.71397185
3.2786489,3.2274458,2.9621873,0.5,-0.3261441
2.9324312,3.2405372,4.0866914,0.5,0.70446056
2.9507587,3.5067503,3.2495685,0.5,-0.34254006
1.8410058,2.4027264,2.50799,0.20811518,0.15773392
2.9626284,2.1608121,2.8683913,0.49638566,0.7049134
0.99889684,1.3496673,0.7141366,0.014215355,-0.7545079
1.7171264,1.9342828,0.21419741,0.15844953,-0.73784435
2.451296,2.6625822,2.9796252,0.45620742,0.4069604
0.7139624,0.73578966,0.69616985,0.0117129395,-0.07934353
2.7398589,2.4213312,2.692474,0.5,0.28150707
0.42631227,1.0417569,0.60297364,0.0053658523,-0.71907115
3.0612724,3.112031,2.4657333,0.5,-0.6936659
2.7777016,3.6394691,2.9260917,0.48506522,-0.6982594
3.0565472,3.2920015,3.3720324,0.5,0.1373014
3.0986328,3.2651591,2.9524002,0.5,-0.37370574
2.6184733,2.4639874,3.4504588,0.48761562,0.7155819
1.1807209,1.4008121,1.5268276,0.034143664,0.17808023
1.1287565,1.7832702,0.29995197,0.050485436,-0.74091524
2.161184,2.2618225,2.0808861,0.34833726,-0.22805294
2.5744753,2.8374949,2.3751059,0.48538783,-0.5337288
1.9285504,2.8868496,1.6532004,0.25209212,-0.71206284
3.034931,2.5919905,4.046422,0.49340263,0.7455095
3.3165746,3.0891857,3.845616,0.5,0.7428865
2.0557685,2.327084,2.0427046,0.3176937,-0.35905948
2.500471,1.9031296,2.4562109,0.5,0.6517185
2.309912,2.7922158,2.259251,0.43123737,-0.64863634
3.26065,3.085648,3.1448188,0.49206752,0.079179
3.4807065,3.3614838,3.2975328,0.49329436,-0.055764217
2.335155,2.9324477,2.7883403,0.42732173,-0.21256256
0.793375,0.3251674,0.2,0.009870783,-0.21117252
3.291542,2.5088573,3.7580142,0.5,0.6882088
2.6061978,1.7436312,2.05298,0.5,0.34271824
0.6569639,0.9923581,0.6846387,0.0,-0.5732004
3.1719239,3.7728739,3.926475,0.48033363,0.15504068
0.5731196,0.55366504,0.2927203,0.017681029,-0.51761806
2.2401986,2.9683363,2.025259,0.3875139,-0.72924435
2.3416605,2.547681,3.0850854,0.4439181,0.6201474
2.893952,3.1307929,2.9463463,0.49406648,-0.19795524
3.1107428,3.7404706,2.93126,0.47620836,-0.71396077
3.5537784,2.8830433,3.3893511,0.4978136,0.601333
2.8481658,3.3470132,4.2815795,0.5,0.6384853
2.4992921,1.7997615,2.4571757,0.5,0.7462714
3.1179447,2.5473433,3.602928,0.4835447,0.66663
1.990287,1.535651,2.549604,0.2731053,0.727607
3.429191,3.947106,4.4552183,0.5,0.58785826
2.7223825,3.2777221,3.9089851,0.5,0.75973463
0.7825764,1.3977584,0.2,0.0,-0.69368553
2.0415611,2.155191,2.9157026,0.30842006,0.6973021
2.922699,2.952193,3.2476823,0.4832418,0.38348058
2.3962946,2.8771718,2.1165476,0.45805338,-0.719634
2.548522,2.6617894,0.42046046,0.49048647,-0.6774502
1.5894226,1.8846244,1.3725219,0.12747033,-0.61050147
2.371536,2.4816744,3.1860132,0.44673237,0.69261706
0.9972387,1.1337701,1.0417297,0.022402197,-0.19482408
0.80231893,2.0285368,1.620086,0.0,-0.68362373
2.3445127,3.0029225,3.0712733,0.44891405,0.05625694
0.8961106,1.3200117,0.4856774,0.018807089,-0.7493459
2.3472028,2.2847056,1.8319204,0.44358024,-0.502274
1.2558757,1.4903617,1.5246434,0.05548897,0.051478308
1.943834,2.604437,0.29131868,0.26502353,-0.67461145
0.6691523,0.8969658,0.50118065,0.0,-0.6975637
1.6032553,1.5262729,0.8326217,0.102305986,-0.69723725
2.783838,2.1207209,2.525012,0.5,0.4186098
1.154263,1.1260319,1.6219915,0.03424686,0.7024054
2.1728556,0.7078677,1.3608223,0.36365008,0.68810827
1.9779589,1.4740793,1.522447,0.27524573,-0.0009450031
2.758101,3.6726072,2.4627318,0.5,-0.7146222
2.893211,3.17063,1.8405685,0.49830976,-0.71696573
1.5738719,2.4287257,1.9103997,0.10757762,-0.6200222
3.2912095,3.4483807,3.0573118,0.4887017,-0.4586987
1.8776888,0.9550897,2.1684346,0.2506571,0.66190296
1.2328216,1.2224284,1.7642038,0.05496693,0.69818383
1.9452546,1.7480874,2.675688,0.2707026,0.7444673
1.044892,0.77273667,1.6738629,0.04766667,0.7284615
1.8441969,0.59341794,1.2599677,0.22918768,0.72771686
0.9763109,0.6547743,0.7787959,0.028911352,0.21592538
0.9201781,0.31580806,0.25384438,0.033601332,-0.091892675
0.8433199,0.68037295,0.55075747,0.02700814,-0.24315412
2.7704444,3.3753881,0.51422447,0.49465692,-0.7010392
2.8698611,2.8720295,0.51765436,0.49628523,-0.67939556
0.77464473,0.46331516,1.5260439,0.0,0.6861763
3.1973994,3.118258,2.6667438,0.5,-0.5997097
3.3220353,3.9918163,3.3772602,0.5,-0.7244219
1.5689865,1.899024,1.9943126,0.10293966,0.106317885
1.0528134,1.473466,0.76116604,0.043785412,-0.7080579
2.4118433,0.6359673,2.5320122,0.4706564,0.7250951
3.609816,3.0228095,4.308179,0.49380046,0.65347695
1.4772509,1.5515435,2.1063502,0.06327657,0.68810135
2.1874077,2.8697274,2.651631,0.38328868,-0.21056394
2.2360327,1.0883689,2.4292703,0.39457563,0.67892325
2.9705403,2.0669072,3.1343322,0.5,0.6729208
2.5324557,2.0919724,2.1503685,0.49740356,0.13237377
2.5104923,2.2698555,3.6701372,0.49045315,0.6699481
3.003495,3.1397974,2.5043304,0.48524436,-0.6963644
4.1510563,3.715834,5.115562,0.49851677,0.65252113
1.333781,0.8782153,0.5323306,0.054560453,-0.4493067
0.59905505,1.8993379,0.6939202,0.0,-0.7205188
0.6623873,0.53939134,1.0643804,0.0079962695,0.71591985
3.2093964,2.6618118,3.0709243,0.5,0.49385825
2.0171118,1.9146668,1.5031734,0.31366688,-0.4877076
3.6332235,4.0367355,3.4560497,0.5,-0.6604301
3.4783328,3.651505,3.4481654,0.5,-0.2493645
2.9200542,3.4873676,3.244607,0.48708043,-0.29994762
2.1799202,2.174728,2.2582414,0.34959728,0.07413487
2.315353,2.670199,2.5382311,0.43762633,-0.15062626
2.3869686,3.7961972,2.6993747,0.44921932,-0.66238433
3.0355213,3.004842,3.5823553,0.49802622,0.7194087
2.864816,2.9584932,2.8102295,0.49765217,-0.1734479
3.4332774,3.8369265,3.8108866,0.49219134,-0.021536222
3.6056259,4.963045,3.1682906,0.5,-0.6569672
2.105991,2.6341414,1.4454863,0.34431362,-0.692856
1.134805,1.2664586,1.0482972,0.0439457,-0.31347176
0.8048251,0.7777557,2.5940528,0.0,0.7334819
0.8948095,1.6598139,1.0770061,0.009671645,-0.6786313
3.1410763,3.2638884,3.7677002,0.48275664,0.6013139
2.9142735,3.812711,3.6388206,0.5,-0.19234923
2.2722614,2.2525697,2.2892165,0.4057552,0.04057656
2.5193985,2.3720846,3.4475985,0.4895824,0.6638562
2.3943992,0.40535703,2.7868464,0.44908497,0.7063493
0.9748242,1.3665844,1.6347789,0.018049203,0.50838244
2.5603812,1.7472181,0.6964674,0.48731035,-0.76278603
1.8368152,2.6434422,2.1554143,0.22004414,-0.6046923
1.0478176,0.5111268,1.9651748,0.033779275,0.7122195
3.470448,2.774534,3.38798,0.5,0.66809326
0.5168255,0.32564682,0.837685,0.0,0.6820964
3.210122,3.8139393,0.6560471,0.49676573,-0.71020305
2.694086,2.7661674,2.903882,0.5,0.1775161
1.0003268,1.5409956,1.5725427,0.029831177,0.09954123
1.1474793,1.4573103,1.5357761,0.038438518,0.11403554
1.2736944,1.7685838,0.77823687,0.032418918,-0.70087737
2.5540698,3.5110705,0.53814495,0.48516774,-0.7318488
2.1618996,1.9417038,2.5395432,0.35426652,0.7207839
3.5246427,0.57800025,3.4456728,0.5,0.6896323
2.7225387,1.9197584,3.006811,0.49443364,0.70185995
4.1316543,1.1461389,4.3443775,0.5,0.6795895
2.623469,2.6047044,2.539583,0.5,-0.07401886
2.1049805,2.37016,2.1196449,0.33261344,-0.34120622
1.5359703,1.5844599,1.7347633,0.10068171,0.19305806
3.2560344,3.0503488,3.7272615,0.5,0.6886278
2.0923004,2.6345537,1.731859,0.32926795,-0.6806529
2.3712306,2.7819226,2.897207,0.44202262,0.16923547
3.3318717,3.1656182,3.4221194,0.4896619,0.28022674
3.2513688,4.2451253,2.9044502,0.5,-0.6956307
2.2221029,2.783421,2.7180138,0.39934862,-0.024091545
2.366049,0.24395345,2.6960301,0.46466312,0.634525
1.5758791,0.7265983,2.0435984,0.11036956,0.6426689
1.3705431,1.2014443,2.128456,0.04727913,0.7109869
3.0126755,0.54256517,4.1989117,0.48991808,0.71961707
3.0911942,2.6569796,3.3895001,0.4992956,0.743597
2.8281484,2.7609885,2.8781886,0.5,0.14472543
2.7289507,2.3280137,2.8164651,0.5,0.57028484
2.1284032,2.5250804,2.1805754,0.34029707,-0.4393869
3.49466,3.4449902,3.452369,0.4943787,0.051262073
1.5459933,1.1897087,1.7958992,0.10412939,0.7076409
0.8768011,1.8168849,0.20445946,0.018989524,-0.7008503
2.6987867,3.2198298,3.2828438,0.49185297,0.13024011
2.6240525,3.0807352,3.0131984,0.49796635,-0.08442886
0.72848135,1.0296654,1.7264719,0.0,0.729629
2.2797759,2.900892,2.0603244,0.40368018,-0.6777014
0.8243093,1.2630306,0.32265913,0.026769383,-0.714681
1.8983074,1.1538483,2.491906,0.24756558,0.6949855
2.5232334,3.6496508,2.2751267,0.49129978,-0.68346554
0.26081,1.3536124,0.2,0.015326943,-0.6883308
0.47038233,0.4054933,0.89513594,0.005664748,0.705783
2.6228242,1.9626536,3.135609,0.5,0.6601673
2.773671,2.3505187,3.315218,0.5,0.63335764
1.5898637,1.2233565,1.4203061,0.11672706,0.23850428
1.5822685,1.948775,3.0010273,0.13066119,0.7481793
1.0234807,0.9908778,0.6944129,0.038140975,-0.5048448
2.2661862,1.0749328,3.004367,0.40503943,0.71643955
1.0297955,1.5633805,0.36462957,0.05347445,-0.60690194
2.973082,3.072387,2.761019,0.5,-0.35450113
1.9835787,2.67808,0.7117512,0.2736675,-0.652004
1.1285162,1.3348359,2.296248,0.035628464,0.6840292
3.567498,4.59172,4.3760667,0.48796874,-0.27249277
3.330826,4.6613173,3.401401,0.5,-0.671422
3.3128498,3.611902,0.6781717,0.5,-0.7068222
0.88616925,0.92738616,1.7310394,0.029652968,0.76740867
1.0103567,1.129954,1.1003723,0.047403127,-0.05411072
0.95731515,1.6178412,1.9043363,0.010957664,0.49153665
2.569405,3.2507565,3.3181639,0.5,0.09731389
2.3663642,1.6678538,2.872116,0.44269532,0.68691593
1.8834769,2.461968,1.7878433,0.23947974,-0.6758375
2.8841653,2.9048326,2.7314658,0.4726461,-0.19517979
2.4746826,2.7603228,2.9281802,0.46507454,0.1691769
1.5063779,1.6860911,1.8314503,0.091472976,0.15976891
2.6928365,2.6367059,0.8053679,0.49695697,-0.7143358
0.94516885,0.27094597,1.478432,0.01552536,0.68934715
1.5338298,0.8862438,1.9801384,0.09424158,0.7202691
3.884893,3.9714985,4.8006783,0.5,0.6638461
2.377439,2.5239084,2.2892885,0.438457,-0.3224607
0.72101533,0.81353724,1.1800725,0.0,0.66074485
2.6004164,2.9057782,0.805132,0.5,-0.7087485
0.8415707,0.6197222,1.5589329,0.009969691,0.65774274
1.492666,0.9621985,2.4925191,0.07335716,0.69019043
0.79618734,1.4456785,1.1066229,0.008098792,-0.60639787
3.3155665,3.823292,2.7705052,0.49788263,-0.7130961
2.5880442,2.415633,3.2524207,0.5,0.73300016
1.2100524,1.8609275,0.82252324,0.05074646,-0.70221186
1.1470684,0.9417981,1.0384201,0.053285517,0.119914256
1.6384114,0.2797735,1.4583101,0.1417973,0.64087373
2.9598584,3.284878,3.649545,0.5,0.48665413
0.98534524,0.8416831,0.742175,0.010615888,-0.22033143
2.7719007,3.223274,2.445005,0.4950026,-0.70428646
0.5747416,0.20740059,0.35507607,0.021413801,0.25261158
2.2203918,2.4488862,2.188179,0.38419634,-0.31780502
3.4671738,3.6077287,4.1019273,0.4969683,0.6048064
2.5728018,2.2664208,2.905181,0.49332318,0.73391604
2.880917,3.3950634,3.6546488,0.49564442,0.36982214
2.388248,0.43298224,2.9305725,0.46202695,0.6478953
1.0498306,1.1701949,1.8737683,0.051570754,0.70206225
2.641254,2.8712747,3.4274068,0.5,0.683007
2.541912,2.5773165,0.54304755,0.5,-0.71155816
3.3412845,3.501706,3.4086587,0.49463075,-0.11740491
0.9124545,0.893497,1.7639501,0.018860998,0.6574141
1.0764574,1.2694246,0.48469147,0.049120363,-0.6795471
2.1963742,0.62645614,2.242998,0.36425588,0.6919651
0.8143139,1.7754781,0.8290345,0.00654416,-0.7000757
2.7958014,2.8458655,3.4653847,0.4877993,0.68633467
2.5477748,2.3134084,2.6493356,0.49898073,0.41225576
0.923525,0.7960582,1.7416013,0.027018508,0.69227135
2.5785813,3.3026335,2.6943414,0.49014312,-0.71776277
2.8080761,3.7233632,3.817224,0.5,0.09011149
2.465497,2.0959337,3.3145208,0.4768685,0.6974805
3.2330668,3.7656965,3.1819706,0.5,-0.70345336
3.0229292,0.53488404,3.5501957,0.5,0.6991033
2.6443634,2.7979565,2.1158514,0.49224386,-0.7493465
1.1278841,0.7341788,1.3376839,0.04842072,0.67078036
2.4969537,2.9262953,0.46182886,0.5,-0.73431396
2.974812,3.834278,2.337078,0.5,-0.7215728
0.9612416,1.8347548,0.23735236,0.020718595,-0.7228401
1.104254,1.5496615,1.8484638,0.043958616,0.44483793
2.4582496,3.0561895,2.6142895,0.47709575,-0.4876144
2.7646806,2.0191789,3.0650263,0.4996432,0.6833023
3.45007,3.9199734,3.4795809,0.5,-0.57124597
3.0844555,3.542113,3.8752134,0.49810106,0.40210629
1.8564353,1.9065524,1.2763895,0.23082598,-0.71220654
1.5950278,1.8960665,2.241228,0.13630845,0.431067
2.8421953,2.8399239,4.025948,0.5,0.7429321
3.2722905,2.7575006,3.111806,0.49830753,0.45691094
1.6079612,0.46002552,1.3498193,0.122505985,0.6958152
2.4704509,3.6879709,2.8962839,0.48688343,-0.71541107
0.4823661,0.2,0.9779,0.0,0.7037902
2.4483209,2.6982677,2.0004435,0.48053402,-0.7266673
4.124793,3.639008,4.1017056,0.5,0.5645959
2.0665283,2.3919415,0.3538651,0.31718624,-0.6742499
2.240433,0.26664093,3.4296386,0.3929133,0.7019119
2.1638067,2.2418656,2.263512,0.3488408,0.05086626
1.858245,2.5639617,2.030859,0.2194705,-0.62699795
0.89203495,1.2133962,1.2788067,0.023028547,0.11127332
2.4649866,2.6002462,1.2528895,0.48935944,-0.7183708
2.6995811,2.4306216,2.5122504,0.5,0.14035097
2.1825676,2.691299,2.2914896,0.37551937,-0.4156969
2.3273993,1.9477782,3.6790128,0.42282778,0.67693484
3.4446044,4.312098,3.8814137,0.49227354,-0.5010222
3.165404,3.426255,4.118693,0.5,0.7234619
2.461121,2.133254,2.5801427,0.47211903,0.5338614
2.9011662,0.5724408,3.2693007,0.49077407,0.68461084
0.8532881,0.96509683,0.56899726,0.014375654,-0.6850318
2.8078356,2.7290974,2.2217484,0.5,-0.62758124
1.3965008,1.80778,0.6519412,0.070439525,-0.7259919
2.384194,2.0628324,2.3555264,0.45232943,0.4044761
2.6460042,3.1951678,2.726636,0.5,-0.5934014
2.522815,1.4364678,2.443261,0.5,0.6626695
1.784366,2.0944545,0.8828688,0.19261146,-0.69931066
3.6209424,3.416027,4.204813,0.49234515,0.7524979
0.725138,0.9783134,0.4867736,0.0,-0.7615543
0.7696404,1.6095243,0.9377504,0.01202482,-0.73482734
1.5251628,0.23559913,1.3470054,0.09287285,0.70436925
1.162686,1.404471,1.7629857,0.045976866,0.53103685
1.003459,1.9187478,0.33042848,0.025787057,-0.7221602
0.83965766,1.667973,1.435851,0.0053340634,-0.39483878
3.0940087,4.0019126,2.9565127,0.48754463,-0.7006513
2.058416,1.9356604,2.0233788,0.32328868,0.10664754
2.401391,3.0256412,2.6159124,0.44030672,-0.49680394
2.4298317,3.0106263,2.5079396,0.4582957,-0.62435526
2.7271554,2.9487565,3.5543754,0.49930173,0.74605906
2.684095,3.3480623,3.1401498,0.494313,-0.23257652
2.0857675,0.5612695,2.828413,0.31092748,0.68172765
2.0598657,1.50467,2.3461175,0.31304723,0.66884696
2.5814471,3.3429053,0.40389958,0.47000477,-0.76956695
1.5449563,1.4688898,1.6590677,0.104591444,0.21507381
2.1283712,1.4505383,1.466207,0.35305247,0.040067613
2.5133476,4.3159847,3.5628552,0.49020594,-0.7011333
2.8469057,2.5212317,2.8736758,0.5,0.4278784
0.65684384,1.1639515,0.222468,0.0,-0.71126765
2.2521272,1.9915135,1.8797778,0.38702518,-0.1545894
2.599307,2.5501502,0.43693745,0.49494854,-0.6645899
1.4914749,1.3245674,0.20687555,0.097283855,-0.70658225
0.9859773,0.66875124,1.3964579,0.037111323,0.72179985
2.072839,2.7156827,1.1739134,0.32196274,-0.749236
2.4581008,3.6994247,3.2014916,0.47864416,-0.555981
2.9160154,3.061169,2.6777256,0.4850457,-0.45710483
2.863546,2.2309592,2.9299262,0.5,0.6840746
0.7743795,0.47270215,0.9232514,0.02983379,0.67504746
3.1039526,2.8716204,0.54553664,0.5,-0.73644257
1.0245312,1.2698681,1.4687203,0.026538279,0.3179311
3.4004204,3.3261037,2.8026488,0.5,-0.65488887
0.60970026,1.8675,1.5800619,0.0,-0.5046005
0.66790676,0.8298906,0.26800433,0.011842769,-0.7138366
1.7453455,2.3254027,1.9059625,0.1726109,-0.44913512
2.8585715,2.9675698,2.6077518,0.48759302,-0.41667598
1.617948,1.8240099,2.2888784,0.11970705,0.55492115
3.4149609,3.4618685,2.9726987,0.5,-0.6416094
1.1553359,1.3437757,1.9265207,0.03945166,0.70628107
3.1970844,3.1652284,4.3637247,0.5,0.6567943
2.309046,2.5738513,1.7996116,0.44402102,-0.72158337
3.002281,2.8440797,0.53236336,0.5,-0.68184566
2.263173,3.6250863,2.2917173,0.40254194,-0.7239477
2.5580246,3.0042825,2.7884092,0.49238732,-0.28916234
0.39317814,0.8718614,0.45554036,0.00052680884,-0.74106437
1.3389964,1.4764363,1.432562,0.06790731,-0.051595904
2.0803323,1.5320174,2.59089,0.31710985,0.7136148
3.956662,3.5452275,4.2505107,0.48371774,0.71138453
2.6135178,2.6668885,1.8402597,0.5,-0.71737605
2.6597574,2.8023689,2.500994,0.5,-0.38128504
2.6340685,2.976603,3.364442,0.49596044,0.46893975
2.366097,2.661663,2.515953,0.44836718,-0.13748038
2.5990531,2.5713372,2.7778654,0.48412853,0.25263327
2.2742686,3.8974316,1.8277164,0.41358775,-0.7187537
1.2234777,0.2,1.814322,0.054716308,0.6971688
3.051542,3.0719643,3.1778786,0.4888996,0.13918248
3.6360435,3.5875776,3.7135298,0.5,0.12559249
1.8737398,2.4302993,2.5361044,0.23195302,0.16245401
2.3613117,2.4494386,1.9728591,0.44712165,-0.57914025
3.4792306,0.71616197,4.270141,0.48222998,0.72812456
1.1998129,1.3562032,1.4539883,0.056505386,0.12101476
2.8546126,0.69112194,3.5837953,0.5,0.71757394
1.1649759,0.72065485,1.1812248,0.04408118,0.7025052
2.993014,3.7526293,3.7945971,0.5,0.03706808
2.6282737,2.3089166,1.3794135,0.49361053,-0.6678657
3.1187727,3.7171655,2.644485,0.49896488,-0.71178615
0.5184586,0.40852493,0.2,0.019294204,-0.42687637
1.2496852,1.8356925,0.5743434,0.055319626,-0.69329095
1.598926,2.3691082,2.2368298,0.117560044,-0.17225
2.9237633,2.789221,2.1171467,0.5,-0.68042314
0.82540005,0.6328271,1.4140055,0.0044580805,0.7225337
0.68227315,1.9291021,0.8782641,0.014891895,-0.6927839
1.2255933,0.25121057,0.8490165,0.061817534,0.6772202
3.4564664,3.9814866,0.6137204,0.49933276,-0.7034911
3.060699,2.578376,2.503726,0.4993787,-0.06246349
2.4297519,2.1576097,3.0764043,0.466716,0.66505975
1.3350675,1.6142234,2.1707206,0.056339525,0.7240059
2.4431226,2.5571816,1.685522,0.46660495,-0.6754092
1.4680806,1.2022804,1.1184404,0.06933948,-0.10145291
1.1647702,1.579947,1.980364,0.029873738,0.66731405
2.952338,2.3410604,0.6825796,0.49671355,-0.7283069
3.3507416,3.6606152,3.8063028,0.5,0.16013229
1.4456463,1.1771879,0.6714482,0.08521533,-0.66674054
0.31089896,0.8666007,0.82116956,0.009129565,-0.10107933
2.5864978,2.827405,2.1321976,0.5,-0.70434546
2.4603002,2.8868146,3.0019658,0.48013455,0.15483727
1.7540522,0.7456437,1.8431258,0.20269154,0.67700344
3.4404023,3.2329533,3.4452176,0.47834817,0.23389812
1.7968674,1.5215547,1.2808151,0.21705364,-0.24173123
0.69238377,1.500455,0.2,0.0040158187,-0.7095232
1.7535149,2.849808,1.820844,0.1847641,-0.70844686
2.925598,3.7532492,3.637845,0.49332643,-0.12181396
2.4055064,1.4915957,2.6942196,0.45306468,0.69561523
2.1789985,2.6224406,1.7841778,0.3680517,-0.7071591
2.8677366,2.6673777,2.9873877,0.5,0.4132243
2.7711976,3.4465075,2.8985062,0.5,-0.67945707
1.1954483,1.2830068,0.9229532,0.027922014,-0.5528099
2.8868458,2.9906466,0.6729315,0.4936978,-0.7390334
3.300493,3.3238325,2.9456491,0.5,-0.47594324
2.5230947,2.4381213,2.3784873,0.5,-0.08404399
2.44046,0.67639476,2.0579684,0.47045437,0.7173038
3.7363987,3.736654,3.503,0.5,-0.29368195
2.167306,2.4668882,3.0949545,0.3393889,0.6662556
2.5553248,3.4872546,2.291097,0.49783632,-0.67971015
2.8484643,3.1807153,2.690323,0.4950616,-0.5972354
2.6106799,2.7809079,3.2068338,0.49862245,0.48724192
2.4243226,2.4131114,3.0837252,0.46638086,0.64185405
0.70514774,0.2,0.714281,0.013136582,0.69320285
3.5070586,0.51569515,4.295551,0.4919706,0.7173865
3.0976202,3.347439,2.7249398,0.5,-0.73075837
2.5776687,2.4377165,3.0705955,0.5,0.71988875
2.039362,1.9407322,2.2256331,0.30684492,0.35861456
2.121047,1.0978227,2.5282812,0.34642017,0.6867581
3.1295862,2.661827,3.655181,0.48834744,0.7287727
1.6418762,1.2835988,1.7272273,0.13425915,0.53698564
4.047717,3.8898773,4.431518,0.5,0.63788784
2.5823414,1.2918739,3.1515982,0.5,0.70783335
1.7273194,1.8990322,1.138514,0.18324862,-0.7456465
2.7239738,2.9149308,2.4331818,0.5,-0.5727199
2.151511,2.525206,2.7786832,0.35783032,0.29245874
2.3139837,2.280114,0.29899183,0.41027477,-0.72551894
1.4845084,2.0893464,1.0219457,0.07297047,-0.71725684
2.4509819,3.5486321,3.4670072,0.4698515,-0.113977365
1.2967937,0.825848,1.3165051,0.060091473,0.72977954
0.9947631,0.6064117,1.264935,0.031084143,0.73205316
2.0983388,2.423668,2.4849513,0.3454732,0.083525755
2.3451068,2.754871,2.6606903,0.44491142,-0.07133707
2.203711,1.7671589,2.089593,0.37988663,0.38439146
2.6397173,3.6654632,2.5844328,0.49975002,-0.7113055
3.1022687,2.8439229,4.367874,0.5,0.68523234
1.0484668,1.1577699,0.58742154,0.04674018,-0.70161515
3.3722916,3.8971972,3.197097,0.48521566,-0.72417796
2.315706,3.2200592,1.8478202,0.4249239,-0.75624686
2.7550955,2.5426471,2.8278499,0.5,0.29291484
1.419211,1.9723984,1.0641186,0.06769718,-0.6759242
1.2570257,1.340403,2.0131266,0.06895171,0.724813
1.005638,0.43933666,1.9572024,0.05352658,0.70107865
3.0329766,2.9722242,3.2035613,0.5,0.23518269
2.0970304,1.7003998,1.709254,0.32140958,-0.0061721713
2.2207422,0.46588665,3.3648248,0.38406217,0.69931996
0.7903146,0.28951257,0.52428705,0.010636682,0.45092666
2.8219402,3.2485023,3.2035282,0.49379876,-0.05523845
1.0595962,1.2289766,1.3782061,0.039013393,0.21984816
2.0227864,2.3730223,1.7159553,0.30633852,-0.712402
0.64715946,0.8916191,0.6106093,0.030533602,-0.5517752
2.6588454,2.3558414,3.7434695,0.49317107,0.71667635
1.0400928,0.6719178,1.3052689,0.025856124,0.6826286
2.7176924,2.9670923,3.182786,0.4892553,0.2530076
2.400321,0.54374206,2.9432225,0.48223135,0.69955236
2.9547253,4.4677415,3.3724961,0.5,-0.7154052
0.8874736,0.50597817,1.542109,0.013297871,0.7753933
3.6452727,4.10942,4.070767,0.49170908,-0.044301514
2.6441355,3.1744287,2.7753866,0.5,-0.44008404
0.99685335,0.9980473,2.757821,0.041397095,0.7296543
0.7814722,1.1108264,0.5536409,0.014745114,-0.6921317
2.5651445,2.9916277,2.590152,0.4775901,-0.47691244
0.9053967,1.1546264,1.8501103,0.027638394,0.6879909
3.4942093,3.4679325,4.063064,0.49449828,0.6591293
2.3622422,2.559289,2.3936968,0.44919202,-0.1861612
2.2489388,2.153375,2.1109548,0.3829123,-0.011552478
0.8786672,1.7115332,0.98841625,0.031403393,-0.6859491
2.0235286,2.70933,2.394942,0.2959452,-0.4070602
3.1158426,3.3659878,3.3564122,0.48717034,-0.04344899
3.0666242,2.9193828,2.9794078,0.4915147,0.066425875
2.6631885,2.6971817,3.2258153,0.4917992,0.5974845
0.91230035,0.8004913,1.062993,0.0,0.4315282
2.2964365,2.4457552,2.8945649,0.42957032,0.5283745
1.3340962,0.7276495,1.6147839,0.07727033,0.7805522
2.4092448,2.34204,1.8066834,0.47967103,-0.6312238
0.91012764,0.5955301,0.34609255,0.0038329742,-0.4378522
1.3861265,1.208648,0.8818061,0.06537151,-0.40152466
1.9229436,0.855834,2.336739,0.24797647,0.6887016
1.8499838,1.9326619,1.1980251,0.22438677,-0.7497405
0.4869344,0.8442664,0.8339937,0.0101446705,-0.019194767
3.3746078,3.5179698,3.3297217,0.4985795,-0.20029664
2.9085503,3.4299912,0.88965124,0.4901274,-0.6668727
3.1335602,3.2110915,3.6012886,0.49282774,0.4637809
0.6006942,0.58195746,0.66907674,0.0,0.12536246
3.2320967,3.0954778,3.6963897,0.5,0.6822544
2.6632411,2.4390645,0.6189601,0.5,-0.6900077
3.5248573,4.48352,3.899813,0.5,-0.79573375
1.833413,2.2285907,1.9346479,0.21405762,-0.3758123
2.5490193,2.4613261,3.2907846,0.49429718,0.6856242
1.7521918,2.39164,2.7283604,0.17563847,0.44675818
3.3489633,4.0598893,3.5374138,0.49331415,-0.616302
0.6641064,0.4097937,0.6023532,0.0047252206,0.35788858
0.9597476,1.088177,1.008882,0.028798847,-0.10886842
1.6783174,1.9539231,2.3410559,0.15280657,0.43513003
2.2473676,0.85998994,2.511665,0.4016393,0.74559313
0.8115202,0.75770324,0.8722644,0.009823849,0.23471926
2.8416545,2.7919214,2.6325474,0.4926282,-0.25009078
2.3264978,2.526129,2.8023794,0.42606702,0.2848647
0.728249,2.4278839,1.1706588,0.0,-0.7119881
1.1759558,0.9113849,1.3281901,0.056135945,0.6062093
1.3440045,0.8590628,1.6692233,0.06499068,0.6702238
1.6229199,2.2868536,2.0829706,0.13801277,-0.25518373
2.6506813,2.9545262,3.3289344,0.49879923,0.468983
2.9349947,2.9644427,2.6481087,0.5,-0.40297255
1.2908901,0.7881642,1.1303651,0.07380766,0.4570941
2.5141919,2.1484725,2.513002,0.4932024,0.41678146
2.0130231,2.3265798,2.1861537,0.28282404,-0.1500155
1.9390122,2.0740652,0.76080245,0.26583242,-0.7417883
2.242674,2.4400053,2.2510839,0.3870205,-0.26217225
2.6600451,2.8808799,3.262313,0.5,0.3609592
0.69919235,0.54537934,0.22867098,0.0,-0.5932687
1.4315162,1.326012,1.0658453,0.06713703,-0.26454076
0.74983424,0.41912422,0.5836685,0.01064723,0.36950293
2.3638139,2.8735976,3.217814,0.44321066,0.39210024
1.2029191,1.876286,1.4199529,0.049063075,-0.6732015
0.63014895,0.23180987,0.9961292,0.0,0.685739
2.3451848,2.8105226,2.1643927,0.44308767,-0.68498933
0.7848876,0.4537074,0.7473507,0.011841207,0.5854033
2.5010848,1.9589117,0.62183976,0.5,-0.67431676
2.7052553,2.7802556,2.9126234,0.48955834,0.12072404
0.7819202,0.7293266,0.70857674,0.02442792,-0.03258631
0.9288786,0.45640782,0.27329275,0.021995269,-0.35597825
3.5365405,3.3119512,0.70014143,0.5,-0.728287
1.0127702,0.8945055,0.71117985,0.031265978,-0.32598233
2.2507372,2.7447736,2.4555337,0.40581006,-0.33309627
1.7443935,1.4990537,2.0503836,0.18017553,0.6752362
2.9850967,3.23681,4.59115,0.48685703,0.6473271
2.090345,1.3492265,2.0563736,0.3270795,0.7013518
4.023687,4.0772133,4.322753,0.5,0.3042887
4.276864,4.8101635,4.479944,0.49812433,-0.3821882
2.459644,2.445938,2.2498631,0.48712224,-0.24661648
1.5903683,0.5407861,1.8859148,0.12550269,0.6654953
2.9766746,2.2729816,3.5919168,0.5,0.69650203
3.858534,3.5484438,4.285273,0.5,0.65250725
1.8021297,2.2614112,2.353293,0.21199203,0.09729282
3.7452717,4.274032,3.528377,0.5,-0.7282574
0.5350381,1.6980598,0.7862252,0.0004046633,-0.7270229
1.7430243,2.2965724,1.0511787,0.1735195,-0.7031045
1.2165754,1.994426,0.63247055,0.06665517,-0.6773316
0.62119025,0.3719835,1.6647797,0.00039861654,0.7411749
2.562857,2.7358892,2.7623508,0.49870545,0.011698186
2.9008458,2.3549201,3.388383,0.5,0.6793465
3.2325923,3.9785645,0.422517,0.48849225,-0.72702235
3.3256373,3.4204268,3.4566035,0.4929737,0.002416809
2.2691278,2.703674,3.1309044,0.41051564,0.49187598
2.0901055,1.0677814,2.2126863,0.3127016,0.6994287
0.72816086,0.21450667,0.5505748,0.0,0.63858527
2.8158967,3.9552577,0.42264026,0.4934335,-0.68183255
0.7223057,2.680072,1.3953267,0.0031995007,-0.7093812
2.1694129,2.5663543,1.6540627,0.36165008,-0.6609238
2.9634752,3.9062018,3.0483904,0.5,-0.6984539
1.9383329,1.7498345,2.687483,0.28732544,0.7018666
2.7524714,2.183323,3.3554244,0.5,0.68468946
2.6611032,3.7100804,2.8636134,0.49589482,-0.7021842
2.6643486,2.758342,0.28673616,0.5,-0.72262764
3.0759342,3.1740613,0.54555696,0.4949732,-0.68228817
1.985214,3.0288365,2.3217905,0.28881797,-0.66656065
3.025567,3.0468988,3.559593,0.49273026,0.59576726
2.595656,2.1879942,2.7428668,0.49337906,0.656104
2.1629746,1.6393056,3.0949838,0.37037316,0.7439611
1.8385845,2.0065062,2.0840445,0.23402107,0.103569664
3.7050824,4.3665414,0.8555517,0.5,-0.69527066
2.5657265,2.6567962,2.4513297,0.47212908,-0.25940382
1.3753422,1.4452485,1.085521,0.06631598,-0.46496361
1.9200306,1.7479056,2.6053631,0.2594139,0.6849001
3.2869692,3.1577928,3.3616662,0.48694554,0.24539132
3.2234976,4.1980934,1.9759333,0.4908934,-0.64470345
3.1063607,3.195065,3.1043854,0.5,-0.1090336
2.5748875,2.4013429,3.4428747,0.5,0.7193423
3.0911138,4.060838,3.002593,0.5,-0.6931228
0.5458129,0.6062222,0.20985734,0.0,-0.668334
1.3164409,1.3955427,1.2180749,0.06253682,-0.24798062
2.5959828,2.65799,3.0385308,0.5,0.474467
2.7555816,2.1452494,0.42735633,0.49354962,-0.71944517
1.4548644,1.4811286,1.2027323,0.083501175,-0.3159177
3.7118647,3.9616284,4.1929183,0.5,0.25573692
3.5339758,0.62595445,4.3095527,0.4914341,0.6717076
1.9242201,2.618398,2.776486,0.26146948,0.15057257
2.9089773,2.647051,3.2289174,0.47958758,0.7699207
1.7026532,1.9753886,1.7501103,0.17044021,-0.29441616
2.6108205,2.5688262,3.076342,0.48914117,0.6221704
1.2781786,1.9310733,2.0855973,0.0707095,0.22955692
2.4273906,0.42174047,3.1317275,0.45147693,0.72378594
2.2689223,3.0481355,2.4285138,0.39468476,-0.6670934
3.277289,3.5089872,3.0154815,0.4839526,-0.54142773
3.5362883,3.756036,3.8844838,0.5,0.18960153
3.6125133,0.64150095,3.796776,0.49603313,0.69595736
0.98206884,0.5336491,1.3128842,0.038859513,0.7176084
2.6638925,3.29272,2.2707572,0.4959315,-0.6900324
2.8404214,1.9865681,0.5740387,0.48421487,-0.697023
0.41020134,0.35205114,1.0091193,0.0036494215,0.70133895
1.8888222,2.9122627,2.12346,0.24782981,-0.651066
3.2705564,2.6816826,2.89148,0.5,0.23077154
2.9871151,3.4436615,3.8466074,0.49257082,0.4673449
3.0409658,3.6513038,3.061292,0.5,-0.7025449
1.2168725,1.1525532,1.6490852,0.04156255,0.67345643
0.77167267,0.4569535,0.75298727,0.004960774,0.5323541
3.2190297,0.648728,3.5405602,0.5,0.69981134
2.6411245,2.576002,3.3956301,0.49263117,0.65306336
2.2894888,0.641324,3.1852927,0.41777557,0.6794798
1.7670554,1.2389877,2.7439544,0.19069584,0.69124943
1.7432607,2.417537,1.661236,0.15902625,-0.69263136
2.7052882,2.465382,3.1872587,0.49846566,0.69925255
2.4585507,2.8562927,1.8591255,0.46470958,-0.6517413
0.6972246,0.5042753,1.0945772,0.0,0.705524
3.5462594,3.9732013,4.673297,0.5,0.7187472
0.82448345,1.1247889,0.39395243,0.008821221,-0.7174244
0.25738078,0.9902811,0.20476513,0.0030674746,-0.7092469
1.0885588,0.44542408,1.1551404,0.040660508,0.73443747
0.9381244,0.70538956,0.98834234,0.043262348,0.4636202
2.628236,3.2578216,3.205792,0.47926,-0.0745166
2.4665852,0.5528617,3.0797858,0.47215986,0.6808886
2.9781117,3.029969,2.2145646,0.5,-0.68987745
1.4044354,1.8031877,1.0106273,0.08937635,-0.74806064
2.4995544,2.461887,2.5883634,0.49482232,0.16962452
2.6537702,2.9204733,2.5193527,0.5,-0.49804786
0.7526658,0.7756654,0.36854896,0.0030247595,-0.7250716
1.0371433,1.0923505,1.5184066,0.028423335,0.69790596
3.0558975,2.5660338,2.1126451,0.5,-0.5191781
2.8635292,0.55658716,2.916286,0.49874148,0.6912678
3.655413,4.154299,1.0491135,0.5,-0.70343506
2.3393438,2.3954616,2.5763674,0.43300936,0.2112063
2.8777256,3.334781,3.4169888,0.49073857,0.12461336
2.919984,2.891074,2.9950063,0.49900505,0.13499491
2.4275918,2.847687,2.059413,0.45310083,-0.7502122
3.250398,3.1881325,4.106327,0.49626622,0.71558213
2.7425783,2.3095841,2.5944405,0.48547822,0.3150653
1.8982635,2.495537,1.8228464,0.23294976,-0.70960855
3.0400522,2.6835961,2.3222744,0.5,-0.4451433
0.8659122,0.72046447,1.3556201,0.024957947,0.7202041
2.3701615,2.6605752,2.6416483,0.44563004,-0.018952742
0.78906953,0.20952201,1.3263566,0.0,0.67833537
3.0237215,0.3856136,2.8571582,0.49810553,0.70432967
3.2348335,3.070863,3.7426994,0.49620485,0.74196696
0.917311,0.91494924,1.8114659,0.002388151,0.71753466
2.5344505,2.5035672,1.5589478,0.5,-0.67629683
1.3691239,1.3187809,1.7764156,0.043504395,0.6506165
2.151256,2.262559,1.6219631,0.35066625,-0.7098005
1.9691947,3.015089,2.4590352,0.2728234,-0.685232
0.3593086,1.78016,0.45475549,0.0035111161,-0.6956124
2.495153,2.9677043,2.2961721,0.48834148,-0.7251158
0.70837367,0.6354247,0.5194241,0.0077059898,-0.23551258
0.7178657,0.46738747,0.98315936,0.0,0.6867263
1.2166518,0.37810925,1.4342086,0.05710166,0.68177426
1.1077564,1.1467295,0.5489981,0.04048458,-0.73110306
3.3249414,4.019215,3.1858528,0.5,-0.7211405
3.2000694,2.8940563,3.004564,0.48562664,0.16401762
2.4655151,2.801225,2.5514858,0.4837925,-0.31406054
0.94405955,0.8729535,0.70310634,0.005977422,-0.2594074
2.3813827,3.0957093,2.705649,0.43996683,-0.49131024
1.6343597,1.6663955,1.3288935,0.14240392,-0.37361786
1.1301659,0.9971923,1.497792,0.04607715,0.70985186
3.0870512,2.8965278,3.073804,0.49786174,0.14621618
1.7673378,2.8198528,2.7400508,0.19381721,-0.07358045
0.93509,1.1405629,0.8931816,0.033497587,-0.37396494
3.34647,3.9940045,3.3379574,0.5,-0.7152033
1.7689018,2.125096,2.5511725,0.17308348,0.5130509
2.4555318,2.9213707,2.2244728,0.48415393,-0.71900654
3.069697,3.074712,2.6491423,0.5,-0.48354474
1.3394488,1.4494004,1.6152408,0.06415004,0.18949533
3.133708,2.7926629,3.3963187,0.49436405,0.7161823
2.7955687,2.4575393,2.2924907,0.5,-0.16500156
2.7520695,2.8040118,1.9414178,0.498541,-0.73351234
1.1050668,1.0742958,1.4812297,0.029696908,0.67423886
2.8292646,2.9286447,3.210994,0.5,0.3421336
0.67668766,1.2785103,0.54446954,0.0,-0.68066645
0.631908,1.7828625,1.3839546,0.031088488,-0.6745179
2.9088185,2.642328,3.1960785,0.49408174,0.65505284
3.030971,3.437994,3.1797364,0.49026388,-0.3042666
1.9192343,1.7752596,2.469151,0.26056182,0.7083376
0.98364854,0.40024084,1.3126707,0.035365656,0.69698846
2.5150545,3.8571522,1.9571668,0.49822736,-0.6965952
0.9229394,1.0526532,1.237073,0.027417056,0.3407734
0.6703735,0.65338486,1.1877733,0.00028350647,0.72103405
2.0237727,2.7039118,1.7628313,0.3195399,-0.6766099
2.946145,4.3501954,1.1664371,0.5,-0.75767934
1.0412055,1.354416,0.7445843,0.03597804,-0.72526693
0.76056355,2.1656744,1.4340222,0.012166556,-0.6975235
2.3363433,2.5877085,2.119408,0.42904234,-0.547984
3.7598531,4.406001,4.4146214,0.5,0.043226458
2.5194054,0.48180988,3.355291,0.49663752,0.6350523
2.5362544,2.364807,2.396898,0.5,0.046565413
1.0213908,1.3869634,1.335611,0.039177228,-0.07591666
2.052114,2.8807552,2.1705506,0.31028867,-0.71395963
0.93562007,0.85108155,0.5956411,0.030938685,-0.42482635
2.9027305,3.5959039,3.2035427,0.5,-0.48071983
1.0392165,1.2932224,0.44821146,0.035063677,-0.7448293
2.6182222,2.6792958,2.6994991,0.49357343,-0.049497355
2.5689054,0.582213,2.1259732,0.5,0.67254233
3.0882692,2.8776507,3.7266812,0.4844072,0.7013762
0.8548485,0.28594038,0.7631613,0.023821728,0.67737305
3.1845326,3.2154794,0.2665133,0.49658337,-0.7121352
2.886603,3.381601,0.45889172,0.48237154,-0.68688583
2.9707782,3.285655,3.7519405,0.49748263,0.5286363
3.2942095,3.5406206,2.7749941,0.5,-0.7581983
2.3981526,0.8802244,1.810968,0.44270524,0.67259234
3.22074,3.2204056,3.5550132,0.5,0.41505155
2.479151,2.1700106,2.4138415,0.4935281,0.28385094
1.7388761,2.2994804,2.305953,0.1806402,-0.008702574
2.4518607,2.4909613,3.3825686,0.49894214,0.7072272
2.156216,1.4991897,3.03389,0.35029942,0.7587742
2.8115716,3.289416,3.5004163,0.5,0.28175157
2.4558294,2.5100336,2.1500785,0.483122,-0.4147384
1.3713658,1.467627,2.0048068,0.073880084,0.7329724
3.2359526,3.639343,3.1758819,0.49132985,-0.5724234
3.5306282,3.8679216,3.1586251,0.4935223,-0.7903213
0.7009353,1.9389008,1.2520939,0.0,-0.7113145
0.9184944,1.5309249,0.89250183,0.021895684,-0.72619295
2.4200482,2.7500863,2.6577327,0.4629821,-0.081329934
1.7091469,2.0827682,2.2348256,0.16678894,0.17637365
0.97200245,0.78979194,1.5545686,0.03591568,0.7152985
0.95708025,0.86818993,0.4906425,0.039942876,-0.6011058
3.1305242,3.7419908,3.3218014,0.5,-0.55009705
2.460629,3.512664,3.16053,0.48342958,-0.44400445
0.89303446,0.95806974,0.7888599,0.032384414,-0.31172243
0.76215285,1.30069,0.2,0.0,-0.68893194
2.0933058,1.7699668,1.9974332,0.3346376,0.22151352
3.8983634,4.4049134,3.92455,0.48723468,-0.6030967
1.6369275,1.3945261,1.7766002,0.13278961,0.47558397
3.7090874,4.0230713,5.0692043,0.5,0.76099324
2.5914383,2.9785357,2.3743079,0.48937055,-0.707715
2.4364414,3.3278313,2.5275395,0.487258,-0.70053524
2.6157134,1.7731586,0.6982332,0.48581514,-0.6926882
2.1500235,3.083937,2.4508696,0.3507758,-0.7400568
0.73750436,1.5868043,0.59052455,0.01381501,-0.70595926
0.8717951,1.4074333,1.4534523,0.010446065,0.059639476
1.034842,1.0399488,1.295336,0.03234875,0.39749295
1.2553952,1.9427701,1.431945,0.039822597,-0.71216565
0.5631875,1.6984935,0.24763565,0.0,-0.71058017
2.1905997,2.2525518,2.7513826,0.37158024,0.58808976
2.1087432,3.0887384,3.0028546,0.3352062,-0.08435044
0.7547897,1.4529308,0.57839304,0.0013932347,-0.6679096
1.9098765,2.7341704,1.73173,0.244225,-0.6838818
3.526533,4.1458907,3.1835318,0.5,-0.6955476
1.1351697,0.59756416,1.5894743,0.069282465,0.6550335
2.8781877,0.8247562,2.4643366,0.48726547,0.6701546
0.9048478,0.86123735,1.0029397,0.029876983,0.22371486
3.7781396,4.2985435,3.2585282,0.4986695,-0.71530825
3.1334023,3.2353535,3.5409741,0.48556304,0.36962694
0.7265724,0.2,0.74821746,0.010710652,0.72335637
0.5789807,0.36782283,0.8352603,0.00015680585,0.7053221
2.7316039,2.4242737,2.592298,0.49765763,0.18842003
3.2208557,3.5314946,3.1147888,0.5,-0.47683948
2.6743612,3.2873657,2.5852718,0.4833328,-0.7446445
2.612537,2.9677548,2.3901608,0.5,-0.6678473
2.7324684,2.1766894,0.52533627,0.49459398,-0.6734214
1.4465317,1.4561375,0.992134,0.06690596,-0.6413326
2.6882334,0.27593514,3.1554537,0.49870232,0.66909665
2.9843516,3.226654,3.3944795,0.5,0.17454472
2.5861773,3.1727784,2.567795,0.5,-0.70994925
3.2842941,3.5540318,3.8059633,0.49241427,0.31175208
3.3285387,3.4889994,0.21047236,0.5,-0.69551206
2.303264,0.81596285,2.1184525,0.414735,0.6717369
0.77971476,0.843171,1.1562095,0.011508835,0.59939647
0.826572,1.6268867,1.1650959,0.0026989435,-0.6711213
0.628581,0.6845192,0.5089162,0.0018941333,-0.37840635
2.5049105,3.955946,2.0172775,0.49982014,-0.72803617
1.9611084,2.3007946,3.4319136,0.26697877,0.75409156
2.6055787,2.0156846,3.0454962,0.49357018,0.67285377
3.0220668,0.5461506,3.2223659,0.499288,0.701832
0.5745492,0.23708908,0.97680914,0.0,0.68814707
2.037415,3.3672547,3.5084076,0.305457,0.078110054
0.6123155,0.37401772,0.68080175,0.0015834743,0.56209975
4.0646124,4.8593783,4.3465376,0.48103616,-0.63937783
1.3137577,1.9809525,1.5781789,0.06630734,-0.5313743
2.8040943,2.3286397,3.5205047,0.49374688,0.69143474
1.1835482,0.63116,1.5074729,0.044598166,0.6996906
2.3731024,3.1202831,1.8118098,0.45855087,-0.673066
2.582039,2.5284164,1.0227492,0.5,-0.71047616
2.4143434,2.5514796,3.0560174,0.45616835,0.58107716
0.9232019,1.192459,1.2259878,0.011101918,0.040737815
2.4366167,1.1854945,2.523534,0.46356535,0.70164937
1.1393878,1.3161256,0.9381024,0.045510948,-0.5805322
3.3773873,4.109942,4.4112644,0.49779686,0.3913947
3.242682,2.6001754,3.6126788,0.49682415,0.6832368
2.2588716,2.8054132,2.7022567,0.38655582,-0.15478034
1.1717919,1.2713077,1.7583514,0.044708036,0.7135738
3.2708302,2.9280436,3.759743,0.498096,0.7368754
3.192543,3.5787938,3.2332978,0.5,-0.37253836
3.4070036,3.5954921,3.4983292,0.49342272,-0.14002748
0.7482239,1.65465,1.2456745,0.020632692,-0.67799956
3.085921,2.9952562,3.7121367,0.5,0.6599212
3.3842976,0.54078656,4.155752,0.4871865,0.708655
2.4125206,2.5935352,2.1588733,0.46123424,-0.47255597
2.8975601,3.2648153,0.56374097,0.48029655,-0.7304276
1.3699188,1.4289497,1.1289513,0.07486531,-0.39830878
1.6239394,1.3639956,1.7819042,0.12985101,0.4844939
1.132081,1.8092972,1.2101662,0.053763308,-0.66348284
1.0673378,0.7421142,1.300555,0.038802456,0.71501285
2.3807855,2.4088006,2.9809878,0.44596195,0.70508224
0.7519829,1.467291,0.5240662,0.004640773,-0.735545
2.3971508,3.3340995,3.5629027,0.45541096,0.27017435
2.7825565,2.659291,3.5436978,0.49922776,0.64777386
1.2057308,2.2106247,0.60390866,0.054332253,-0.7240294
0.23810047,0.2,0.56179863,0.0,0.6878651
2.622515,2.944469,2.2134647,0.5,-0.76617855
0.53386927,1.2060773,0.9092144,0.0,-0.6122435
2.5202208,0.9822064,1.9779156,0.4936809,0.6952565
1.7909142,0.89719725,2.546601,0.20071149,0.6902049
0.78953534,0.7203204,1.5894698,0.0,0.7161292
3.516695,3.8401551,3.4065092,0.49127898,-0.49134773
2.2171516,2.3773077,2.5319839,0.38793355,0.18332784
1.2552574,0.2,0.8359117,0.06698044,0.67776436
1.8880079,1.9678675,1.8018205,0.26687512,-0.17688322
0.9643904,0.409856,1.0712752,0.052560285,0.65539604
0.84928477,0.7002062,0.25976038,0.0013642387,-0.65461665
2.4092948,2.4442213,0.7883401,0.46719044,-0.7121418
2.402639,2.6979935,2.6691036,0.44967797,-0.06208059
0.7718845,0.77658373,1.5549476,0.0,0.6938387
0.8793274,1.0822601,0.9902671,0.02523008,-0.1726111
2.7400935,2.6398427,2.5443912,0.49111494,-0.08705861
2.361164,2.7517176,2.5955675,0.44643998,-0.16975431
1.7941992,1.1962271,2.3790948,0.21531053,0.64368975
1.8043728,1.8947208,1.6258098,0.19484463,-0.30696544
3.4159527,3.1078727,3.8017366,0.5,0.73546296
1.6864341,1.7637627,1.6240453,0.15989085,-0.17181972
2.2936428,2.5890605,0.6337298,0.42042294,-0.6892835
2.710786,2.434797,2.6987383,0.5,0.3542896
0.94893074,1.109231,1.1933137,0.028675303,0.12374253
1.8229711,1.8843303,2.0353534,0.21123463,0.13892211
1.7800511,3.0063546,1.7962363,0.19463173,-0.7151241
2.170984,2.5346243,2.4426758,0.36343297,-0.105707906
2.7501538,3.1984148,2.562317,0.49632347,-0.6769632
0.8923924,0.66573584,1.3984563,0.025283167,0.6604538
2.219358,1.0955373,2.1594822,0.37310806,0.7291834
2.3166015,2.28238,2.9267418,0.43403053,0.69599444
0.95601374,0.32634577,0.47735325,0.03784243,0.23485135
2.0854504,2.4101784,2.3484318,0.31904832,-0.059581295
2.814595,3.1589735,3.3156557,0.5,0.20186898
1.0401062,1.3725568,1.8704842,0.03298146,0.711195
0.6926797,0.8501,0.64922947,0.0,-0.37683782
2.9767034,2.7242181,3.74165,0.5,0.6498725
2.6500187,2.5118625,3.0469856,0.49466714,0.65345365
2.7452602,3.1082504,1.2235671,0.49955156,-0.6715483
3.3225532,4.4976263,2.7774098,0.4947519,-0.73161906
1.5513452,1.8738133,1.8007358,0.10233385,-0.10813712
0.7366905,1.1407424,0.8871019,0.017248496,-0.4591126
2.5841508,3.691164,2.7598026,0.47900155,-0.65940183
1.2391027,1.381763,1.8489267,0.06745014,0.6450533
0.97624135,0.6572138,1.85901,0.042927157,0.673968
0.8445687,1.2263864,1.1915048,0.00040714254,-0.11057748
1.1080078,2.0457108,0.44711265,0.06071868,-0.67987025
2.6175945,3.298579,2.6390631,0.5,-0.69480324
2.4402606,2.7479079,4.2216516,0.49266964,0.7455574
2.3723521,1.5860641,2.0873516,0.4569637,0.59688324
2.3234844,1.7297711,2.588154,0.4117538,0.7467497
2.7556329,3.1020164,3.2847478,0.49536228,0.17804988
1.7072421,1.7389507,2.3063157,0.1424016,0.69626313
3.456914,3.593966,3.3374548,0.5,-0.34375378
2.1447074,2.8145216,3.0923727,0.35574904,0.3333364
0.5598165,0.76097715,1.269857,0.011948312,0.7274445
2.6342497,2.5634463,3.063795,0.49139714,0.55043954
1.9368249,2.6919804,1.6217583,0.2587652,-0.6794438
3.4045084,2.9367104,3.2680793,0.49408698,0.41689137
3.2692623,4.026604,3.0600061,0.48520693,-0.72354764
1.6642594,2.0123236,0.75492215,0.16065311,-0.7084692
2.6039948,2.718083,3.4165103,0.5,0.6703999
2.7370615,2.9735007,2.9984884,0.49924,0.057293843
1.3274491,1.7489687,1.7730631,0.0700999,0.0053310655
1.3504045,1.843959,1.5734891,0.07271753,-0.3725437
2.1124513,1.2644361,3.0099423,0.34547096,0.6923394
1.8195797,2.6725497,1.1979054,0.21153995,-0.73424083
1.0619452,1.411028,0.2,0.03319951,-0.708763
0.9561006,1.7523476,1.1019487,0.012569665,-0.6542364
2.5130837,2.875622,2.6661172,0.4961366,-0.2284724
2.0490494,3.3922963,0.59333616,0.31472233,-0.7591846
0.91749007,0.8048775,0.7681451,0.018131878,-0.12946355
2.6767476,3.7628198,0.51467377,0.5,-0.7089319
3.0612984,2.8444734,3.2212636,0.494601,0.4684629
1.5740426,0.31012082,1.5676029,0.12805215,0.697016
2.2052848,3.0298245,2.5536234,0.38129324,-0.60612917
1.2648726,1.401453,1.7776746,0.06589337,0.53111297
2.890091,0.72219235,3.5534015,0.47860327,0.6748554
0.9882118,1.180725,0.9686843,0.023015032,-0.35974526
1.0696331,1.0623351,1.2362788,0.045421306,0.2549469
1.1951708,1.8592273,0.69043106,0.068564616,-0.6982183
1.3257374,1.0942131,1.0026428,0.10103237,-0.12200002
0.77237165,0.7096191,0.5559914,0.01367805,-0.28453013
2.774147,2.689051,3.7998192,0.48905244,0.7537475
0.92466176,0.9036682,1.5600023,0.024247166,0.6892791
1.8218709,2.112543,1.2689855,0.20696077,-0.70314926
1.8501977,2.3767846,1.6530198,0.22785039,-0.6798173
2.5340178,2.8825486,3.5213327,0.5,0.7315235
3.2732444,2.8859403,3.0528653,0.5,0.20434642
2.4629912,2.2583392,1.7391431,0.48124492,-0.64814216
2.537938,2.4082313,2.4622967,0.48701206,0.06161956
2.162368,2.154242,2.070359,0.35504588,-0.11035343
1.5710261,1.3199357,2.2983747,0.0912576,0.6789013
2.8830338,2.706842,3.5086613,0.5,0.71345097
2.4964247,3.2878208,2.4094312,0.5,-0.6902837
2.8263707,3.2239902,3.0269737,0.49081233,-0.2136085
2.657581,2.3406222,2.9989977,0.48480302,0.70677495
2.0180779,2.42723,2.591669,0.31363,0.22138438
2.7725525,2.7071543,2.7561955,0.5,0.059516266
1.8359221,2.955815,2.1650507,0.2581807,-0.6997402
2.673746,2.617486,3.6429706,0.49662563,0.69098246
0.70940626,1.1243334,0.7847358,0.0,-0.6416437
3.5703607,3.5632787,3.7708914,0.5,0.22295088
2.1626995,1.699344,2.655437,0.35144728,0.70210725
1.8260993,2.2665684,1.7323413,0.23781155,-0.68010503
0.78972304,1.0683749,0.5835202,0.0,-0.68380284
2.9736845,3.3157983,3.3918984,0.5,0.1054303
0.95345664,1.1201657,1.4068693,0.037111327,0.51083535
3.1087098,3.4023712,3.3021784,0.5,-0.16851683
2.4574482,3.4683177,2.379256,0.49231353,-0.70008475
1.9829491,2.363585,1.9416176,0.27215117,-0.52025855
1.4591466,0.76359075,0.64367354,0.07673033,-0.14877662
0.95891255,1.2753968,0.7925108,0.03681644,-0.69673556
1.8022902,2.6826615,2.582092,0.21264406,-0.11964751
1.4035211,0.45501015,2.3910623,0.07298437,0.74131614
2.9553835,2.7032328,2.4998448,0.5,-0.19821684
0.7492083,1.26034,1.2901618,0.015252405,0.076815106
1.248903,1.9512228,1.8440914,0.04714733,-0.15486099
3.1228194,3.4375274,3.7430604,0.5,0.3213175
2.6488376,3.0444427,2.025814,0.5,-0.69620436
1.7019492,2.5345247,1.7111163,0.17161816,-0.7386096
0.9064033,0.7605986,0.82777154,0.026682453,0.10205496
3.4866495,3.191287,3.5496278,0.5,0.4053322
2.9379096,3.0008185,2.4539092,0.5,-0.66189367
2.0546057,2.3602495,3.1744416,0.3167331,0.69950736
1.7232637,2.0628455,2.1383452,0.16553013,0.07582598
0.7428184,1.3917793,0.4469128,0.0,-0.7115194
2.660842,3.7055118,2.6480334,0.5,-0.70249325
3.443043,3.7064884,4.357216,0.49609923,0.6612716
2.1915758,1.7333726,2.3186705,0.37626928,0.7117542
2.235383,2.048396,3.0497293,0.39372337,0.6935559
3.2003312,3.4890168,3.740502,0.49375033,0.31503302
1.512111,0.74132746,1.0056607,0.09637528,0.28213036
3.630441,4.1331325,3.3534484,0.5,-0.6678986
2.5028641,2.2771404,2.1222208,0.49545565,-0.16438894
3.3002672,3.1628022,3.7269359,0.499136,0.5965288
2.8487976,2.8554788,3.9865685,0.5,0.68668467
0.9115622,1.1504889,1.2203113,0.012528563,0.121916085
2.4865198,2.5361104,2.6387177,0.5,0.14179876
0.80287224,0.5637128,1.2577307,0.015965115,0.68827796
2.909106,2.6823366,3.0145602,0.4757193,0.35493204
1.1219115,1.2719395,1.1637738,0.05661225,-0.16974433
2.9278727,3.2460756,3.2192826,0.48923174,-0.028701967
1.5550766,1.2633247,0.27264452,0.09039007,-0.72187173
0.8893351,1.2700883,0.86143637,0.024238989,-0.72967046
0.7362189,1.8477318,0.44589546,0.0030440846,-0.68208784
2.239472,2.5663328,0.60717034,0.38053772,-0.7143713
0.823841,1.1190428,0.20011796,0.014262343,-0.748523
3.5776932,3.1267877,3.1995332,0.49695265,0.102297895
2.4474866,3.0564835,2.620645,0.494401,-0.51764715
3.8345003,3.6609557,4.4120913,0.4895358,0.6502753
1.9638946,0.79594535,2.2575881,0.26107,0.6853164
3.362258,4.4612107,3.1990912,0.5,-0.7106829
2.8706524,2.7338324,3.4405792,0.49816605,0.6910036
2.767765,2.64565,2.5261014,0.5,-0.13091591
3.484094,3.8773007,3.9578388,0.5,0.071547545
1.1464199,0.8040715,1.1594051,0.042342514,0.5636372
3.3957763,3.672547,2.9883418,0.5,-0.67438346
2.4914157,2.5329502,3.0212617,0.49218434,0.5825087
2.1328576,2.3664792,3.1519675,0.35772786,0.69092196
1.7718723,1.0240399,0.45000866,0.20672384,-0.7058177
3.6068177,3.996633,4.259488,0.48893836,0.27819657
3.3468885,4.6599336,2.4983606,0.4907709,-0.6752297
0.92440736,0.91403663,0.47180232,0.014753926,-0.733044
2.921039,2.4406447,2.6609545,0.4850953,0.25295496
2.7397258,3.2757099,2.8157218,0.48515657,-0.5549901
2.3900173,2.1485744,2.835385,0.44834423,0.67053145
3.200486,3.416863,2.8125727,0.49475673,-0.73026454
2.2779648,2.0564573,1.9040359,0.3966374,-0.15535253
1.2723781,0.6829816,1.8683176,0.037352886,0.6812923
2.8070357,3.105728,2.4759023,0.49431193,-0.66380304
1.2308939,1.0381392,2.09956,0.045386072,0.6666243
2.2388651,1.6256042,2.0627635,0.39986533,0.5389951
2.0836987,2.425649,2.8128607,0.3197136,0.48109075
1.6488742,3.2662268,0.7509649,0.14138675,-0.6573612
2.4154048,3.0825317,2.5643,0.4667399,-0.6579451
1.038967,1.1875887,1.3563851,0.033560388,0.28654483
3.1604834,4.871421,3.4580798,0.5,-0.70508456
2.9572535,0.36956117,3.5902233,0.4995091,0.65363246
2.3038008,2.7645378,1.4224857,0.41965765,-0.7543651
2.8746543,3.9821951,2.9241607,0.5,-0.7091291
2.5065374,2.2068512,2.8175266,0.5,0.6975206
0.6104195,1.0019519,1.4279374,0.014982707,0.70237
2.578043,2.4754102,2.4498463,0.48433566,-0.03796884
3.671082,3.6498005,2.8425715,0.5,-0.67526394
2.9470174,3.416961,1.8860793,0.47859958,-0.689464
2.4284887,1.7100986,2.624481,0.4801266,0.6710125
3.1185899,0.3300814,2.6851275,0.49637523,0.708535
3.0999246,3.300312,3.204842,0.5,-0.11703214
2.7523973,0.53980446,2.2511938,0.49614182,0.6950492
2.3983467,2.4026122,2.4179347,0.45974234,-0.035913326
1.0731249,0.7142981,2.2212856,0.030250244,0.70740265
2.0005243,1.4591391,2.778857,0.27863604,0.6936797
2.72651,3.361923,2.8516977,0.48890677,-0.570695
2.2078412,2.5143883,2.2938645,0.3889543,-0.30027306
2.3127108,2.4063337,2.0186334,0.41666147,-0.4789522
2.975055,2.9537337,3.430319,0.5,0.6141248
3.5968392,3.9590611,3.6046016,0.5,-0.4242614
2.8503945,2.7979584,3.6515014,0.5,0.6840656
2.5216653,2.3164694,2.7796414,0.5,0.5414622
2.594528,0.3926065,2.8430893,0.4943314,0.7177686
0.8614008,0.648628,0.23142143,0.018435959,-0.72941315
2.8690841,3.6915662,2.6835227,0.49727124,-0.64687055
2.683537,2.6384814,3.8465745,0.48812768,0.7247837
1.1310042,1.6728595,0.5427946,0.04931875,-0.6915544
1.7515311,2.0410144,1.85529,0.18562733,-0.20368275
2.8365707,3.3671944,2.8417516,0.4965771,-0.66093284
2.0785599,2.422992,2.3611054,0.30436218,-0.102082536
2.8119783,3.37633,3.1996248,0.49050245,-0.21018346
2.1611636,3.085336,2.0239902,0.33394024,-0.66592085
2.9685473,2.732826,3.5592017,0.48663232,0.7193268
2.5522563,3.492847,0.41018957,0.5,-0.6521398
1.9779032,1.9616221,2.381596,0.2834332,0.4874554
2.4975698,1.713618,1.8430597,0.49642894,0.17261612
3.9111688,4.4437637,3.7022958,0.4986389,-0.67783314
1.2741265,1.8444334,0.6402753,0.046573244,-0.7326254
2.690804,3.2154565,2.9488778,0.49624044,-0.2657103
1.0314891,1.0727304,1.3125021,0.04153754,0.42074516
3.4516237,3.1675482,3.4100268,0.5,0.2588974
1.2233589,1.24568,1.5573207,0.050949525,0.42089233
2.7639863,2.9767964,2.3412125,0.4857788,-0.748253
3.2195637,3.1995254,3.9439342,0.48799464,0.66058636
2.7367256,2.4212368,3.418286,0.5,0.7408209
2.6179566,2.6952283,2.2978852,0.5,-0.454706
2.309693,2.0023048,1.8131553,0.4073042,-0.18863726
2.411487,2.2293677,2.3088167,0.45922866,0.13556387
1.0438665,1.6110597,1.319973,0.021109018,-0.44453672
0.9883104,0.5771133,1.1963166,0.035226718,0.6598569
1.093454,1.3889456,0.72399193,0.05013675,-0.7208748
3.2640254,3.1503575,3.1758049,0.5,0.0058976794
3.823023,4.0218277,4.149989,0.5,0.18928096
0.64767164,0.36269048,0.5948227,0.0036814252,0.43831512
3.2480881,3.371338,3.4843926,0.5,0.13743398
2.4941146,2.2904117,3.2156055,0.47599262,0.72576475
2.1970258,2.5852103,2.1223977,0.36986038,-0.5669983
2.3801577,1.6676875,2.9675775,0.43265632,0.66991174
2.666983,2.8362155,2.8020403,0.4998376,-0.016076004
2.1831346,1.759429,2.259504,0.37464398,0.62845063
2.913029,2.8141463,2.4239204,0.5,-0.40769288
2.3456702,2.3159041,2.86855,0.43228704,0.66418004
1.9372195,2.5318184,3.1144533,0.26793358,0.71156996
2.5779214,1.9318947,0.47576383,0.48649964,-0.74730194
2.1943467,1.4086659,1.906725,0.35997757,0.6145731
1.0467876,1.7872134,2.096537,0.034941725,0.56149304
2.5752828,2.622387,3.1146255,0.5,0.5980005
1.8183728,1.1329324,1.6782544,0.2106842,0.665879
3.4767923,3.4279552,4.568778,0.5,0.70312345
1.0257217,0.9381352,0.9413198,0.039713167,0.04912501
2.1706665,2.1247523,2.4836106,0.36171693,0.41611117
2.5890245,2.8568733,2.9668565,0.4966275,0.15281336
3.0474458,2.3195426,0.98916805,0.5,-0.72183824
1.1814032,1.371654,1.6429969,0.055730272,0.41488442
3.7140284,3.7003183,4.945903,0.5,0.6975788
2.4501526,0.26088887,3.355883,0.48021117,0.6968642
3.350921,3.9388163,4.2687073,0.48327714,0.39210382
1.8502568,2.4873817,1.7268939,0.23901598,-0.66455364
1.9065553,2.8635416,2.2926729,0.26463726,-0.6835895
3.5929284,2.83703,4.6212664,0.5,0.7147822
2.305652,2.6641583,2.3018768,0.42116168,-0.46203268
1.0007913,1.5776503,1.0688723,0.03193908,-0.6530187
2.5509543,2.492973,0.72081906,0.483939,-0.70350456
3.4209044,3.56422,3.854236,0.5,0.36224923
2.1363738,2.980707,2.3357887,0.35270345,-0.7222258
1.2754267,1.3462229,1.645309,0.060962524,0.4446499
1.4355782,2.3795836,0.76819825,0.0858314,-0.73069555
2.332832,2.4501445,0.33565813,0.40920597,-0.69575316
3.1980147,3.6239572,3.0019665,0.5,-0.68462783
2.1621983,2.7605743,3.112789,0.36973178,0.40481287
1.8396132,1.5067021,1.9581428,0.21707143,0.49687478
2.1447124,2.5455172,2.409078,0.33365583,-0.16344902
0.7766237,0.7162408,1.4672786,0.0,0.693248
3.0704334,3.8776083,4.050657,0.5,0.1807418
2.8249536,2.875328,3.1470125,0.5,0.3407539
0.9428017,0.9772354,0.74848646,0.019854644,-0.37907168
2.6527781,0.6057818,2.5128233,0.5,0.7060309
1.1055765,1.2958196,0.9094313,0.023077426,-0.5469039
2.1557012,2.62456,2.4848757,0.3551646,-0.21481758
2.8235984,0.60226417,2.675641,0.47600368,0.71712065
1.3876896,2.7547686,0.54325724,0.053939056,-0.70031273
2.051368,2.0144546,1.3881495,0.30949074,-0.7093392
1.9562856,1.8063248,1.5716118,0.29168683,-0.26406252
1.9222268,0.72227496,1.9631863,0.27381468,0.68822175
3.0991514,3.4706223,3.080914,0.5,-0.46974063
2.591619,2.128935,1.9730172,0.4933657,-0.16488124
2.9696438,3.7771285,3.033395,0.49662238,-0.6937151
2.293214,2.3566597,3.267503,0.41893703,0.6589989
2.9449518,4.00949,3.3068376,0.4819028,-0.70635504
2.4182258,3.257045,3.6881561,0.4649881,0.5148086
1.6999053,2.1695251,1.8504199,0.14365518,-0.3353202
3.1527004,3.3368926,3.3488524,0.5,-0.027765602
0.84300435,0.5390324,1.1796328,0.015243161,0.7449349
2.446456,2.2391531,3.4869576,0.4612493,0.7303304
2.812814,2.4342053,0.84768677,0.5,-0.7301077
1.7190533,1.3316065,2.3457842,0.16471197,0.74618477
2.866983,3.1776397,3.257287,0.5,0.123684965
2.2033956,2.6067686,2.0019262,0.37136608,-0.6887796
2.479375,1.9081652,2.0852764,0.5,0.20971827
1.1360615,1.0886048,1.1212163,0.047284618,0.06970589
2.9640236,1.158797,3.9530628,0.4969663,0.67291105
2.5182195,3.4848843,3.5871782,0.5,0.12143116
2.5450392,1.7121819,1.9348726,0.48996177,0.23271126
1.0538149,2.252327,1.9203742,0.05149593,-0.5067289
0.5084172,1.0714363,1.7713464,0.00969318,0.68363285
2.7385552,1.604494,3.5476594,0.49318328,0.7089281
1.29096,0.63732934,1.243443,0.06750106,0.70909685
1.7932564,2.223112,2.378268,0.20743245,0.22477487
2.8767421,2.779446,2.3269386,0.49532595,-0.51662683
3.3597918,3.4028027,2.9121542,0.5,-0.5751003
2.1293674,3.4962425,3.59438,0.3495763,0.12910159
3.1626117,3.133885,3.1023746,0.5,-0.001281943
3.087272,2.6933045,2.6754446,0.5,-0.02462153
2.041579,2.681479,2.0634422,0.31933236,-0.6905724
2.1417239,1.7068102,3.3088326,0.3408187,0.7345456
3.6967533,4.223967,4.5029836,0.48790652,0.2826136
1.9195807,2.4252393,1.8218968,0.2667169,-0.7001311
2.2750998,3.3877954,2.3396204,0.4059547,-0.64318043
3.8224444,4.2020545,4.2767453,0.499722,0.083476715
2.2160249,2.319537,2.778304,0.3722071,0.5242048
3.417459,3.602388,3.8748708,0.48300835,0.36248514
2.0339844,3.299897,1.7139443,0.31259692,-0.6821091
2.6632621,2.9279497,2.7714937,0.5,-0.20317309
0.89487934,0.9365175,0.5200995,0.03447355,-0.6930154
2.3357964,2.4610455,2.9998307,0.42811418,0.6303289
2.6948004,3.098032,2.8460875,0.4950037,-0.3146412
2.9889348,3.049086,3.3922198,0.49761197,0.41314653
2.0504801,1.7825254,1.9122362,0.30608946,0.12062306
3.9475865,3.828023,4.485419,0.49183214,0.7234009
3.2799952,3.0210211,3.7288141,0.5,0.7457971
0.9095436,1.0374103,0.48549843,0.03440165,-0.66793877
0.9903294,0.8411291,1.5466508,0.030386362,0.73912483
0.6985622,0.7895581,0.33417073,0.0020882888,-0.7169437
2.3776927,2.5160246,2.2511065,0.44691962,-0.2899193
2.3181536,2.6806414,2.9579504,0.4202714,0.31236663
0.7659834,0.48766002,0.67425835,0.0020199006,0.36462185
1.7991587,2.857312,2.0444918,0.20222339,-0.69785637
2.5078006,3.3629904,2.7062876,0.49598685,-0.71585494
0.8447855,1.3396432,0.3198407,0.024094652,-0.6925825
2.2573195,2.723121,3.0895126,0.4063176,0.42086288
1.6456195,0.7392607,2.5800295,0.13654503,0.69520044
0.8093058,0.52623737,1.2601569,0.0051752487,0.7219405
3.0639272,2.9875276,3.1175578,0.4974426,0.13242896
0.8737278,0.43868566,0.2802458,0.014492558,-0.24326524
1.9397769,1.9466822,2.804727,0.28039178,0.67588776
3.3852305,4.689368,0.49355438,0.5,-0.69626886
1.0529658,0.79150146,1.0151569,0.021898936,0.35487175
1.4126382,2.3641706,1.503847,0.057958983,-0.685781
0.9401083,1.8834211,0.2,0.028081283,-0.7152922
2.719386,2.484142,3.3234503,0.48076233,0.7081295
3.675415,3.8252068,4.005479,0.4940177,0.17618081
3.0063815,3.0108285,3.6779182,0.5,0.7051988
1.7125161,0.8497714,1.7541136,0.17199521,0.6719463
1.076096,1.5418793,0.583132,0.020982867,-0.65739036
0.4295881,1.4665153,0.70260787,0.020160766,-0.72654694
2.8182025,3.1512232,2.3669202,0.49648315,-0.7010136
1.2534459,1.8249307,1.7411911,0.059585843,-0.12836242
1.9424844,1.7968377,2.4216442,0.25431055,0.7144338
1.124718,0.6095607,2.4680927,0.034744825,0.6915252
3.244082,3.750709,0.7696082,0.4945131,-0.7024803
2.5493283,2.7612984,2.9058232,0.49232864,0.14656167
2.7066467,3.194104,2.80562,0.49177817,-0.4601918
2.0395555,2.868771,2.6668954,0.28856456,-0.23617987
1.1718644,1.4973018,1.5326616,0.04242914,0.04270303
2.3153105,2.8932834,2.347328,0.42421228,-0.61631787
0.846557,1.5623995,0.21963276,0.0,-0.71267366
2.7270482,2.8378184,4.141283,0.5,0.6452853
2.341629,2.3210835,0.4148923,0.44473144,-0.69454247
2.3685985,3.6527731,2.9513903,0.43973458,-0.68761164
0.49391904,0.9137096,0.75252944,0.0,-0.3536602
0.92370266,1.2884948,2.0701597,0.037781093,0.6778562
1.3827771,0.7593936,2.0086403,0.07716275,0.6775779
2.7969327,3.1793845,2.3796754,0.5,-0.7136338
2.6492236,2.9417994,2.7265,0.49431267,-0.2525079
0.603586,0.35246375,1.138029,0.0058887214,0.7202363
1.0083977,1.5613871,1.7930365,0.0360073,0.37420514
0.78244257,0.85709584,0.81557375,0.0,-0.057706516
3.0024676,2.0759332,3.9739988,0.49836975,0.69734
0.75829375,0.70148826,0.29214102,0.018661007,-0.7399048
2.789859,0.52099085,2.8441045,0.5,0.68094254
1.1184549,0.37508437,1.161516,0.049719967,0.67990357
2.3109617,3.7835348,3.059999,0.42119023,-0.69463134
2.3536112,2.7534885,3.2076356,0.42952338,0.53805953
2.4800806,3.826072,3.4158683,0.5,-0.50820524
1.0296968,0.65296453,0.59235454,0.048445217,-0.11311795
2.5372758,2.1842349,0.4933066,0.5,-0.67921704
3.1821463,3.2483132,2.5973861,0.5,-0.697387
3.1988008,2.7717154,3.4834137,0.5,0.7443296
1.2882726,1.2880197,2.331014,0.08412617,0.72182465
2.9801393,4.046432,4.2425237,0.5,0.29551765
3.7956736,3.8663774,4.2608857,0.48612264,0.48146567
1.7219449,1.1233902,2.0722554,0.18239327,0.72426033
3.226224,0.47261435,3.393501,0.4886489,0.67489
3.5353315,4.3586283,1.0093948,0.4929424,-0.7043928
2.9008248,2.1409543,3.8271456,0.49042574,0.67226225
3.6905897,0.6755232,3.5457299,0.49959752,0.7136861
3.6728115,3.8638089,3.7146027,0.5,-0.19264857
2.3825426,2.0572338,2.6403494,0.4480839,0.71427417
2.4579592,2.5552497,2.297501,0.48303643,-0.29308832
2.9365494,3.8884,3.405146,0.5,-0.5594172
2.1930969,2.1773276,3.1900804,0.37847373,0.7272952
4.2305408,4.6395483,0.44281563,0.5,-0.70968634
3.0497708,3.4809613,2.9841104,0.5,-0.55823106
0.7960267,0.5710951,0.6154155,0.005418778,0.10341218
1.3505558,1.0606807,0.8962801,0.06173884,-0.25107303
2.772361,3.4508793,2.9086623,0.4978364,-0.62500334
1.8831066,2.139116,1.6778587,0.22441027,-0.52604836
1.3009809,1.5178232,1.5772316,0.05146135,0.057684913
1.1010239,1.2525038,0.79723275,0.03816441,-0.67262304
3.3990448,3.5972698,2.9347818,0.5,-0.69359416
2.3522105,2.6858726,1.5581554,0.42961285,-0.6619944
1.5706652,1.2211764,2.1096137,0.11018028,0.7221676
2.608812,2.9871,2.0903752,0.5,-0.628374
2.6208467,2.2920117,3.1242833,0.4867834,0.7305787
0.48497397,1.8743054,0.37290534,0.0048931357,-0.7043925
3.3847575,3.9250321,3.799529,0.49814034,-0.15725142
2.8432271,3.1734388,2.9763098,0.496056,-0.24417764
0.7774614,0.4580779,1.0656825,0.008952405,0.6636311
2.4673834,0.68270534,3.1330042,0.49931678,0.6936462
2.8486497,2.840139,2.698074,0.5,-0.20865321
0.40501294,0.6860049,1.3442386,6.0783036e-06,0.6771183
2.7376044,2.6356072,3.3565884,0.5,0.68652135
2.1990328,1.4449825,2.2040627,0.37902716,0.6874723
3.3670218,4.4068856,3.4792867,0.5,-0.6500996
2.6357913,3.128941,2.9174633,0.4981608,-0.26197162
1.0221323,1.0307902,1.0097777,0.019788802,-0.07619108
2.8160899,0.9076254,2.1579752,0.5,0.6937749
1.1144631,1.274657,0.8680039,0.045175146,-0.62285167
1.5923526,2.4550977,1.3532431,0.108055726,-0.7030281
0.8950508,0.2944061,0.8463713,0.022223432,0.7144659
2.020013,2.0523827,0.7549477,0.2862964,-0.7001026
0.98332596,1.0338465,1.5677309,0.012446217,0.7640571
2.0532663,1.6762264,2.2586296,0.30079877,0.73502815
0.54176384,0.27145547,0.5185137,0.0,0.46831468
0.85230607,1.1038682,0.609369,0.008698717,-0.69441843
2.44998,2.616406,2.6969192,0.4752285,0.106068045
3.0639963,3.157704,3.773358,0.5,0.75786865
2.6345568,2.5898304,1.889149,0.49565923,-0.70233196
3.0084424,3.6377227,2.3721952,0.5,-0.73729366
2.778946,2.4097009,2.4974568,0.5,0.11366532
2.9318037,3.099687,2.4499042,0.5,-0.69828933
0.8017273,0.52516454,0.24450734,0.0,-0.49838963
0.7086618,0.6441741,0.88608897,0.0,0.5115774
1.8861804,0.9495442,2.0644698,0.2541365,0.7320617
2.530488,2.7029223,2.5919504,0.4895836,-0.1308315
3.2685573,3.1336012,3.555595,0.49499115,0.54285365
2.5237443,2.8688447,2.6591184,0.49638277,-0.30707604
1.0565317,2.782256,0.86676353,0.032321922,-0.66628236
3.995227,4.2919316,3.98063,0.5,-0.3778804
3.4442585,3.9002957,3.748945,0.49669477,-0.15165737
2.6374214,0.5402762,2.304955,0.47985372,0.72827506
2.0063896,2.2906556,2.338796,0.2983838,0.027638128
1.2282164,1.3839203,0.2,0.052259207,-0.6552142
3.0318253,2.886489,3.2054636,0.5,0.36892286
3.3570127,3.107879,0.6584597,0.4973011,-0.76634884
2.849234,0.8781041,2.5388222,0.5,0.71773666
1.550123,1.4342214,2.3498342,0.10341215,0.66939706
2.6728346,2.451431,3.4931047,0.49786484,0.72056526
2.2954092,3.161819,2.561688,0.41581774,-0.7054577
2.6282887,3.5977411,3.6932514,0.5,0.12211211
3.7460802,3.535019,3.5774472,0.4873445,0.010035672
1.0271902,0.531188,1.6529915,0.027080333,0.69188696
0.85314727,0.26085806,1.6958351,0.01890846,0.6884929
2.4979398,2.2971878,2.1982749,0.49944127,-0.13066466
2.8226764,2.4641197,3.1285253,0.5,0.76378953
0.66314083,0.58354807,0.55894876,0.009497234,-0.04153655
2.9210227,3.1656406,3.535205,0.49450064,0.42197943
1.1439116,0.7621955,2.2472103,0.04298412,0.6699028
2.1161432,2.0405822,2.061588,0.3276449,0.016302688
3.0306318,2.7802486,0.5358949,0.5,-0.6390483
1.2553196,1.5804292,1.24444,0.067906104,-0.46121323
0.84462357,1.1573615,2.3031802,0.021977028,0.64448214
2.9006517,3.8933208,2.7007246,0.5,-0.75345844
3.3188508,2.669333,0.8243529,0.5,-0.7082634
1.1779937,1.9665073,1.6232485,0.05012679,-0.41696772
1.124463,1.9659138,1.2920673,0.0570975,-0.74515516
2.5845776,2.467107,4.0496993,0.49749365,0.71702886
2.801053,2.732053,4.0176096,0.5,0.72485816
3.4866443,0.70019925,4.025738,0.48875478,0.7445461
3.1427572,3.8718538,3.813978,0.5,-0.07413835
3.164453,2.331442,3.7328537,0.49771366,0.67911613
2.644285,2.5338445,3.3580809,0.49133807,0.70156467
0.8920771,1.3295751,1.3753065,0.015063656,0.099667355
0.9401211,1.1807566,0.6308735,0.03409009,-0.6986649
1.6427742,1.8174607,1.4049926,0.14841446,-0.50836784
1.5115923,0.9478376,2.188264,0.08352615,0.7037924
2.3243532,2.2476172,2.2634056,0.41551992,0.063785255
2.9740155,2.9118252,3.8250058,0.49825048,0.74473023
2.123578,1.8059812,2.7334678,0.34048098,0.7186198
2.183086,2.933946,0.38360515,0.37248257,-0.6925158
3.5047042,3.452596,3.0975595,0.49290967,-0.4274994
3.0359893,2.8255446,2.5465553,0.48799768,-0.34420794
2.4519615,3.5748196,3.0175807,0.47247598,-0.6926951
2.1446595,2.5197766,2.8247159,0.36031383,0.3342916
3.1371033,3.4671028,3.1844893,0.5,-0.37292972
3.1365585,3.2383268,3.3158207,0.48387337,0.06408633
2.9609084,2.8774095,3.3551915,0.5,0.58000463
2.526693,2.2661707,3.1504896,0.5,0.6836454
0.82316244,0.46268567,0.8666775,0.014665469,0.73116004
2.55903,0.9654745,2.977312,0.49534035,0.6852948
3.4421375,2.9100807,3.6031482,0.5,0.6303196
2.045254,2.7397983,1.4487146,0.3040119,-0.66527724
2.584974,2.4526389,3.5309732,0.5,0.71248114
3.6232703,4.1772337,3.963651,0.5,-0.20239747
2.39301,2.2062733,2.540881,0.45736402,0.39497936
2.4929051,2.8998678,2.3618548,0.5,-0.6103717
0.7933719,0.82241917,0.6365176,0.010335738,-0.28854558
0.8162985,0.6794469,0.24374078,0.018402131,-0.73204833
2.132776,2.1101916,1.7724952,0.35509753,-0.42473865
0.7204327,0.97477216,0.39044163,0.0,-0.6870029
2.0091376,1.5730567,1.933268,0.28976592,0.45548427
2.711963,3.6581182,1.0261177,0.4952323,-0.61999655
